id;nome;data_nascimento;curso_id;turma_id;salario_medio;trabalha;cidade;estado;uso_alcool;fuma;uso_drogas;problemas_mentais;frequencia_percentual;media_notas;avaliacoes_realizadas
1;XXXXXXXXXXXXXXXXXXXXXXXXXXXXXXXXXXXXXXXXXXXXXXXXXXXXXXXXXXXXXXXXXXXXXXXXXXXXXXXXXXXXXXXXXXXXXXXXXXXXXXXXXXXXXX;1997-10-29;4;15;2474.93;0.0;Porto;ES;0.0;;1.0;;50.0;3.73;3
2;Srta. Zoe Peixoto;1997-03-18;6;13;4731.11;1.0;Camargo;ES;1.0;1.0;0.0;Modi voluptatum quisquam repudiandae.;33.33;7.71;1
3;Sra. Aurora Macedo;2007-03-07;9;19;2340.42;1.0;Machado;PR;0.0;1.0;1.0;Est atque itaque quo eos inventore dicta.;16.67;6.74;2
4;Milena Rios;2001-11-24;10;20;4919.8;1.0;Marques da Mata;;0.0;1.0;1.0;;0.0;4.48;2
5;José Miguel Cassiano;1998-07-12;1;18;2883.93;1.0;Vargas de Vargas;RN;1.0;1.0;0.0;Earum reiciendis sint aliquam nesciunt officiis doloribus illo.;20.0;9.27;1
6;Jade Vieira;1995-07-21;4;20;3740.17;0.0;Andrade;CE;1.0;0.0;1.0;Esse ipsa nemo praesentium vitae quaerat laboriosam tempora.;75.0;;0
7;Luiza Barros;2001-05-16;6;20;3182.08;0.0;Peixoto do Sul;PR;0.0;0.0;1.0;Illo rem excepturi molestiae.;25.0;2.68;1
8;Dr. Oliver Ferreira;1998-04-27;2;20;2782.14;0.0;XXXXXXXXXXXXXXXXXXXXXXXXXXXXXXXXXXXXXXXXXXXXXXXXXXXXXXXXXXXX;RJ;0.0;1.0;0.0;;25.0;1.38;1
9;Sr. Bernardo Costela;2000-02-16;1;6;3929.86;0.0;Dias da Mata;RR;1.0;0.0;0.0;Aperiam voluptatem iure est odit quaerat.;100.0;4.73;3
10;Eloá Cunha;1999-02-07;3;18;1892.12;1.0;Cavalcanti;SE;0.0;0.0;1.0;Esse perspiciatis in voluptate amet occaecati eius.;50.0;1.8;1
11;Luigi Lopes;1995-04-29;4;7;;1.0;Viana;MS;0.0;1.0;0.0;;0.0;4.46;1
12;Cecilia Casa Grande;2006-03-08;6;19;1542.37;0.0;Lopes;SE;0.0;1.0;0.0;Saepe modi nulla cum illo nemo.;;4.84;3
13;;1996-12-26;6;9;3431.48;0.0;da Costa de Mendes;MT;1.0;1.0;0.0;;66.67;7.64;1
14;Heitor da Paz;2003-02-15;10;17;4023.54;0.0;Pereira;RR;0.0;1.0;0.0;;100.0;5.42;2
15;Ana Júlia Silva;2005-04-07;2;7;4103.04;1.0;Peixoto;MT;0.0;0.0;1.0;;100.0;;0
16;Manuella Ribeiro;1996-12-07;6;7;2453.29;0.0;Azevedo do Oeste;AC;1.0;0.0;1.0;;42.86;3.73;1
17;Eduardo Caldeira;2003-09-14;2;1;4991.68;0.0;XXXXXXXXXXXXXXXXXXXXXXXXXXXXXXXXXXXXXXXXXXXXXXXXXXXXXXXXXXXX;PI;1.0;0.0;1.0;Aliquid ratione iusto ea veniam quia aut.;40.0;;0
18;Srta. Carolina Pereira;2002-03-02;2;13;3529.96;1.0;Nogueira dos Dourados;MA;0.0;0.0;0.0;;20.0;7.15;1
19;Daniel Marques;1999-11-24;6;4;1531.78;0.0;Andrade de Sampaio;SP;0.0;1.0;0.0;;50.0;0.22;1
20;Ana Carolina Rocha;2005-05-26;2;14;2305.79;1.0;da Cunha;RN;0.0;1.0;0.0;;33.33;4.48;3
21;Lorena Vieira;1995-02-07;9;12;2821.31;1.0;Pimenta do Amparo;RS;1.0;0.0;1.0;;33.33;8.65;1
22;Maria Flor Viana;1998-08-03;6;1;2548.14;0.0;Oliveira de Farias;MS;1.0;1.0;1.0;;33.33;;0
23;Ana Carolina Teixeira;2000-06-07;3;8;1352.66;0.0;Cavalcanti de Barbosa;SP;1.0;0.0;0.0;;100.0;7.98;2
24;Asafe Campos;2004-12-30;10;3;4655.9;;Viana;ES;;1.0;1.0;;50.0;;0
25;José da Rocha;1999-09-24;9;13;0.0;0.0;Barbosa da Mata;RN;0.0;1.0;0.0;;75.0;;0
26;Helena da Conceição;2005-08-07;5;6;1333.94;1.0;Mendes do Amparo;MG;0.0;1.0;;Amet non nesciunt.;50.0;8.77;1
27;Olívia Dias;2006-04-06;6;13;2376.66;1.0;Correia;SC;0.0;0.0;0.0;;;4.58;2
28;Vinícius Vasconcelos;1995-11-27;1;17;4741.5;1.0;da Cruz de Fonseca;ES;0.0;1.0;0.0;;33.33;0.51;1
29;Maria Flor Cavalcante;2000-10-18;8;12;4495.15;1.0;Nunes;AL;0.0;0.0;1.0;Suscipit impedit officia ex iusto fuga deleniti.;66.67;3.84;1
30;Evelyn das Neves;1999-07-03;9;8;1055.31;1.0;Rios;PR;0.0;0.0;0.0;;33.33;7.68;1
31;Pietro Abreu;1997-04-01;3;6;513.85;1.0;Dias;PA;1.0;1.0;1.0;;50.0;4.88;2
32;Enzo Aparecida;1998-03-17;5;9;1835.08;0.0;Câmara do Sul;MG;0.0;1.0;0.0;;50.0;5.75;4
33;Ísis Correia;1996-09-26;8;4;4780.37;0.0;Souza da Mata;AC;1.0;0.0;0.0;;57.14;;0
34;Esther da Mota;2003-03-04;3;7;4464.6;1.0;Jesus do Sul;PE;0.0;0.0;0.0;;50.0;2.95;1
35;Luana Campos;1997-07-23;10;9;4042.7;0.0;Sales;SE;1.0;0.0;1.0;;50.0;;0
36;!!!INVALID_DATA!!!;2006-08-16;8;1;2793.7;0.0;Fogaça de Aparecida;CE;1.0;1.0;1.0;Beatae delectus illo debitis dolorum nihil repellendus dolorum.;50.0;7.18;3
37;Vitória Fogaça;2006-06-04;8;15;1474.21;0.0;da Cruz;CE;0.0;1.0;0.0;;0.0;7.04;3
38;Henrique Jesus;1999-06-02;5;16;1964.98;0.0;Silveira das Flores;PR;1.0;0.0;1.0;;100.0;4.71;3
39;Davi Lucas da Rocha;2005-12-01;6;15;2671.74;0.0;Pereira;BA;0.0;1.0;1.0;;33.33;;0
40;Gael Rios;1999-04-02;4;10;1202.63;1.0;Caldeira Paulista;PR;1.0;1.0;0.0;;66.67;7.09;1
41;Joana da Cunha;2005-04-10;10;5;4380.61;0.0;da Luz do Norte;GO;1.0;0.0;0.0;;25.0;6.62;5
42;Bianca Cardoso;1996-02-17;10;2;1470.69;0.0;XXXXXXXXXXXXXXXXXXXXXXXXXXXXXXXXXXXXXXXXXXXXXXXXXXXXXXXXXXXX;SE;0.0;0.0;0.0;;60.0;5.66;1
43;Rafaela Andrade;1994-11-06;4;6;4258.37;0.0;;RJ;0.0;1.0;1.0;Ex consequuntur blanditiis facilis et.;50.0;5.37;3
44;Sofia Novais;1995-03-04;3;15;4333.57;1.0;Costa;PA;0.0;1.0;0.0;;33.33;;0
45;Alexia Viana;1998-06-13;2;15;4153.48;0.0;Araújo do Campo;SC;1.0;0.0;1.0;;50.0;8.45;2
46;Leandro Costa;2001-05-04;2;12;3986.32;1.0;Abreu dos Dourados;PB;1.0;1.0;1.0;;50.0;4.56;6
47;Lucas Araújo;2003-01-31;6;2;2100.62;0.0;Siqueira;GO;0.0;0.0;1.0;;25.0;7.45;1
48;Carlos Eduardo Pimenta;1998-03-04;8;13;1064.68;;Sampaio;ES;1.0;1.0;0.0;XXXXXXXXXXXXXXXXXXXXXXXXXXXXXXXXXXXXXXXXXXXXXXXXXXXXXXXXXXXXXXXXXXXXXXXXXXXXXXXXXXXXXXXXXXXXXXXXXXXXXXXXXXXXXXXXXXXXXXXXXXXXXXXXXXXXXXXXXXXXXXXXXXXXXXXXXXXXXXXXXXXXXXXXXXXXXXXXXXXXXXXXXXXXXXXXXXXXXXXXXXXXXXXXXX;57.14;6.83;4
49;Anthony Andrade;1999-05-10;9;19;4553.92;0.0;XXXXXXXXXXXXXXXXXXXXXXXXXXXXXXXXXXXXXXXXXXXXXXXXXXXXXXXXXXXX;ES;0.0;0.0;0.0;;25.0;3.11;2
50;Marcelo Souza;2006-10-05;6;2;1219.98;1.0;;RR;0.0;1.0;1.0;Et dignissimos corporis laboriosam harum eaque blanditiis.;50.0;5.15;2
51;José Pedro Moura;1997-07-12;3;9;4440.87;0.0;Camargo de das Neves;ES;0.0;0.0;1.0;;66.67;;0
52;Heitor Nascimento;2004-10-06;2;11;1412.94;1.0;Cassiano;SP;1.0;0.0;0.0;;75.0;5.36;2
53;Erick Borges;2000-08-10;3;5;1553.53;1.0;Camargo do Sul;MG;1.0;1.0;1.0;;66.67;;0
54;Clarice Pacheco;2004-11-02;5;10;3405.0;0.0;Moura de Duarte;SP;1.0;1.0;1.0;XXXXXXXXXXXXXXXXXXXXXXXXXXXXXXXXXXXXXXXXXXXXXXXXXXXXXXXXXXXXXXXXXXXXXXXXXXXXXXXXXXXXXXXXXXXXXXXXXXXXXXXXXXXXXXXXXXXXXXXXXXXXXXXXXXXXXXXXXXXXXXXXXXXXXXXXXXXXXXXXXXXXXXXXXXXXXXXXXXXXXXXXXXXXXXXXXXXXXXXXXXXXXXXXXX;50.0;6.69;1
55;Isaque Monteiro;2003-01-25;1;19;4876.14;0.0;Monteiro;AL;1.0;0.0;1.0;Quaerat repellendus alias.;25.0;6.85;2
56;Anthony da Rosa;2001-11-28;6;4;1662.24;0.0;Melo de Ramos;MG;1.0;1.0;1.0;;66.67;2.5;3
57;Pietra Porto;2000-12-01;6;17;4775.08;0.0;Cirino;AL;1.0;0.0;0.0;;66.67;9.66;1
58;Gustavo Rezende;2006-01-06;6;6;2316.32;1.0;Sales;MS;0.0;1.0;0.0;;50.0;2.45;2
59;Ísis Santos;2000-08-13;7;8;3640.99;0.0;Almeida;AP;0.0;1.0;1.0;;0.0;6.27;4
60;Rebeca Novais;2002-02-20;9;16;598.25;0.0;Leão;PE;0.0;1.0;1.0;;100.0;5.39;5
61;Sr. João Vitor da Cruz;1999-02-08;8;13;3839.73;0.0;Castro;AP;0.0;1.0;0.0;;42.86;;0
62;Ana Vitória Cavalcanti;2003-08-19;10;17;2221.47;1.0;Fonseca de Pereira;RR;0.0;1.0;1.0;;37.5;;0
63;XXXXXXXXXXXXXXXXXXXXXXXXXXXXXXXXXXXXXXXXXXXXXXXXXXXXXXXXXXXXXXXXXXXXXXXXXXXXXXXXXXXXXXXXXXXXXXXXXXXXXXXXXXXXXX;1996-02-19;3;17;4981.16;1.0;Monteiro do Sul;AP;0.0;0.0;0.0;;66.67;8.13;2
64;João Vitor Siqueira;2001-07-22;7;19;1355.88;1.0;Jesus;PB;0.0;0.0;1.0;;0.0;;0
65;Lívia Costela;1995-01-18;8;10;2711.69;0.0;Macedo;RN;0.0;1.0;1.0;;33.33;4.84;2
66;Lara Teixeira;1998-05-08;8;18;3413.7;0.0;Teixeira;CE;0.0;0.0;0.0;;100.0;2.68;4
67;Marcela Machado;2000-01-13;4;8;3282.45;1.0;Cassiano da Serra;SP;0.0;1.0;1.0;;75.0;7.49;2
68;Raul Rezende;2002-12-25;3;12;4623.74;0.0;Santos do Campo;ES;0.0;1.0;1.0;;100.0;8.03;1
69;Sarah Nunes;1995-07-22;3;3;2801.46;0.0;;PA;0.0;1.0;1.0;;66.67;4.76;2
70;Raul Cirino;2002-09-17;6;1;4183.0;0.0;Nogueira dos Dourados;BA;1.0;;1.0;;0.0;2.85;3
71;!!!INVALID_DATA!!!;2004-05-09;9;7;3561.27;1.0;Macedo de Oliveira;CE;1.0;1.0;1.0;;50.0;;0
72;Calebe Fernandes;2000-01-01;8;15;2297.16;0.0;Nascimento do Galho;TO;1.0;1.0;0.0;;100.0;7.67;1
73;Cecilia Pinto;1999-02-20;9;3;2349.23;0.0;das Neves;MT;0.0;0.0;0.0;;66.67;2.83;2
74;Ravy da Cunha;2004-04-18;1;14;2334.25;0.0;Vargas da Mata;PE;1.0;1.0;1.0;;100.0;2.68;2
75;Davi Luiz Brito;1997-01-18;10;13;1145.92;1.0;Andrade;CE;0.0;1.0;0.0;;0.0;3.9;4
76;XXXXXXXXXXXXXXXXXXXXXXXXXXXXXXXXXXXXXXXXXXXXXXXXXXXXXXXXXXXXXXXXXXXXXXXXXXXXXXXXXXXXXXXXXXXXXXXXXXXXXXXXXXXXXX;2004-09-19;2;3;2361.07;0.0;Carvalho Verde;MA;0.0;0.0;0.0;Doloribus unde maxime debitis ab earum.;66.67;;0
77;Sr. Lucca Martins;2006-11-08;10;7;4955.14;1.0;Cardoso de Campos;AM;0.0;0.0;1.0;Impedit molestias asperiores assumenda nihil dolore.;100.0;3.35;2
78;Dra. Yasmin da Rocha;2005-10-25;9;4;3226.77;1.0;Camargo;AP;0.0;0.0;1.0;;42.86;1.43;1
79;Kevin Borges;2003-09-30;5;12;1584.75;0.0;Pastor da Serra;RR;0.0;0.0;1.0;;50.0;;0
80;Ana Carolina Cavalcante;2006-12-26;3;9;3348.5;1.0;Leão;!!;0.0;0.0;0.0;;50.0;4.83;1
81;Sarah Moraes;2004-11-03;3;11;610.2;1.0;da Rosa;XX;0.0;1.0;0.0;;33.33;7.88;2
82;Luna Pacheco;1995-03-17;10;13;2538.48;0.0;Vasconcelos;AC;1.0;0.0;0.0;!!!INVALID_DATA!!!;20.0;5.81;1
83;Maria Isis Duarte;2006-12-28;7;19;3377.35;0.0;Pires;RJ;0.0;1.0;0.0;;0.0;4.88;2
84;Lucas Almeida;2002-04-13;2;13;3395.46;0.0;Sampaio;MT;1.0;1.0;1.0;Architecto tenetur cumque facere ea ipsum amet.;66.67;1.58;2
85;Alana Macedo;2007-04-21;3;16;3032.93;1.0;Cavalcanti do Galho;RR;1.0;0.0;1.0;;0.0;5.64;2
86;João Cirino;1996-09-13;9;8;2071.02;0.0;Barbosa do Galho;AM;0.0;0.0;1.0;Est aperiam facere sunt incidunt error dolorem.;66.67;4.84;2
87;Dra. Laís Oliveira;1997-12-14;3;2;653.54;0.0;Mendonça;PB;1.0;1.0;;;100.0;6.22;1
88;Anna Liz Viana;1997-10-20;9;9;704.99;1.0;Barbosa Verde;RS;0.0;1.0;1.0;;;5.71;2
89;XXXXXXXXXXXXXXXXXXXXXXXXXXXXXXXXXXXXXXXXXXXXXXXXXXXXXXXXXXXXXXXXXXXXXXXXXXXXXXXXXXXXXXXXXXXXXXXXXXXXXXXXXXXXXX;1999-12-22;3;7;4922.07;0.0;Melo;RN;0.0;1.0;1.0;;100.0;9.18;1
90;Dr. Henry Macedo;2000-05-02;7;18;779.56;0.0;Farias;MG;1.0;0.0;0.0;;33.33;7.68;2
91;Antonella Mendonça;2002-10-15;5;13;1722.56;0.0;Fogaça das Pedras;XX;0.0;0.0;0.0;;0.0;;0
92;Lívia Moura;2000-09-30;4;17;1590.99;1.0;Gonçalves de Pimenta;MT;0.0;0.0;1.0;;100.0;4.57;2
93;Thomas Silva;2006-01-14;10;20;4045.92;0.0;XXXXXXXXXXXXXXXXXXXXXXXXXXXXXXXXXXXXXXXXXXXXXXXXXXXXXXXXXXXX;PI;1.0;1.0;1.0;;50.0;;0
94;João Freitas;1997-01-18;8;8;3337.31;1.0;;PE;1.0;1.0;1.0;;100.0;3.17;3
95;Luísa Silva;2006-07-29;6;15;661.41;0.0;XXXXXXXXXXXXXXXXXXXXXXXXXXXXXXXXXXXXXXXXXXXXXXXXXXXXXXXXXXXX;!!;0.0;1.0;0.0;;0.0;7.44;1
96;Ana Liz da Costa;1995-07-19;1;6;3067.2;1.0;XXXXXXXXXXXXXXXXXXXXXXXXXXXXXXXXXXXXXXXXXXXXXXXXXXXXXXXXXXXX;PR;0.0;1.0;1.0;;0.0;1.85;1
97;Mariah Mendes;1996-11-17;5;18;4166.42;1.0;Nascimento do Oeste;TO;0.0;1.0;0.0;;75.0;3.17;1
98;Luiz Miguel Pires;2003-01-22;4;12;2778.81;1.0;Fonseca;MS;1.0;1.0;0.0;;;5.69;1
99;Bella Câmara;2002-06-13;1;14;2673.16;1.0;Monteiro;!!;0.0;1.0;0.0;;75.0;5.96;2
100;Luigi Souza;2002-07-15;9;7;4852.48;0.0;!!!INVALID_DATA!!!;AC;0.0;0.0;0.0;Velit vitae accusantium inventore.;66.67;3.21;1
101;Esther Fonseca;1996-04-23;6;20;4371.66;1.0;Barbosa;SC;0.0;1.0;0.0;Enim nam enim.;100.0;6.19;2
102;Lívia Moraes;;8;18;625.41;0.0;Pimenta;PI;1.0;1.0;0.0;;25.0;4.25;2
103;Srta. Zoe Teixeira;2002-11-07;8;8;1780.96;0.0;Campos;TO;0.0;0.0;0.0;;25.0;3.75;1
104;Vicente Sá;;3;13;;1.0;Correia;AM;1.0;0.0;1.0;;20.0;9.41;1
105;Luigi Brito;1998-06-14;4;2;4686.79;0.0;da Cunha de Machado;GO;0.0;1.0;1.0;Optio necessitatibus animi ratione labore.;0.0;;0
106;Allana Pinto;2005-04-12;5;13;4588.31;0.0;Carvalho do Galho;GO;0.0;1.0;1.0;;100.0;1.12;1
107;Yuri Macedo;2000-04-01;2;4;1625.14;1.0;Caldeira das Pedras;PA;0.0;0.0;1.0;;66.67;4.66;5
108;Lucca Araújo;2000-07-02;9;7;2929.4;0.0;Costela;PE;1.0;0.0;;Dolorum cupiditate eum porro quibusdam blanditiis.;100.0;3.44;1
109;Pedro Gomes;1998-06-07;2;10;530.32;0.0;Souza do Amparo;SE;1.0;0.0;1.0;Sint a exercitationem sequi officia explicabo necessitatibus.;66.67;0.69;1
110;Brayan Rios;1998-04-07;1;1;2476.74;1.0;Castro;GO;1.0;0.0;0.0;;0.0;5.03;3
111;Pedro Henrique Viana;2007-04-18;8;20;4696.33;1.0;Costa de da Paz;AC;1.0;1.0;0.0;;25.0;6.3;2
112;Emanuel Marques;2006-08-18;6;8;3127.87;1.0;Dias da Serra;RS;1.0;0.0;1.0;Nostrum repellendus repudiandae blanditiis.;;8.47;1
113;Thomas Moreira;2005-04-09;8;9;;0.0;Porto de Goiás;SP;0.0;0.0;1.0;;60.0;4.07;2
114;Emanuella da Cruz;2001-04-17;8;1;;1.0;Gomes;ES;1.0;1.0;1.0;;66.67;9.76;1
115;Luana Moreira;1998-04-19;10;11;1507.24;0.0;Porto;MG;1.0;1.0;1.0;;0.0;5.91;4
116;Maria Isis Casa Grande;2005-12-30;10;6;4768.79;0.0;Andrade;MA;1.0;0.0;0.0;;100.0;6.66;2
117;Manuella Brito;2004-02-04;2;16;2451.78;1.0;da Conceição dos Dourados;AL;0.0;0.0;1.0;;100.0;9.55;1
118;Sra. Mariah da Cunha;1998-05-13;1;20;816.05;0.0;Aparecida Paulista;XX;0.0;1.0;1.0;;25.0;6.62;4
119;Clarice Dias;2000-07-03;3;18;1729.05;1.0;Araújo de Moreira;RJ;1.0;1.0;1.0;;0.0;8.09;1
120;Enzo Gabriel Montenegro;1996-11-19;5;18;1842.93;0.0;Pastor de Souza;RR;0.0;0.0;;At molestias officia ducimus.;50.0;0.24;1
121;Brayan Carvalho;2003-11-03;1;14;2762.31;1.0;Santos;AP;1.0;0.0;1.0;Laudantium ad aut est corporis voluptate officia eius.;66.67;0.87;2
122;Anthony Gonçalves;1994-05-09;2;11;2548.49;0.0;Correia;ES;0.0;0.0;1.0;;16.67;5.15;3
123;Srta. Mariane Silva;;2;5;1218.15;0.0;da Conceição;MA;0.0;1.0;0.0;;25.0;;0
124;Kamilly Santos;1998-08-04;10;6;2658.24;0.0;Aragão;MA;0.0;1.0;0.0;;100.0;0.73;1
125;Valentina Borges;2003-12-13;10;7;1356.26;1.0;das Neves das Flores;AP;1.0;0.0;1.0;;0.0;6.45;2
126;Nina Rocha;2003-12-14;10;20;2696.27;1.0;das Neves do Norte;PE;1.0;1.0;0.0;;100.0;5.85;3
127;Dr. Yuri Caldeira;2003-11-28;10;2;2652.19;1.0;Pimenta;PA;0.0;0.0;1.0;;66.67;3.36;2
128;Alexia Nogueira;1996-10-13;7;7;1420.86;0.0;da Luz;DF;1.0;1.0;0.0;;25.0;8.06;1
129;XXXXXXXXXXXXXXXXXXXXXXXXXXXXXXXXXXXXXXXXXXXXXXXXXXXXXXXXXXXXXXXXXXXXXXXXXXXXXXXXXXXXXXXXXXXXXXXXXXXXXXXXXXXXXX;1995-12-15;6;13;2898.01;1.0;Martins;XX;0.0;1.0;1.0;;50.0;6.65;2
130;Davi Luiz Vargas;1995-07-18;9;10;2984.32;0.0;Gonçalves;MS;1.0;0.0;1.0;;66.67;9.86;1
131;João Vitor Abreu;2002-07-15;8;3;2832.46;1.0;Brito de Moraes;SE;1.0;0.0;0.0;;0.0;6.77;2
132;Gael Henrique Brito;1996-01-08;1;19;732.45;0.0;Jesus;AP;1.0;0.0;0.0;;25.0;3.54;3
133;Benjamin Cavalcante;1997-10-06;3;3;767.89;1.0;Rios de Goiás;PR;1.0;0.0;1.0;;75.0;4.84;3
134;Luara Nascimento;2001-08-14;7;16;2921.36;0.0;Monteiro da Prata;XX;1.0;;0.0;;50.0;3.14;2
135;Emanuella Sales;2004-11-10;8;11;2668.4;1.0;Cardoso;DF;1.0;1.0;0.0;;0.0;3.48;2
136;Mateus Novaes;1995-01-31;6;14;4530.44;1.0;Moraes;ES;1.0;0.0;1.0;;33.33;6.77;3
137;Rhavi Vargas;1998-11-25;5;15;2761.95;0.0;Jesus do Norte;DF;0.0;0.0;0.0;;100.0;7.19;1
138;Thales Cunha;2000-03-14;9;11;0.0;0.0;Dias;SE;1.0;0.0;0.0;;0.0;2.18;1
139;Luiz Otávio Pires;;6;3;3031.66;0.0;Carvalho das Flores;PA;0.0;1.0;1.0;;40.0;;0
140;José Miguel Pereira;2005-11-14;2;1;1039.48;0.0;Aragão do Sul;RJ;0.0;1.0;;Modi fuga quidem corrupti.;25.0;5.25;3
141;Rael Almeida;1998-11-06;3;11;2441.29;0.0;!!!INVALID_DATA!!!;AL;0.0;0.0;0.0;Sapiente nobis ipsum eaque placeat.;50.0;8.54;1
142;Sr. Pedro Henrique Ferreira;2006-08-01;4;13;3541.53;1.0;Moraes do Galho;BA;0.0;0.0;1.0;;50.0;6.26;1
143;Milena da Luz;1994-09-11;8;6;2799.07;0.0;Vasconcelos da Praia;AC;0.0;0.0;0.0;;20.0;2.25;2
144;Eloá Almeida;2000-07-19;2;14;934.9;0.0;Teixeira da Serra;CE;1.0;1.0;0.0;Modi ad tenetur magni aspernatur saepe.;33.33;1.02;1
145;Liz Duarte;2006-11-08;3;11;4820.86;1.0;Rezende;MT;0.0;0.0;0.0;;33.33;2.48;3
146;Dra. Julia Lima;1997-12-29;4;17;3532.17;0.0;Porto de da Mata;RJ;0.0;1.0;1.0;;100.0;5.9;4
147;Marcos Vinicius Cunha;2007-03-24;10;13;2425.44;0.0;Fogaça;RS;1.0;0.0;1.0;;50.0;5.71;1
148;Srta. Alícia Cassiano;2001-04-18;8;1;515.5;1.0;Sousa da Mata;PA;1.0;1.0;1.0;;20.0;7.31;1
149;Emanuelly Aparecida;2004-05-18;5;1;795.28;1.0;;RJ;0.0;0.0;0.0;;100.0;4.75;1
150;Maria Julia Rocha;2003-11-05;7;10;3424.86;1.0;Silveira Grande;RN;1.0;1.0;0.0;;60.0;5.73;2
151;Guilherme Fogaça;2005-01-14;1;7;1206.99;0.0;Pacheco;ES;1.0;0.0;0.0;;0.0;4.31;1
152;Giovanna Correia;2006-01-23;8;14;677.4;0.0;XXXXXXXXXXXXXXXXXXXXXXXXXXXXXXXXXXXXXXXXXXXXXXXXXXXXXXXXXXXX;RO;1.0;0.0;1.0;Enim facilis autem voluptate.;33.33;4.64;3
153;Julia Martins;2001-07-01;1;4;;0.0;Cardoso de Goiás;AM;0.0;0.0;0.0;At corporis magni tempora et repellendus pariatur.;50.0;;0
154;Melissa da Costa;2000-11-29;2;17;3224.62;1.0;Fogaça;MA;1.0;1.0;1.0;;60.0;;0
155;Cauê Pereira;1995-04-13;9;2;4852.16;1.0;Cavalcanti;XX;1.0;1.0;1.0;;0.0;1.08;1
156;Matteo Cavalcante;1996-09-14;1;9;2122.4;;Leão;BA;0.0;0.0;0.0;Facilis quaerat fuga a.;50.0;3.37;2
157;Noah Lopes;1994-08-03;5;10;2118.11;0.0;Sales da Praia;RN;0.0;1.0;0.0;Ea unde quaerat impedit dignissimos sequi.;80.0;4.77;2
158;Gabriel da Conceição;2007-01-16;10;8;3237.49;0.0;da Costa das Flores;PB;0.0;1.0;1.0;;50.0;6.62;2
159;Ísis Porto;2005-08-14;2;12;2487.88;0.0;!!!INVALID_DATA!!!;CE;1.0;0.0;1.0;;66.67;2.64;2
160;Davi Lucca Souza;1999-09-01;3;7;2846.86;0.0;Pimenta da Praia;MG;1.0;0.0;1.0;;33.33;2.61;4
161;João Guilherme Ribeiro;2000-08-26;2;3;1239.48;0.0;Melo Paulista;SP;1.0;0.0;0.0;Nemo odit eos animi hic.;100.0;3.04;1
162;Jade da Paz;2002-07-30;8;20;2068.67;1.0;da Paz das Pedras;GO;1.0;1.0;;Rem necessitatibus omnis iste.;50.0;2.46;2
163;Antônio da Costa;2002-10-07;5;3;4744.18;;Peixoto do Campo;PA;0.0;0.0;1.0;;100.0;6.09;2
164;Luna Lopes;;5;12;553.19;0.0;Oliveira Paulista;RR;1.0;1.0;1.0;;75.0;3.73;2
165;Rafaela da Luz;2002-09-24;10;8;3138.45;1.0;Leão da Mata;BA;;1.0;1.0;;66.67;8.83;1
166;Dr. Gustavo Henrique Albuquerque;2002-02-26;9;17;1122.12;1.0;Montenegro;RR;0.0;1.0;1.0;;50.0;3.8;1
167;Dr. Diego Cardoso;2005-05-26;8;9;3361.66;1.0;Cunha;PI;1.0;0.0;0.0;;0.0;1.85;1
168;Sr. Alexandre da Mota;2007-02-18;5;9;2628.99;1.0;Campos de Peixoto;SP;1.0;1.0;;;33.33;;0
169;Valentim Moraes;1997-12-27;7;1;1858.01;0.0;da Conceição da Serra;MS;1.0;1.0;1.0;;75.0;4.35;5
170;Laís Correia;2004-08-26;4;1;1734.8;0.0;Barros Verde;SC;1.0;0.0;0.0;;100.0;6.37;1
171;Luana Costa;1995-03-07;6;18;2803.59;1.0;XXXXXXXXXXXXXXXXXXXXXXXXXXXXXXXXXXXXXXXXXXXXXXXXXXXXXXXXXXXX;RO;0.0;1.0;1.0;;66.67;6.97;2
172;Antonella Peixoto;1996-04-30;8;19;3384.69;0.0;Albuquerque;SC;1.0;1.0;0.0;;25.0;;0
173;Sr. Yan Albuquerque;1997-01-21;7;6;1548.57;0.0;Sales de Minas;XX;1.0;0.0;0.0;;50.0;2.14;1
174;Mariah Gonçalves;2006-05-29;1;4;4110.91;1.0;Cirino do Galho;TO;1.0;0.0;0.0;;25.0;;0
175;Henry Carvalho;1998-12-17;6;12;2375.33;0.0;Camargo da Mata;PR;0.0;1.0;0.0;;25.0;;0
176;Vitor Nogueira;2002-03-31;4;16;1374.96;1.0;Teixeira dos Dourados;TO;1.0;1.0;0.0;Quod distinctio perspiciatis qui deserunt explicabo tempora repellat.;66.67;9.21;1
177;;2002-06-29;4;6;;1.0;Vieira da Mata;GO;1.0;0.0;1.0;;50.0;;0
178;Yasmin Barbosa;1999-02-10;7;15;998.25;0.0;Leão;PB;0.0;0.0;1.0;;50.0;5.94;2
179;Ana da Cunha;1997-11-01;3;11;1570.37;1.0;Cirino;AC;0.0;1.0;0.0;;25.0;8.62;2
180;Gabriela Sousa;1994-08-17;3;18;2224.56;0.0;Rezende;AM;1.0;0.0;1.0;;60.0;2.43;1
181;Isaque Almeida;2004-02-16;6;20;1760.14;0.0;XXXXXXXXXXXXXXXXXXXXXXXXXXXXXXXXXXXXXXXXXXXXXXXXXXXXXXXXXXXX;RR;0.0;1.0;1.0;;33.33;4.16;3
182;Alícia Rocha;1996-02-17;4;10;3835.65;0.0;Alves;PR;1.0;1.0;1.0;Iure molestiae libero adipisci consequuntur quisquam optio.;100.0;;0
183;Luara Moura;1999-08-11;6;15;1270.12;1.0;Rezende;AL;1.0;1.0;1.0;;50.0;1.27;2
184;Cauê Sales;1998-10-20;3;14;2753.82;0.0;Dias do Oeste;PA;1.0;0.0;;;66.67;5.09;3
185;Srta. Maria Eduarda Montenegro;1999-11-04;10;18;3845.49;0.0;Barros do Oeste;PI;1.0;1.0;1.0;;100.0;4.04;2
186;Mateus Costa;1997-02-09;3;20;1414.57;0.0;Vieira da Prata;CE;0.0;0.0;1.0;Voluptates hic omnis consectetur tempore commodi.;50.0;7.26;1
187;XXXXXXXXXXXXXXXXXXXXXXXXXXXXXXXXXXXXXXXXXXXXXXXXXXXXXXXXXXXXXXXXXXXXXXXXXXXXXXXXXXXXXXXXXXXXXXXXXXXXXXXXXXXXXX;2004-09-16;8;16;4077.72;1.0;Silveira de Duarte;PB;0.0;0.0;1.0;Voluptates incidunt necessitatibus soluta.;;3.14;2
188;;1995-06-23;1;18;1920.05;0.0;Albuquerque;PB;1.0;1.0;0.0;;33.33;4.91;1
189;Maria Cecília Caldeira;2002-03-23;8;6;4002.26;0.0;XXXXXXXXXXXXXXXXXXXXXXXXXXXXXXXXXXXXXXXXXXXXXXXXXXXXXXXXXXXX;PA;1.0;1.0;0.0;;0.0;;0
190;Diogo das Neves;2003-10-25;3;20;625.92;0.0;Vieira;PE;0.0;1.0;1.0;;0.0;6.98;3
191;Ana Sophia Nascimento;2000-09-17;7;20;3708.98;1.0;das Neves Paulista;DF;0.0;1.0;0.0;XXXXXXXXXXXXXXXXXXXXXXXXXXXXXXXXXXXXXXXXXXXXXXXXXXXXXXXXXXXXXXXXXXXXXXXXXXXXXXXXXXXXXXXXXXXXXXXXXXXXXXXXXXXXXXXXXXXXXXXXXXXXXXXXXXXXXXXXXXXXXXXXXXXXXXXXXXXXXXXXXXXXXXXXXXXXXXXXXXXXXXXXXXXXXXXXXXXXXXXXXXXXXXXXXX;66.67;7.43;2
192;Léo Barros;;6;11;4653.48;1.0;Caldeira do Norte;PR;0.0;0.0;1.0;Fugiat repellat assumenda pariatur voluptatem.;0.0;;0
193;Sr. Caio Andrade;2001-11-27;6;4;1694.31;1.0;Marques;XX;0.0;0.0;1.0;;40.0;4.13;5
194;Valentina Marques;1998-10-12;3;16;1312.45;0.0;Viana;RR;1.0;1.0;0.0;;75.0;4.48;2
195;Maria Flor da Costa;2004-11-30;8;16;0.0;1.0;Duarte;AL;0.0;0.0;1.0;;33.33;;0
196;Anthony Gabriel Rios;2006-06-18;1;6;942.43;1.0;Vieira;RO;1.0;0.0;1.0;;;6.33;4
197;Nathan Cassiano;2004-07-10;6;20;1308.24;1.0;da Cruz de Rios;SP;1.0;0.0;0.0;;0.0;;0
198;Benjamim Abreu;2002-05-13;6;14;2848.31;0.0;!!!INVALID_DATA!!!;MS;0.0;1.0;1.0;Incidunt asperiores porro consequuntur ipsa explicabo.;66.67;2.35;1
199;Matheus Almeida;1995-06-26;8;2;1314.54;1.0;Vasconcelos;MG;1.0;1.0;0.0;;0.0;1.47;2
200;Gabriel Cardoso;2007-02-09;4;10;2209.87;0.0;Pinto do Sul;DF;1.0;0.0;0.0;;50.0;6.97;2
201;Rebeca Novaes;1995-07-14;7;1;969.05;0.0;Rodrigues do Amparo;RS;0.0;;0.0;;50.0;2.79;4
202;Dr. José Miguel Caldeira;2000-03-28;1;11;570.42;1.0;Marques dos Dourados;MS;0.0;0.0;1.0;;20.0;3.14;2
203;Dr. Otávio Souza;2002-09-26;2;19;1879.1;1.0;Rezende do Oeste;MS;0.0;1.0;0.0;;0.0;1.23;1
204;Levi Viana;2002-04-22;9;6;3797.76;0.0;Vasconcelos;SC;1.0;0.0;0.0;;75.0;8.45;2
205;Mariana Costa;;7;15;3504.68;0.0;Peixoto do Amparo;MT;1.0;1.0;0.0;;25.0;;0
206;Melina Lopes;1997-11-20;3;5;1719.18;1.0;;RR;1.0;0.0;0.0;;100.0;1.13;1
207;Ester Carvalho;1998-08-14;3;16;3726.57;0.0;XXXXXXXXXXXXXXXXXXXXXXXXXXXXXXXXXXXXXXXXXXXXXXXXXXXXXXXXXXXX;SE;1.0;1.0;0.0;Facilis delectus minima laudantium incidunt.;50.0;2.92;2
208;Agatha Barbosa;1995-05-25;1;16;4053.87;1.0;Casa Grande;AL;0.0;1.0;1.0;;0.0;6.06;1
209;;1999-01-20;8;6;3006.08;1.0;Borges;RN;0.0;1.0;1.0;;66.67;3.03;1
210;Ana Cecília Carvalho;2000-11-24;1;7;4693.11;1.0;Silveira;BA;1.0;0.0;1.0;;37.5;8.64;2
211;Isadora Castro;;3;6;1835.68;0.0;Melo;SC;0.0;0.0;1.0;;33.33;4.7;1
212;Natália da Paz;1994-12-31;3;5;4016.15;1.0;Vasconcelos;MA;0.0;1.0;0.0;;60.0;5.66;1
213;Leandro Duarte;1996-10-29;1;17;581.01;1.0;Gonçalves Alegre;CE;;1.0;1.0;;0.0;1.07;1
214;Luiz Felipe Freitas;1996-02-03;5;1;975.71;1.0;da Paz de Lopes;SP;0.0;0.0;0.0;Ratione ex id enim molestiae ipsam.;60.0;4.81;3
215;Gael Henrique Gonçalves;2004-11-09;1;15;903.78;0.0;das Neves;SE;0.0;1.0;1.0;;100.0;;0
216;Manuela Sales;1998-03-19;5;9;4119.21;1.0;Cunha;MA;0.0;1.0;1.0;Praesentium modi ullam asperiores incidunt.;75.0;5.54;2
217;Dr. Dante Ramos;1998-10-17;6;11;4450.35;0.0;da Conceição Verde;MS;1.0;1.0;1.0;Provident assumenda voluptatibus ratione possimus molestiae pariatur.;20.0;;0
218;XXXXXXXXXXXXXXXXXXXXXXXXXXXXXXXXXXXXXXXXXXXXXXXXXXXXXXXXXXXXXXXXXXXXXXXXXXXXXXXXXXXXXXXXXXXXXXXXXXXXXXXXXXXXXX;2003-02-02;7;14;1002.17;1.0;da Paz do Galho;MG;0.0;0.0;1.0;Nesciunt inventore illum neque tempore.;42.86;3.13;1
219;Gael Sampaio;2002-03-14;5;4;856.71;0.0;da Conceição;TO;0.0;0.0;1.0;;100.0;;0
220;Emanuella da Cruz;1998-05-28;2;10;1107.46;0.0;Novaes de Novais;CE;;0.0;0.0;;0.0;5.29;3
221;Sra. Cecilia Monteiro;2006-05-24;5;13;745.13;0.0;Teixeira Alegre;ES;1.0;0.0;1.0;Iure soluta sapiente possimus molestiae similique ea.;33.33;;0
222;Maria Júlia Garcia;2000-11-25;9;20;0.0;0.0;Ribeiro Grande;RO;1.0;0.0;1.0;;50.0;1.17;2
223;Anthony Gabriel Rocha;1997-07-23;2;20;0.0;0.0;Melo;BA;0.0;1.0;1.0;Labore ut deserunt beatae vitae.;100.0;4.92;1
224;Helena Leão;1996-07-02;4;7;3333.5;0.0;Cirino Verde;RJ;1.0;1.0;0.0;Nihil deserunt officia voluptatem maxime amet minus.;;5.24;1
225;José Miguel Leão;;10;10;1453.99;0.0;Castro do Campo;SE;0.0;0.0;1.0;;16.67;9.57;1
226;José Novais;1995-12-16;5;5;4117.79;0.0;Melo de Cunha;PE;1.0;1.0;0.0;;0.0;8.91;1
227;João Vitor da Rocha;2004-09-04;3;18;0.0;0.0;Vieira;XX;1.0;1.0;0.0;Quia sapiente corporis a quaerat cum veniam.;50.0;6.58;1
228;Davi Lucca Cassiano;2000-06-02;7;8;1371.12;0.0;Sousa Grande;PI;0.0;0.0;0.0;;;7.25;1
229;Beatriz Montenegro;1995-01-21;6;2;1591.07;1.0;Ferreira;MA;0.0;0.0;0.0;;66.67;3.72;2
230;Lunna da Rosa;2006-07-14;9;4;963.46;0.0;Andrade do Amparo;GO;0.0;1.0;0.0;;80.0;6.81;2
231;Danilo Moreira;2002-05-15;2;19;710.04;1.0;Santos;RJ;0.0;1.0;0.0;Reiciendis quibusdam hic.;100.0;;0
232;Antonella Porto;2004-06-30;7;4;3840.3;1.0;Moura Alegre;SP;1.0;0.0;1.0;;33.33;2.31;2
233;Noah Novaes;1996-05-25;4;16;1487.53;0.0;da Mota;SE;0.0;1.0;1.0;Quis voluptatem maxime inventore eum delectus quisquam.;100.0;;0
234;Larissa Pinto;1994-06-28;2;4;3769.07;0.0;Peixoto do Campo;;0.0;1.0;0.0;;14.29;7.87;2
235;Brenda Sales;1997-04-27;5;13;2174.45;1.0;Fogaça;GO;1.0;0.0;0.0;;33.33;7.02;1
236;Ísis Dias;2002-07-13;2;7;1766.49;1.0;Silva;PR;1.0;1.0;1.0;;50.0;4.71;4
237;;2000-12-25;5;12;4147.13;1.0;Lima;GO;0.0;0.0;0.0;Debitis magnam ipsum iusto illo dignissimos.;0.0;3.85;1
238;Dr. Pietro Martins;1999-05-11;1;19;3157.57;1.0;Ferreira de Goiás;AM;0.0;1.0;0.0;;50.0;1.39;1
239;Sra. Allana Sales;1997-11-03;1;1;0.0;1.0;Ferreira;AP;1.0;0.0;0.0;;66.67;;0
240;!!!INVALID_DATA!!!;1997-09-19;8;2;4008.79;1.0;Araújo;SP;0.0;1.0;1.0;;100.0;6.32;1
241;XXXXXXXXXXXXXXXXXXXXXXXXXXXXXXXXXXXXXXXXXXXXXXXXXXXXXXXXXXXXXXXXXXXXXXXXXXXXXXXXXXXXXXXXXXXXXXXXXXXXXXXXXXXXXX;1998-01-25;1;19;4625.41;0.0;Viana da Prata;PR;0.0;0.0;1.0;;33.33;4.09;3
242;Sr. Miguel Vasconcelos;1999-07-16;7;15;1000.58;1.0;Casa Grande dos Dourados;PE;1.0;0.0;1.0;;60.0;9.88;1
243;José Pedro Novaes;1994-09-01;4;9;;1.0;Gomes;RR;1.0;0.0;1.0;;60.0;7.29;1
244;Ísis da Mota;;4;7;3888.29;0.0;das Neves;RR;0.0;1.0;0.0;Voluptatibus rem laudantium adipisci in.;100.0;5.82;2
245;Eloá Barbosa;;3;18;4907.59;1.0;Mendonça;AC;0.0;1.0;0.0;;100.0;7.47;2
246;Ana Sá;1996-06-05;3;4;4754.14;1.0;da Paz de Farias;BA;0.0;0.0;1.0;;16.67;4.41;5
247;Isabel Jesus;1999-02-09;2;2;662.29;0.0;Costa das Flores;PR;1.0;1.0;1.0;;100.0;9.26;1
248;Sr. Mathias Andrade;2002-05-01;7;4;1915.42;1.0;Azevedo;AC;1.0;1.0;1.0;;66.67;1.52;1
249;Rael Santos;2001-03-03;3;16;3974.5;1.0;Borges de Rodrigues;;0.0;0.0;0.0;;0.0;9.36;1
250;Arthur Gomes;2004-09-05;1;20;4100.67;1.0;Abreu do Amparo;RS;1.0;0.0;1.0;;50.0;;0
251;Maria Fernanda Lima;1994-09-04;6;8;552.45;0.0;Aparecida de Correia;RJ;0.0;0.0;1.0;Vero eos ipsam sint dolore libero laborum.;50.0;;0
252;Isabella Ferreira;1998-04-03;10;13;3121.17;1.0;da Rosa do Oeste;!!;1.0;0.0;1.0;;33.33;4.21;4
253;Bruna Aparecida;2002-11-09;8;13;4826.37;0.0;Barbosa;AL;1.0;0.0;0.0;;50.0;5.27;1
254;Dr. Rael Leão;1996-10-25;9;9;4631.49;1.0;das Neves;MA;0.0;0.0;1.0;;50.0;;0
255;Luiz Otávio Fernandes;1999-10-02;5;18;2614.36;0.0;da Cruz de Câmara;XX;0.0;0.0;0.0;;0.0;6.74;2
256;Sara Ribeiro;2006-05-14;2;3;4752.16;1.0;Macedo;DF;1.0;1.0;1.0;;0.0;8.57;1
257;;1994-11-04;6;10;1752.1;0.0;Novaes da Serra;RS;1.0;0.0;0.0;;75.0;2.26;1
258;Eduarda Vieira;2001-01-11;3;7;4497.69;0.0;Cunha da Serra;BA;0.0;0.0;0.0;;75.0;2.28;2
259;XXXXXXXXXXXXXXXXXXXXXXXXXXXXXXXXXXXXXXXXXXXXXXXXXXXXXXXXXXXXXXXXXXXXXXXXXXXXXXXXXXXXXXXXXXXXXXXXXXXXXXXXXXXXXX;2005-01-15;7;9;514.04;0.0;;PA;0.0;1.0;0.0;Eius officiis veniam asperiores nam.;;4.95;3
260;Anna Liz Moraes;1996-06-24;4;10;667.05;0.0;da Conceição;PE;;0.0;1.0;;60.0;7.3;2
261;João Gabriel Freitas;1997-10-01;7;4;2140.72;0.0;Nascimento de Nogueira;BA;1.0;1.0;0.0;;0.0;;0
262;Cauã da Mata;1996-11-17;1;15;1490.94;1.0;Camargo;PB;1.0;0.0;1.0;;100.0;9.22;1
263;Vicente Novais;1998-12-10;7;9;3283.91;1.0;Peixoto Grande;RR;1.0;0.0;0.0;Minima laudantium inventore modi natus ab perspiciatis.;;6.88;3
264;Liz Peixoto;2003-07-01;3;8;1017.93;0.0;Vieira;AC;1.0;0.0;0.0;;0.0;4.42;5
265;!!!INVALID_DATA!!!;1998-06-13;3;18;0.0;0.0;Lima de Goiás;;0.0;0.0;0.0;;100.0;0.95;1
266;Benicio Ramos;2002-10-28;10;17;4873.71;1.0;Aragão;RS;1.0;0.0;1.0;;0.0;4.78;2
267;Benicio Ferreira;1997-07-07;6;4;2278.66;1.0;Montenegro;AL;0.0;1.0;0.0;Veniam distinctio cum quae dolor.;;;0
268;Sr. Bryan das Neves;2005-02-26;2;12;4395.59;1.0;Macedo;BA;0.0;1.0;0.0;Quia consectetur culpa voluptas quia totam.;;;0
269;Bento Correia;1995-01-27;8;7;1640.2;0.0;Montenegro de Souza;RS;1.0;1.0;1.0;;33.33;6.12;2
270;Caroline Nogueira;1999-01-26;9;7;1065.64;0.0;Farias de Goiás;SC;0.0;1.0;1.0;In architecto sint facere molestias error dolorem.;50.0;4.65;4
271;Theodoro da Cunha;2001-08-17;4;14;1994.65;0.0;Borges da Prata;DF;0.0;0.0;0.0;;0.0;6.82;1
272;Paulo da Cruz;2005-05-14;9;2;1915.23;0.0;Ramos de Cavalcanti;MS;1.0;0.0;0.0;Consequuntur totam esse voluptatem excepturi.;100.0;1.28;2
273;Nathan Fonseca;2005-07-01;1;19;4031.65;0.0;Pastor do Sul;TO;1.0;0.0;0.0;;20.0;5.65;5
274;Emilly Novaes;1994-10-12;2;16;1606.17;1.0;Vasconcelos do Galho;GO;0.0;1.0;0.0;;;;0
275;Luna Moraes;2003-12-26;1;2;3370.08;0.0;Novaes;PI;0.0;0.0;0.0;;66.67;5.44;6
276;João Vitor Campos;2001-05-20;1;20;3771.26;0.0;Cardoso de Minas;MT;1.0;1.0;1.0;;66.67;;0
277;Liz Camargo;1998-12-08;8;19;2777.22;0.0;Casa Grande das Flores;BA;1.0;0.0;0.0;Delectus sint amet illum.;16.67;;0
278;Davi Lucas da Costa;1997-06-27;2;20;799.46;0.0;Câmara do Sul;SP;0.0;0.0;0.0;;100.0;7.47;1
279;Nicole Gomes;1997-01-19;8;20;;0.0;Teixeira;RO;1.0;0.0;;;12.5;0.57;1
280;Caleb Monteiro;2006-11-19;5;6;2585.6;0.0;da Conceição Grande;RS;0.0;1.0;1.0;;66.67;2.76;1
281;Sra. Maria Luiza Pimenta;1999-07-23;7;7;1247.11;1.0;Pacheco;!!;0.0;1.0;1.0;;0.0;8.49;2
282;;1998-10-04;2;17;4679.45;1.0;Aragão do Galho;TO;0.0;1.0;1.0;;50.0;4.04;1
283;Luiz Fernando da Mata;2004-07-27;6;4;2801.92;0.0;Barros do Campo;SE;1.0;0.0;1.0;;25.0;4.3;1
284;Sr. Leandro Pastor;1996-04-07;6;10;;0.0;Casa Grande das Flores;ES;;1.0;1.0;;100.0;;0
285;Breno Garcia;1995-08-20;3;14;1415.95;0.0;Nascimento;ES;0.0;0.0;1.0;;66.67;6.45;3
286;XXXXXXXXXXXXXXXXXXXXXXXXXXXXXXXXXXXXXXXXXXXXXXXXXXXXXXXXXXXXXXXXXXXXXXXXXXXXXXXXXXXXXXXXXXXXXXXXXXXXXXXXXXXXXX;2005-05-06;5;16;2525.97;1.0;XXXXXXXXXXXXXXXXXXXXXXXXXXXXXXXXXXXXXXXXXXXXXXXXXXXXXXXXXXXX;MT;1.0;0.0;0.0;;0.0;9.0;2
287;Joana Sá;1997-05-20;10;10;3480.19;1.0;!!!INVALID_DATA!!!;SC;0.0;1.0;0.0;Quas sed in consectetur eaque officiis.;50.0;3.73;2
288;Cecilia Correia;1999-03-29;5;18;4174.23;1.0;Mendes Verde;AL;1.0;0.0;0.0;;0.0;3.97;3
289;José Pedro Costela;2003-09-11;7;17;2140.49;1.0;Farias;RS;1.0;1.0;0.0;;0.0;7.6;1
290;Raquel Souza;1994-11-05;5;8;2996.04;1.0;Pires;AM;1.0;1.0;1.0;;25.0;1.95;2
291;Maysa Silva;2002-12-31;6;1;2470.9;1.0;;SP;0.0;0.0;1.0;Omnis nostrum quasi magnam laboriosam.;16.67;4.38;4
292;Bento Ferreira;2005-05-12;2;8;1080.19;0.0;Porto do Amparo;MA;0.0;1.0;1.0;;33.33;9.24;2
293;Esther Souza;2004-04-27;10;7;3332.97;1.0;XXXXXXXXXXXXXXXXXXXXXXXXXXXXXXXXXXXXXXXXXXXXXXXXXXXXXXXXXXXX;RO;0.0;1.0;0.0;;50.0;3.92;3
294;Dr. Benicio Moreira;1996-08-17;4;18;3630.87;0.0;Fogaça de da Rosa;BA;;0.0;0.0;;0.0;;0
295;Cauã Aragão;1996-02-23;7;15;1572.51;1.0;!!!INVALID_DATA!!!;ES;1.0;0.0;1.0;;75.0;;0
296;Dr. Fernando Ferreira;1997-02-11;1;15;4018.8;0.0;Costa da Serra;!!;1.0;1.0;1.0;;40.0;1.99;2
297;Marcos Vinicius Correia;2000-01-14;6;14;2460.46;0.0;;MG;0.0;0.0;0.0;Deserunt nam culpa debitis.;75.0;6.14;2
298;Ravy Cassiano;2006-02-10;7;3;3275.99;0.0;Cavalcanti;SE;1.0;1.0;1.0;;50.0;8.44;3
299;Dr. Luiz Gustavo Dias;2001-06-17;8;4;2288.05;1.0;Casa Grande;PB;0.0;1.0;1.0;;100.0;1.73;1
300;Luana Costa;1996-12-10;1;18;3138.93;0.0;Cavalcanti;RN;0.0;0.0;1.0;;33.33;6.03;1
301;Vitor Gabriel Porto;2001-03-24;1;7;4863.2;0.0;Pastor de da Cunha;AL;0.0;1.0;0.0;;100.0;3.36;2
302;Luiz Henrique Câmara;2000-11-10;3;7;3381.38;0.0;Caldeira do Campo;DF;1.0;1.0;0.0;;50.0;7.36;1
303;Sr. Rhavi Andrade;2001-03-05;9;4;4411.25;0.0;Moreira;MG;0.0;1.0;1.0;;25.0;4.75;2
304;Sr. Mathias Camargo;2002-01-30;8;7;4943.79;0.0;Caldeira de Dias;AP;1.0;1.0;1.0;;50.0;3.82;2
305;Theo Cirino;2006-07-31;2;7;2844.96;0.0;Farias de Caldeira;!!;0.0;0.0;1.0;Eligendi iste omnis voluptas cupiditate omnis.;42.86;;0
306;Alexandre Pimenta;1999-07-23;9;6;4376.15;0.0;Caldeira;RO;;1.0;1.0;Natus ex animi doloremque cumque illum.;60.0;7.76;2
307;Ana Liz Brito;2006-12-09;1;9;1610.61;0.0;Sampaio da Serra;ES;0.0;1.0;0.0;Veniam cupiditate nam quisquam vitae aliquam.;33.33;6.02;2
308;Elisa Melo;2002-05-09;2;12;0.0;0.0;Cunha;!!;0.0;1.0;0.0;;75.0;;0
309;Carlos Eduardo Rocha;2005-11-04;5;12;3212.37;0.0;Carvalho do Galho;MA;0.0;0.0;1.0;;0.0;6.19;2
310;Lunna Cassiano;2004-12-03;8;4;;1.0;Cavalcante do Campo;SC;;1.0;0.0;;0.0;4.69;2
311;Helena Gonçalves;1998-05-27;5;13;2925.19;1.0;Guerra de Almeida;MS;1.0;1.0;0.0;;100.0;2.76;2
312;Levi Duarte;1996-09-05;2;16;1385.69;;Fonseca de Barros;PI;0.0;0.0;1.0;;100.0;7.01;2
313;Paulo Peixoto;2001-04-26;7;7;1686.5;1.0;Peixoto do Oeste;SP;1.0;0.0;0.0;Fugit et reiciendis illo ipsa reiciendis autem facilis.;66.67;;0
314;Julia da Cunha;2007-03-23;5;1;3017.69;1.0;Machado do Amparo;AP;0.0;1.0;1.0;;50.0;6.45;3
315;Theodoro Alves;2005-01-27;1;18;3092.66;1.0;Brito;PE;1.0;1.0;0.0;;0.0;1.21;2
316;Yago Porto;1996-02-08;3;17;3410.94;0.0;Lima de Marques;PB;1.0;0.0;1.0;;0.0;5.32;2
317;Cecilia Andrade;1995-05-26;3;9;529.93;0.0;Sá;PI;0.0;1.0;1.0;;0.0;4.69;2
318;Laura da Cruz;1998-07-18;7;9;2685.09;1.0;!!!INVALID_DATA!!!;AP;0.0;0.0;1.0;;100.0;9.2;2
319;;2003-05-16;10;11;961.13;0.0;Silveira;MS;1.0;0.0;0.0;Debitis sint necessitatibus ea pariatur voluptate.;0.0;2.38;1
320;Carlos Eduardo Freitas;2001-12-08;10;20;1968.29;1.0;da Paz;BA;0.0;0.0;1.0;;33.33;6.01;1
321;Manuella Lopes;2002-02-19;1;10;2800.14;1.0;Lima;PR;1.0;1.0;0.0;Quos modi rem modi voluptate quo quas odit.;0.0;0.48;1
322;Sr. Ryan Duarte;2003-06-02;8;17;609.56;0.0;da Rocha das Pedras;RR;0.0;1.0;0.0;;100.0;3.65;3
323;Joaquim Moura;1995-08-27;4;1;1806.46;0.0;Fernandes;CE;0.0;0.0;0.0;;66.67;6.94;1
324;Eduarda Cardoso;1996-01-03;9;17;2887.23;1.0;Macedo dos Dourados;AC;1.0;1.0;0.0;Veniam ullam a.;25.0;8.29;2
325;Thales Pimenta;1998-02-19;1;4;4110.64;1.0;Cavalcanti de Goiás;SE;1.0;1.0;0.0;;100.0;;0
326;Ana Fogaça;;3;13;4232.0;0.0;Pimenta;;1.0;0.0;0.0;;50.0;;0
327;Amanda Freitas;1995-03-10;8;13;2106.28;1.0;da Mata do Campo;PI;1.0;1.0;1.0;;100.0;;0
328;!!!INVALID_DATA!!!;;2;11;1726.47;0.0;Rodrigues;PR;0.0;1.0;1.0;Itaque dolorem mollitia quis delectus.;60.0;6.38;2
329;Isabel Costela;1994-06-11;5;19;3079.95;1.0;Rodrigues da Serra;CE;0.0;1.0;0.0;;100.0;4.57;2
330;Luiz Miguel Santos;2000-09-27;8;12;3865.08;0.0;Cardoso;RJ;1.0;1.0;;;50.0;;0
331;Catarina Aparecida;1995-06-02;4;1;4089.31;0.0;Pires;MS;1.0;1.0;1.0;;0.0;;0
332;Caleb Gonçalves;2000-09-03;1;19;2577.26;0.0;Pires dos Dourados;MS;0.0;0.0;0.0;Quod quisquam neque deserunt quae.;0.0;8.16;1
333;Nicole Novaes;2005-11-28;7;5;4617.43;0.0;Aragão;RN;0.0;0.0;0.0;;40.0;6.12;2
334;Augusto Silveira;1997-01-10;9;10;1774.79;0.0;Moreira;RO;0.0;1.0;1.0;;60.0;0.47;1
335;Gabriela da Cunha;1996-05-08;8;5;1123.73;1.0;Araújo da Mata;AP;0.0;0.0;;;0.0;5.16;2
336;Gabriela Jesus;2003-10-10;10;13;1090.86;0.0;da Cruz do Campo;AL;0.0;0.0;1.0;;50.0;4.24;1
337;Sr. Mathias Ferreira;1994-12-14;3;16;3037.71;0.0;Vargas;MA;1.0;1.0;1.0;Perferendis cumque ducimus molestias temporibus totam dolor.;20.0;5.21;6
338;Srta. Yasmin Ferreira;2002-05-24;1;1;2278.37;1.0;Pacheco;SE;0.0;0.0;0.0;;66.67;;0
339;Thomas Moura;1995-11-03;3;3;848.69;1.0;Moraes;MG;1.0;0.0;0.0;Magni explicabo quia.;;4.19;3
340;Srta. Ana Julia Pimenta;1998-05-01;4;14;2096.66;;Carvalho do Amparo;AL;1.0;1.0;0.0;;100.0;5.77;2
341;Henry Gabriel Silva;2004-04-03;3;4;3122.24;0.0;Silva;PI;1.0;0.0;0.0;;25.0;;0
342;Julia Mendes;1997-11-23;9;6;917.87;1.0;Vasconcelos do Campo;MA;1.0;0.0;1.0;;66.67;4.9;3
343;Samuel da Luz;2005-07-07;2;11;4782.53;0.0;da Cruz;GO;1.0;1.0;1.0;;50.0;1.98;2
344;Gustavo das Neves;1995-12-11;4;12;4183.62;1.0;Machado da Prata;ES;1.0;0.0;1.0;;;5.85;2
345;João Gabriel Sousa;2005-02-03;7;8;3981.27;1.0;Alves;PA;0.0;1.0;1.0;;66.67;;0
346;Pietro Almeida;2004-12-16;9;1;1512.08;1.0;Silva;AC;0.0;0.0;0.0;;100.0;8.79;1
347;Sra. Maria Laura Caldeira;1994-09-17;2;3;3722.51;;Sá da Praia;MS;0.0;1.0;0.0;;;5.68;2
348;Catarina Peixoto;1994-11-25;3;6;4007.29;1.0;Pimenta de Rezende;MS;0.0;1.0;0.0;;20.0;5.82;3
349;!!!INVALID_DATA!!!;2002-06-01;8;10;4984.12;0.0;Barros de Barbosa;MG;0.0;1.0;1.0;;25.0;3.75;1
350;Gabrielly Silveira;1996-09-11;7;19;3097.47;1.0;Camargo do Sul;RR;0.0;1.0;1.0;;60.0;6.17;1
351;XXXXXXXXXXXXXXXXXXXXXXXXXXXXXXXXXXXXXXXXXXXXXXXXXXXXXXXXXXXXXXXXXXXXXXXXXXXXXXXXXXXXXXXXXXXXXXXXXXXXXXXXXXXXXX;1995-09-28;1;15;;1.0;Nunes das Flores;RS;0.0;1.0;0.0;;66.67;3.52;3
352;Henrique Sampaio;1999-03-04;6;6;1473.06;1.0;!!!INVALID_DATA!!!;MG;1.0;1.0;0.0;;0.0;;0
353;Clarice Costela;2004-01-23;1;11;3496.85;1.0;Souza do Oeste;AC;1.0;0.0;0.0;;50.0;6.97;2
354;Davi Luiz Porto;2004-07-12;7;18;1277.33;;Nascimento do Oeste;PE;1.0;0.0;1.0;;100.0;0.88;3
355;Sra. Ágatha Ribeiro;1995-09-06;1;1;4259.86;0.0;Dias da Mata;AC;1.0;0.0;1.0;Optio nihil ad unde nostrum molestias molestiae saepe.;60.0;;0
356;Alana Vargas;2006-04-06;4;3;2689.33;0.0;Dias;AC;1.0;0.0;0.0;;66.67;2.73;3
357;Joaquim Araújo;2004-02-10;6;4;2944.97;1.0;Cassiano de Minas;AM;1.0;1.0;0.0;Dolor alias nisi facilis nisi qui.;;9.28;2
358;Luísa Vargas;2006-05-15;10;13;2303.68;0.0;Nunes dos Dourados;ES;1.0;1.0;0.0;;100.0;1.32;1
359;Yago Caldeira;2007-02-11;6;5;760.68;1.0;Pimenta de da Rocha;AM;1.0;1.0;0.0;Veritatis ab cumque sunt.;0.0;3.64;2
360;Lucas Gabriel Cirino;2000-03-12;9;1;4509.41;1.0;!!!INVALID_DATA!!!;GO;0.0;0.0;1.0;;0.0;9.78;1
361;Isaac Costa;1998-05-18;10;15;2164.22;0.0;Farias de Nunes;XX;0.0;0.0;0.0;;33.33;;0
362;Dr. Kevin Gonçalves;2002-03-27;5;3;3555.79;0.0;Casa Grande;DF;1.0;1.0;1.0;;20.0;4.46;1
363;Laís Barros;1997-04-25;1;13;;1.0;Vasconcelos;MS;1.0;0.0;0.0;;0.0;3.5;3
364;Maria Liz Sales;2003-08-29;6;4;2411.99;1.0;Costela;PB;0.0;1.0;1.0;Vitae ipsam natus.;60.0;9.77;1
365;Kamilly Fogaça;2002-11-03;7;2;4013.77;0.0;Monteiro;DF;1.0;1.0;1.0;;33.33;4.11;2
366;Luiz Fernando Correia;2000-01-20;8;7;1793.67;0.0;Freitas;AM;;0.0;0.0;XXXXXXXXXXXXXXXXXXXXXXXXXXXXXXXXXXXXXXXXXXXXXXXXXXXXXXXXXXXXXXXXXXXXXXXXXXXXXXXXXXXXXXXXXXXXXXXXXXXXXXXXXXXXXXXXXXXXXXXXXXXXXXXXXXXXXXXXXXXXXXXXXXXXXXXXXXXXXXXXXXXXXXXXXXXXXXXXXXXXXXXXXXXXXXXXXXXXXXXXXXXXXXXXXX;66.67;;0
367;Dr. Benjamin Machado;1995-06-28;5;11;1568.91;1.0;Garcia;PI;1.0;0.0;0.0;;75.0;2.96;5
368;Sra. Maria Isis Casa Grande;1999-11-08;9;10;3917.47;1.0;Viana da Prata;CE;0.0;0.0;1.0;;50.0;;0
369;Alícia da Costa;2002-10-28;10;20;1159.29;1.0;Aragão de Goiás;SE;0.0;0.0;0.0;;100.0;4.25;1
370;Beatriz Costa;2002-04-24;1;9;1763.04;1.0;XXXXXXXXXXXXXXXXXXXXXXXXXXXXXXXXXXXXXXXXXXXXXXXXXXXXXXXXXXXX;MT;1.0;1.0;0.0;;0.0;8.14;1
371;Anna Liz Duarte;2004-01-01;1;5;2496.97;1.0;Cirino de Teixeira;MG;0.0;0.0;1.0;;100.0;7.86;3
372;Theodoro da Rocha;2002-08-12;4;15;4622.46;1.0;Cassiano Alegre;SP;0.0;0.0;0.0;;33.33;4.62;2
373;Brenda Carvalho;2000-12-24;6;1;4116.52;0.0;Marques de Goiás;PB;0.0;1.0;1.0;Quod ratione quis recusandae necessitatibus ducimus esse reiciendis.;100.0;6.39;2
374;Maria Macedo;2005-01-06;3;12;997.86;;XXXXXXXXXXXXXXXXXXXXXXXXXXXXXXXXXXXXXXXXXXXXXXXXXXXXXXXXXXXX;;;1.0;0.0;;66.67;4.63;2
375;Dra. Amanda Novais;2000-03-23;1;2;4142.96;0.0;Teixeira do Amparo;RJ;0.0;1.0;0.0;;0.0;8.55;2
376;Felipe da Paz;2003-01-05;3;12;2242.83;1.0;Silva;BA;1.0;1.0;0.0;;;2.76;1
377;João Vitor Pires;;3;12;1213.46;0.0;Lopes da Mata;AL;1.0;1.0;1.0;;0.0;4.49;2
378;Cauã Farias;1999-06-09;7;17;3689.1;0.0;Rocha das Flores;PA;0.0;0.0;0.0;;50.0;;0
379;Maria Peixoto;2004-06-09;10;3;3833.87;1.0;Nascimento;PB;0.0;1.0;0.0;;0.0;;0
380;Maria Helena Mendonça;2000-10-13;5;20;2445.39;0.0;Farias;SC;0.0;0.0;0.0;;60.0;5.3;1
381;Luiz Fernando Rodrigues;1996-08-30;6;20;2787.39;0.0;Fonseca de Nunes;MA;1.0;0.0;;Animi quis voluptas nihil error corrupti nulla.;50.0;2.43;1
382;Fernanda Montenegro;2001-12-26;3;8;2684.65;0.0;Garcia;CE;0.0;0.0;0.0;;50.0;4.97;4
383;Ísis Siqueira;1999-07-17;8;13;;0.0;Vieira;GO;0.0;0.0;0.0;;80.0;5.57;5
384;Calebe Moreira;1998-07-25;10;3;2713.15;0.0;Carvalho;MS;1.0;1.0;0.0;;33.33;3.9;3
385;Alexia Gomes;2000-02-08;8;20;3579.27;1.0;Moraes;GO;0.0;0.0;0.0;;33.33;6.33;1
386;Fernando da Cruz;1997-03-08;3;15;2064.69;0.0;Albuquerque de Nunes;AC;1.0;1.0;0.0;;100.0;7.15;1
387;Agatha Martins;2000-08-20;6;2;2778.58;1.0;;RN;1.0;1.0;0.0;;25.0;6.59;2
388;Maria Cecília Azevedo;2003-08-31;1;4;4533.81;1.0;Cunha do Amparo;;0.0;1.0;1.0;;100.0;5.03;4
389;Danilo Pimenta;1995-02-04;9;2;3060.6;0.0;Sales de Silva;ES;0.0;0.0;0.0;Aliquid omnis modi quam.;75.0;0.23;1
390;Dr. Gustavo Henrique da Paz;2004-05-28;5;13;4982.13;1.0;Lima do Galho;PA;1.0;1.0;0.0;;50.0;6.37;2
391;XXXXXXXXXXXXXXXXXXXXXXXXXXXXXXXXXXXXXXXXXXXXXXXXXXXXXXXXXXXXXXXXXXXXXXXXXXXXXXXXXXXXXXXXXXXXXXXXXXXXXXXXXXXXXX;;3;8;4091.87;0.0;Marques;MG;1.0;1.0;1.0;Quasi quos odio unde.;33.33;2.2;3
392;Lorenzo Costa;2002-07-07;8;18;2132.87;0.0;Freitas;RR;0.0;0.0;1.0;;25.0;7.08;2
393;;1995-11-27;9;9;4411.19;0.0;Moura da Prata;PA;0.0;1.0;1.0;;50.0;5.61;2
394;Rodrigo Oliveira;2006-06-22;5;1;2760.74;1.0;Teixeira;SC;0.0;1.0;0.0;Et odio quasi similique.;66.67;7.55;1
395;Matteo Cunha;1995-12-15;7;20;2765.1;1.0;Moraes;BA;0.0;1.0;0.0;;50.0;2.82;2
396;Maria Helena das Neves;1998-08-07;5;2;1877.26;0.0;Camargo;MS;;0.0;1.0;Eum sequi optio.;66.67;5.44;2
397;Sr. Miguel da Cruz;2006-02-20;7;14;2875.89;0.0;Campos do Galho;SC;1.0;0.0;0.0;;75.0;6.5;1
398;Fernando da Mota;1997-11-16;3;4;847.44;0.0;da Rosa;PR;0.0;1.0;0.0;;40.0;3.27;2
399;Sr. Emanuel Fonseca;2007-04-05;5;4;779.03;1.0;!!!INVALID_DATA!!!;AL;1.0;0.0;1.0;;100.0;3.37;1
400;Bruno Pereira;2005-05-10;6;20;1757.83;0.0;!!!INVALID_DATA!!!;MG;1.0;1.0;1.0;;0.0;3.41;3
401;Luiz Miguel Pastor;1997-11-04;10;18;4026.17;0.0;XXXXXXXXXXXXXXXXXXXXXXXXXXXXXXXXXXXXXXXXXXXXXXXXXXXXXXXXXXXX;PR;0.0;0.0;1.0;;33.33;4.2;3
402;Otto Ramos;2006-01-02;7;15;2945.33;0.0;Pinto do Sul;DF;0.0;0.0;1.0;;0.0;4.82;1
403;Bárbara da Cruz;2004-06-08;10;17;3773.71;1.0;da Rocha;MA;1.0;0.0;1.0;Non voluptate officia hic.;100.0;3.39;2
404;Rebeca Montenegro;1996-08-24;2;13;1023.18;1.0;Souza do Sul;CE;0.0;1.0;1.0;;0.0;;0
405;Stephany Teixeira;1997-06-11;3;12;713.28;0.0;Novais;PE;0.0;1.0;0.0;;60.0;3.87;2
406;Davi Freitas;2003-10-23;4;5;1322.43;0.0;Rios de Camargo;RN;1.0;0.0;1.0;;50.0;2.86;2
407;Eduardo Araújo;1994-07-31;1;17;1343.09;1.0;Marques da Mata;RN;1.0;0.0;1.0;Beatae culpa ipsa totam nulla distinctio tempora.;50.0;4.59;2
408;Dr. Pedro Miguel Cardoso;1999-01-15;1;10;1328.98;1.0;Araújo de Nunes;RS;0.0;0.0;1.0;;50.0;5.83;2
409;João Vitor Cassiano;2006-10-02;1;9;4002.48;1.0;Camargo Paulista;MS;0.0;0.0;1.0;Odit consequatur neque deserunt eos possimus expedita.;50.0;4.63;2
410;Isabella Cirino;1997-07-17;10;2;4788.28;1.0;Sampaio;RR;1.0;0.0;;;60.0;8.24;1
411;Felipe Gonçalves;2006-05-01;3;13;2219.17;0.0;Nogueira da Mata;SP;1.0;;0.0;;0.0;;0
412;Juliana Ferreira;1997-12-25;10;11;4153.69;0.0;Fonseca;XX;0.0;0.0;1.0;;25.0;5.05;2
413;Dr. Benjamim Oliveira;1996-09-14;7;9;823.67;1.0;Barros;ES;;1.0;1.0;;0.0;6.09;3
414;João Guilherme da Cunha;2003-03-23;3;4;636.28;0.0;Souza;MS;0.0;0.0;1.0;;0.0;1.69;1
415;Dra. Maria Isis Cassiano;2000-05-18;7;14;4061.72;0.0;Souza;SE;0.0;1.0;0.0;;60.0;8.35;2
416;João Miguel Sousa;2003-04-02;5;1;2873.44;;Silveira do Amparo;;0.0;1.0;0.0;;0.0;2.97;1
417;Cauê Garcia;2007-02-24;6;19;3239.27;0.0;Andrade da Praia;XX;1.0;0.0;0.0;;66.67;;0
418;Enrico Brito;1999-06-15;3;9;3327.17;1.0;da Rocha Paulista;MG;0.0;0.0;0.0;;80.0;;0
419;Sr. André da Conceição;2001-02-18;2;5;;1.0;Moura de Aragão;AC;0.0;1.0;0.0;;40.0;;0
420;João Miguel Macedo;2001-10-20;5;2;1042.18;0.0;Sá;RS;;0.0;1.0;;0.0;9.46;1
421;Ana Carolina da Paz;1994-08-13;8;14;3072.57;1.0;Rios;MG;0.0;0.0;1.0;Adipisci ipsum tempora est.;0.0;6.62;2
422;Joana Vieira;1995-02-08;6;14;1882.25;0.0;Freitas do Galho;RJ;0.0;0.0;0.0;;50.0;6.72;4
423;;1997-03-22;5;8;3521.92;1.0;da Mota do Oeste;AL;0.0;0.0;1.0;;100.0;4.91;3
424;Diego Vasconcelos;2001-04-08;9;2;4102.72;1.0;Cardoso;SE;1.0;1.0;1.0;;0.0;3.45;2
425;Sra. Liz Montenegro;2002-03-06;7;13;2463.31;0.0;Porto Alegre;GO;0.0;0.0;1.0;;40.0;6.69;4
426;Rebeca Cardoso;1996-03-23;7;19;2801.93;1.0;Borges da Praia;SC;1.0;0.0;1.0;Inventore ab odio ea ipsam magnam.;50.0;2.16;2
427;Dra. Alana Novais;2001-09-10;9;1;1458.56;1.0;Cavalcanti;!!;0.0;1.0;0.0;;75.0;5.01;1
428;Hellena Borges;2000-01-30;5;10;3421.58;1.0;XXXXXXXXXXXXXXXXXXXXXXXXXXXXXXXXXXXXXXXXXXXXXXXXXXXXXXXXXXXX;SE;1.0;0.0;1.0;;100.0;;0
429;!!!INVALID_DATA!!!;1999-11-24;5;6;653.2;;Nogueira do Galho;PR;0.0;1.0;0.0;;50.0;5.07;3
430;Maria Sophia Jesus;1995-06-20;3;6;846.02;1.0;;TO;1.0;1.0;0.0;;75.0;6.9;1
431;Breno Costela;1997-01-31;8;2;2268.44;0.0;Moura;RO;0.0;1.0;0.0;;100.0;6.68;2
432;Sophia da Cruz;1995-08-30;7;10;1022.7;1.0;Câmara da Praia;PA;1.0;1.0;0.0;;75.0;6.34;1
433;Francisco da Costa;2002-06-03;7;19;3155.67;0.0;Garcia do Galho;SE;1.0;1.0;0.0;;66.67;9.17;2
434;Ana Clara Rezende;1994-10-21;7;7;2724.15;0.0;Guerra de Santos;PA;1.0;1.0;1.0;;100.0;9.66;1
435;!!!INVALID_DATA!!!;1997-10-23;4;16;1865.49;0.0;Machado das Pedras;;1.0;0.0;0.0;Aspernatur quidem distinctio quia natus consequatur harum blanditiis.;16.67;8.26;1
436;Maria Flor Pinto;1997-10-29;5;15;1728.38;1.0;Alves Grande;MG;0.0;0.0;1.0;;25.0;;0
437;Camila Montenegro;1996-01-30;3;4;1391.62;;Novaes;AM;1.0;0.0;0.0;;75.0;6.93;2
438;Bianca Câmara;2002-04-03;5;4;1553.53;;Fogaça do Sul;SE;1.0;0.0;1.0;;55.56;4.29;2
439;Ana Beatriz da Rocha;1995-09-11;7;16;2818.59;0.0;da Rosa da Prata;PI;1.0;1.0;0.0;;0.0;9.05;1
440;Nicolas Abreu;2005-08-27;8;9;534.71;0.0;Porto de Siqueira;MT;1.0;0.0;0.0;;50.0;4.5;2
441;Nicolas Correia;2004-09-03;1;2;2068.51;0.0;Gomes do Oeste;SC;0.0;1.0;1.0;;60.0;;0
442;Sarah Siqueira;1998-05-29;2;19;849.0;1.0;da Cunha;RR;1.0;1.0;0.0;;60.0;2.43;2
443;Joana Pastor;2003-09-05;2;17;0.0;0.0;Sá;MT;0.0;1.0;1.0;;33.33;6.31;2
444;Luana Fonseca;1999-09-15;9;4;4748.79;1.0;Rezende do Norte;PA;1.0;0.0;0.0;;50.0;;0
445;!!!INVALID_DATA!!!;;6;19;2016.85;1.0;XXXXXXXXXXXXXXXXXXXXXXXXXXXXXXXXXXXXXXXXXXXXXXXXXXXXXXXXXXXX;MG;0.0;1.0;0.0;;50.0;5.54;4
446;Marcelo Sá;1999-01-23;7;8;4418.32;1.0;Ribeiro de Teixeira;PE;0.0;1.0;0.0;;100.0;;0
447;Aurora Leão;2000-08-21;2;2;558.88;0.0;Pinto de Câmara;XX;1.0;1.0;1.0;;25.0;4.91;4
448;Dr. Rael Novaes;1997-09-15;6;6;3817.03;0.0;Nogueira Grande;PE;0.0;1.0;0.0;;50.0;7.38;3
449;Sr. Nathan Leão;2005-09-14;3;5;2163.02;1.0;Souza de Minas;CE;1.0;1.0;0.0;Doloribus nam accusantium nisi et.;;6.08;2
450;Sra. Hadassa Pastor;1995-04-30;10;2;2163.03;1.0;Freitas;CE;0.0;0.0;1.0;;100.0;4.62;2
451;Davi Lucas Guerra;1994-05-21;8;14;4558.38;0.0;Câmara;RJ;1.0;0.0;0.0;;100.0;3.7;2
452;XXXXXXXXXXXXXXXXXXXXXXXXXXXXXXXXXXXXXXXXXXXXXXXXXXXXXXXXXXXXXXXXXXXXXXXXXXXXXXXXXXXXXXXXXXXXXXXXXXXXXXXXXXXXXX;2000-07-28;4;16;2330.34;1.0;Montenegro;DF;1.0;1.0;0.0;;75.0;;0
453;Nicole Montenegro;2003-03-28;4;20;1249.02;1.0;Moraes Alegre;BA;0.0;0.0;1.0;;33.33;1.24;3
454;Igor Martins;1995-12-07;6;12;2555.85;0.0;da Rocha Paulista;MT;1.0;1.0;1.0;;100.0;1.67;1
455;Dr. Anthony Cavalcante;2003-03-10;1;8;681.4;0.0;Fogaça de Minas;RR;0.0;1.0;1.0;;100.0;3.77;1
456;Lorenzo Garcia;1996-12-30;2;1;4989.36;0.0;das Neves da Prata;BA;0.0;0.0;1.0;Sunt nam facilis magnam.;50.0;3.82;1
457;Maysa Sales;;9;7;3311.82;1.0;Nogueira;TO;1.0;1.0;1.0;;100.0;5.69;1
458;Lívia Guerra;2006-12-09;1;18;2269.01;0.0;Fogaça;AL;1.0;1.0;;;50.0;7.41;2
459;Dr. Eduardo Azevedo;1998-07-11;4;12;4528.89;0.0;Fonseca;MA;0.0;1.0;0.0;Eaque necessitatibus soluta quia eum.;50.0;2.86;2
460;Bruno Fonseca;2006-07-03;5;18;1493.05;0.0;da Mota;GO;0.0;0.0;1.0;;66.67;1.73;3
461;Alexandre Câmara;2000-01-30;6;8;776.51;1.0;Novais Paulista;XX;0.0;0.0;1.0;;66.67;2.49;2
462;Clara Melo;2006-10-07;6;6;2142.41;0.0;Ferreira;AM;1.0;1.0;0.0;;50.0;6.21;1
463;Maria Julia da Cunha;2005-05-29;1;18;1503.07;1.0;Ferreira de Siqueira;SC;1.0;0.0;1.0;;50.0;4.26;3
464;;;8;10;2919.18;1.0;Souza;RR;0.0;1.0;0.0;!!!INVALID_DATA!!!;66.67;4.43;3
465;Thiago Oliveira;2000-03-14;9;7;3566.05;1.0;Garcia de Ribeiro;RJ;0.0;0.0;1.0;;;2.03;1
466;Srta. Emilly Siqueira;2003-08-12;9;13;2512.9;0.0;Borges do Galho;XX;1.0;0.0;0.0;;50.0;3.55;2
467;Maria Cecília Gonçalves;2004-05-23;7;12;;0.0;Rios de Goiás;PA;1.0;0.0;0.0;;50.0;4.88;2
468;Gustavo Henrique Casa Grande;1999-03-16;9;11;4918.82;0.0;Alves do Oeste;SC;1.0;0.0;1.0;;100.0;4.38;2
469;Lavínia Gomes;1998-06-28;1;9;569.25;1.0;Pereira do Norte;PI;1.0;1.0;1.0;;66.67;4.27;2
470;Henrique Santos;1997-06-23;3;14;4068.13;1.0;Oliveira;CE;1.0;1.0;1.0;;33.33;3.47;4
471;Joana Borges;1994-11-25;4;10;1684.13;0.0;Cirino Alegre;MG;1.0;1.0;1.0;;50.0;4.63;1
472;Davi Miguel Abreu;1998-10-06;6;15;1297.46;0.0;Almeida;GO;1.0;0.0;1.0;;33.33;5.82;2
473;!!!INVALID_DATA!!!;1995-05-06;4;16;1622.04;1.0;Novais;;1.0;1.0;0.0;;40.0;8.02;1
474;Sra. Maria Luiza Costela;1998-03-09;4;7;4112.29;0.0;Almeida;MG;1.0;1.0;1.0;;66.67;;0
475;Mateus Teixeira;;3;9;3882.36;1.0;Cirino de Castro;!!;1.0;;0.0;;0.0;;0
476;Luiz Henrique Pereira;1996-02-29;10;17;2682.63;1.0;Monteiro;SC;0.0;0.0;1.0;;50.0;3.78;1
477;Pedro Henrique Rios;2003-11-08;5;2;2295.33;0.0;Martins de Minas;AC;1.0;1.0;;Ipsum esse quod architecto.;0.0;2.09;2
478;Dra. Alice Mendonça;2002-08-25;6;15;4643.65;1.0;Abreu;SC;0.0;0.0;1.0;Sed nesciunt alias repudiandae animi aperiam beatae.;0.0;2.73;3
479;Dr. Yuri Ribeiro;2005-07-27;2;17;3776.53;0.0;Castro;AC;1.0;1.0;1.0;;0.0;5.51;3
480;Júlia Novaes;2006-06-05;10;4;2841.03;1.0;;ES;0.0;0.0;0.0;Cupiditate sit at laboriosam expedita reprehenderit incidunt natus.;40.0;6.54;3
481;Manuela Mendonça;2000-05-18;3;12;4755.62;0.0;Pimenta;PI;1.0;1.0;1.0;;80.0;0.36;1
482;Maria Júlia Fernandes;2001-03-16;9;3;4286.62;1.0;Costa;PI;0.0;0.0;0.0;;;;0
483;João Vitor Azevedo;1995-07-14;4;19;4799.0;0.0;Ramos;CE;1.0;1.0;0.0;;42.86;9.18;1
484;XXXXXXXXXXXXXXXXXXXXXXXXXXXXXXXXXXXXXXXXXXXXXXXXXXXXXXXXXXXXXXXXXXXXXXXXXXXXXXXXXXXXXXXXXXXXXXXXXXXXXXXXXXXXXX;2006-10-24;4;15;2292.43;1.0;Vasconcelos;MS;0.0;0.0;0.0;;33.33;1.09;1
485;Giovanna Costa;1995-05-15;6;14;0.0;1.0;Mendonça de Minas;PI;0.0;1.0;0.0;;;1.2;2
486;Ísis Vasconcelos;2006-02-22;2;11;3981.12;;Novaes;MS;0.0;1.0;0.0;;33.33;4.44;2
487;Ana Lívia Duarte;1994-12-28;1;10;0.0;0.0;Santos da Prata;GO;1.0;1.0;0.0;;0.0;5.68;3
488;Sr. Bryan Guerra;2000-10-19;9;3;2234.75;1.0;Gonçalves de Pinto;SP;1.0;0.0;0.0;;33.33;3.31;2
489;Mariane Rodrigues;1999-06-06;2;20;1421.61;1.0;Moraes Grande;PE;1.0;1.0;1.0;;0.0;6.73;4
490;Dr. Nicolas Pires;2002-11-17;8;19;1994.56;1.0;Sá;XX;1.0;1.0;0.0;;28.57;5.63;1
491;;1995-02-08;3;6;3076.02;0.0;Pires;PI;1.0;1.0;0.0;Corporis ad quaerat.;66.67;0.88;1
492;Joaquim da Mota;2000-05-07;1;20;1973.96;1.0;Duarte;TO;;0.0;1.0;In ut expedita beatae optio laboriosam.;0.0;4.12;1
493;Maria Isis Cunha;2002-06-05;8;14;2746.94;1.0;Câmara de Mendonça;MG;1.0;0.0;0.0;;50.0;5.39;1
494;Hadassa Vasconcelos;2001-02-13;10;20;1583.74;0.0;Novais do Sul;PR;0.0;1.0;0.0;;100.0;5.03;2
495;João Guilherme Viana;2000-04-13;3;10;2110.22;1.0;Cassiano;GO;1.0;1.0;;;100.0;6.06;3
496;Clara Jesus;2007-01-31;3;10;609.07;0.0;Cavalcanti;MS;1.0;0.0;1.0;;37.5;6.38;1
497;Sr. Caio Cardoso;1996-12-17;6;4;1729.36;0.0;Fogaça;MT;1.0;0.0;0.0;;0.0;;0
498;Daniel Moreira;2000-02-20;7;8;3379.88;0.0;Pimenta Verde;AL;0.0;1.0;1.0;;100.0;8.4;2
499;Srta. Mariane Peixoto;2002-10-27;5;20;1030.06;1.0;Cardoso;AM;1.0;1.0;1.0;;75.0;7.91;1
500;Vinicius Pimenta;2005-11-07;9;14;1262.89;0.0;Fogaça;RO;0.0;0.0;1.0;;50.0;3.78;1
501;Dr. Vicente Campos;2002-12-17;4;2;717.72;1.0;da Luz do Sul;PR;1.0;0.0;1.0;;100.0;3.14;2
502;Maria Sophia Silva;1994-07-28;5;5;1713.97;1.0;Pimenta;RS;1.0;1.0;0.0;;100.0;;0
503;!!!INVALID_DATA!!!;1997-11-01;9;12;783.39;1.0;Freitas Verde;RR;1.0;1.0;1.0;;50.0;3.3;2
504;Enzo Gabriel Fonseca;1998-11-29;5;5;1221.52;1.0;Barros;CE;0.0;1.0;0.0;;100.0;5.89;3
505;Sr. Vinicius Duarte;2002-09-22;9;7;977.43;0.0;!!!INVALID_DATA!!!;AM;1.0;1.0;1.0;;50.0;;0
506;Dr. Luiz Otávio da Rocha;2001-06-12;4;12;1848.44;0.0;XXXXXXXXXXXXXXXXXXXXXXXXXXXXXXXXXXXXXXXXXXXXXXXXXXXXXXXXXXXX;RR;1.0;0.0;0.0;;25.0;8.0;2
507;Caleb Monteiro;1997-01-04;9;19;1080.19;0.0;Vasconcelos;SE;0.0;0.0;1.0;;100.0;7.5;2
508;Bárbara Barros;1995-12-17;10;3;1440.6;1.0;da Rosa;RR;0.0;1.0;1.0;;66.67;2.91;1
509;Davi Luiz Aparecida;2005-06-07;8;17;4981.91;0.0;Costela de Sales;SC;1.0;1.0;0.0;;50.0;7.99;2
510;Ágatha Montenegro;;6;4;3864.28;1.0;Siqueira;RJ;1.0;0.0;1.0;;50.0;;0
511;Agatha Azevedo;2005-01-31;8;6;0.0;0.0;Souza;PI;0.0;0.0;1.0;;;;0
512;Dr. Renan Silva;2001-11-19;1;2;4343.25;1.0;Costa;AM;0.0;0.0;0.0;Inventore fugit aut eaque.;33.33;4.9;2
513;Augusto Rezende;1997-02-14;7;2;4693.73;0.0;Rios Alegre;RN;1.0;0.0;0.0;Quos distinctio unde sit.;66.67;9.12;1
514;Esther Moura;2002-06-21;8;2;3888.74;1.0;Siqueira Verde;SE;1.0;0.0;;Aut voluptas in ipsa fuga dolore.;50.0;;0
515;Srta. Heloisa Peixoto;2005-02-09;6;18;2298.92;1.0;Garcia;MA;1.0;1.0;1.0;;75.0;7.79;1
516;Bella Lima;1999-02-23;5;6;931.27;0.0;Cavalcanti;MS;0.0;0.0;1.0;;50.0;6.38;2
517;Luigi da Paz;1996-01-24;9;8;2035.95;0.0;Alves;TO;0.0;1.0;0.0;;57.14;6.57;1
518;Maria Laura da Rocha;2004-09-10;7;20;1224.46;1.0;Novais;TO;0.0;1.0;1.0;;50.0;2.69;2
519;Bento Nunes;1995-08-28;3;1;2758.52;0.0;da Luz;AM;1.0;0.0;0.0;;75.0;3.93;2
520;Théo da Paz;;8;19;2447.63;0.0;Alves;XX;0.0;1.0;0.0;;75.0;4.95;2
521;Sr. Marcelo Ferreira;;10;9;2740.37;0.0;;AP;0.0;1.0;0.0;;66.67;0.2;1
522;Srta. Laura Barros;2002-08-01;6;18;3009.06;1.0;!!!INVALID_DATA!!!;RJ;0.0;0.0;0.0;;33.33;2.41;3
523;Caroline Macedo;1998-07-04;1;7;3523.57;1.0;Almeida;SC;1.0;1.0;0.0;;0.0;6.43;2
524;Valentim Rocha;2006-06-22;10;13;4116.87;;Rezende;MS;1.0;1.0;0.0;;0.0;;0
525;Sra. Caroline Alves;2005-03-23;6;12;2262.76;0.0;Castro;ES;0.0;0.0;0.0;;100.0;;0
526;;;5;16;3402.14;1.0;Câmara;RO;0.0;1.0;0.0;;66.67;;0
527;Sr. Rafael Campos;2003-06-01;2;20;1310.47;1.0;Costa;CE;0.0;0.0;1.0;;25.0;5.11;2
528;Bryan Lima;2007-03-23;9;9;2914.71;1.0;Aparecida Alegre;RJ;1.0;0.0;1.0;;100.0;3.27;2
529;Ana Júlia Rios;2006-03-03;9;5;4522.04;1.0;da Mota;RJ;1.0;0.0;0.0;;50.0;2.91;2
530;Maitê Costela;2000-09-21;4;20;4067.26;0.0;Barros;SP;0.0;1.0;0.0;;0.0;8.27;3
531;Sr. Pedro Jesus;2001-09-19;9;11;3916.33;0.0;Lima;PR;1.0;0.0;0.0;;50.0;3.82;2
532;Sra. Isabella da Mota;1996-08-27;4;19;4338.6;0.0;Gomes;AP;1.0;0.0;1.0;Error iste recusandae quisquam laudantium.;0.0;7.38;2
533;Clarice Cavalcanti;2003-12-05;6;15;4898.27;0.0;Caldeira;AL;0.0;0.0;0.0;;100.0;3.1;1
534;Liam Novaes;;4;2;4010.85;0.0;Moraes Alegre;XX;1.0;1.0;1.0;Consectetur aliquam accusamus molestiae impedit consectetur.;50.0;6.82;1
535;Bryan Azevedo;1998-01-22;8;7;1476.84;1.0;Pinto;ES;1.0;0.0;1.0;;33.33;9.3;2
536;Clarice da Conceição;1999-05-06;3;14;3404.87;0.0;Gonçalves;ES;0.0;1.0;1.0;;100.0;6.39;5
537;Zoe Vasconcelos;2004-09-30;9;20;781.89;1.0;Brito do Amparo;RR;1.0;1.0;1.0;Corporis tempore delectus dolorum.;75.0;1.81;1
538;Calebe Lopes;1997-05-12;6;16;4923.38;0.0;Pires de Melo;SP;1.0;0.0;1.0;;20.0;4.46;2
539;Nathan Costa;2006-04-23;9;12;4574.21;1.0;Sales do Norte;AL;0.0;0.0;1.0;Voluptatum consectetur facilis nemo.;100.0;;0
540;Isabela Teixeira;2002-02-03;10;2;3614.6;0.0;Pacheco de Goiás;PA;0.0;0.0;0.0;;80.0;0.75;1
541;Dr. Ravy Cavalcanti;1999-07-02;3;3;4776.54;0.0;Cardoso;RJ;1.0;0.0;1.0;;0.0;2.73;2
542;Sra. Agatha Novais;2006-03-30;9;10;1252.15;0.0;Souza;!!;0.0;0.0;0.0;;100.0;5.12;3
543;Dra. Maria Vitória Vasconcelos;1996-04-05;1;12;541.0;0.0;Montenegro da Praia;TO;1.0;1.0;;A quae quibusdam.;16.67;6.69;3
544;Lucas Gabriel Macedo;1998-11-21;9;8;1673.32;1.0;Moura;RS;0.0;1.0;1.0;;33.33;4.94;3
545;Dra. Lara Farias;1998-02-10;10;7;4369.91;0.0;Borges;DF;0.0;1.0;1.0;Doloremque asperiores corporis suscipit recusandae.;25.0;;0
546;Noah Macedo;1996-10-24;8;6;4130.24;1.0;da Cruz;RJ;0.0;1.0;0.0;!!!INVALID_DATA!!!;0.0;4.41;5
547;;1996-05-04;1;17;4992.54;1.0;Sousa;BA;0.0;1.0;;;0.0;6.25;4
548;Anthony Gabriel Machado;2006-10-30;7;11;3927.04;1.0;Abreu;BA;1.0;1.0;1.0;;66.67;9.85;1
549;Sra. Ana Cecília Castro;2004-07-16;6;15;;0.0;Azevedo;SP;;0.0;0.0;;50.0;;0
550;Isis Alves;2003-10-14;9;1;3757.3;1.0;Moura;PI;0.0;1.0;;;50.0;6.7;2
551;Sra. Brenda Campos;1997-07-24;3;7;1491.64;0.0;Viana de Guerra;RS;0.0;1.0;0.0;;50.0;6.03;4
552;Alexandre Sousa;2002-09-27;7;9;1295.17;1.0;Sá;TO;0.0;0.0;;;50.0;;0
553;Agatha Rodrigues;2003-02-14;7;15;4976.22;1.0;Barbosa;RS;1.0;1.0;1.0;;40.0;8.26;1
554;Srta. Letícia Andrade;1999-08-02;10;7;1783.96;1.0;XXXXXXXXXXXXXXXXXXXXXXXXXXXXXXXXXXXXXXXXXXXXXXXXXXXXXXXXXXXX;PB;0.0;0.0;0.0;Totam itaque consectetur reiciendis sed possimus omnis.;66.67;2.29;1
555;Isadora Ramos;2001-12-23;8;14;4283.9;;Castro;GO;0.0;1.0;1.0;;;9.59;1
556;Sr. Vinicius Aparecida;1994-11-04;3;1;1028.28;0.0;Carvalho;PB;0.0;1.0;1.0;;;;0
557;Sr. Liam da Mota;1995-12-31;3;14;1143.94;1.0;Rocha do Campo;AM;0.0;0.0;1.0;Veritatis placeat cum voluptas veritatis.;50.0;4.39;7
558;Levi Ribeiro;2005-08-16;4;12;3202.88;0.0;Rios;TO;1.0;0.0;1.0;;0.0;3.79;4
559;Dr. Breno Casa Grande;1996-04-18;5;6;3008.32;0.0;Caldeira de Vargas;AC;0.0;0.0;0.0;;25.0;3.88;3
560;Dra. Ana Laura Sampaio;1999-07-15;2;11;3911.97;0.0;Aragão;PR;1.0;1.0;1.0;;100.0;7.59;2
561;Ravi Barbosa;1998-11-20;4;13;4351.68;1.0;Camargo Verde;TO;;1.0;1.0;;100.0;7.25;1
562;Caio Nogueira;2007-01-26;5;13;1761.81;1.0;Fernandes da Praia;AL;0.0;1.0;0.0;;50.0;0.43;1
563;Elisa das Neves;2002-06-06;9;8;4881.96;1.0;Sá;DF;0.0;0.0;0.0;;20.0;5.35;1
564;Diego da Costa;1995-01-24;5;6;3298.33;1.0;Andrade;!!;0.0;0.0;0.0;;66.67;5.33;1
565;Srta. Catarina Rodrigues;2005-08-23;9;15;3101.27;1.0;Gomes da Praia;!!;0.0;0.0;0.0;Dolores quas sequi excepturi quidem delectus.;33.33;3.52;3
566;XXXXXXXXXXXXXXXXXXXXXXXXXXXXXXXXXXXXXXXXXXXXXXXXXXXXXXXXXXXXXXXXXXXXXXXXXXXXXXXXXXXXXXXXXXXXXXXXXXXXXXXXXXXXXX;1995-11-01;5;16;3780.07;1.0;!!!INVALID_DATA!!!;GO;0.0;0.0;1.0;Magnam non odio vero.;60.0;2.34;1
567;Sra. Melina Vargas;1994-11-11;6;17;1109.33;0.0;Sousa de Montenegro;RS;0.0;0.0;0.0;Illo impedit voluptatem illo consequuntur magnam voluptas nemo.;100.0;7.69;1
568;Pedro Henrique Sales;1995-01-01;9;12;2589.12;0.0;Lopes;AM;0.0;0.0;0.0;Qui omnis quo earum provident veritatis repudiandae.;16.67;5.24;3
569;Olivia Novais;2007-01-12;10;12;2827.3;0.0;da Cruz;;1.0;0.0;0.0;;0.0;6.35;2
570;XXXXXXXXXXXXXXXXXXXXXXXXXXXXXXXXXXXXXXXXXXXXXXXXXXXXXXXXXXXXXXXXXXXXXXXXXXXXXXXXXXXXXXXXXXXXXXXXXXXXXXXXXXXXXX;2003-03-02;9;16;4097.75;0.0;;PE;0.0;0.0;1.0;;100.0;6.1;1
571;Maria Alice Ferreira;2005-12-04;8;17;749.33;0.0;Caldeira da Praia;SC;1.0;1.0;1.0;;50.0;5.24;3
572;Otávio Ribeiro;1997-08-25;10;13;3230.31;0.0;Costa de Minas;AC;;0.0;0.0;;20.0;4.58;1
573;XXXXXXXXXXXXXXXXXXXXXXXXXXXXXXXXXXXXXXXXXXXXXXXXXXXXXXXXXXXXXXXXXXXXXXXXXXXXXXXXXXXXXXXXXXXXXXXXXXXXXXXXXXXXXX;2002-08-07;10;11;2137.42;1.0;Melo;AC;1.0;1.0;0.0;;50.0;8.44;1
574;Emilly Leão;;10;3;3943.47;1.0;Nascimento;PE;1.0;0.0;1.0;Vel omnis laboriosam.;100.0;3.93;3
575;Dr. João Gabriel Castro;1999-01-29;5;1;628.31;0.0;Martins;RN;1.0;0.0;0.0;;0.0;6.25;2
576;Jade Machado;1998-05-15;8;6;3106.54;0.0;Oliveira;TO;0.0;0.0;1.0;;50.0;;0
577;Maria Vitória Rocha;2002-12-03;9;17;1988.0;1.0;;MG;1.0;1.0;0.0;;0.0;;0
578;;1996-11-01;9;6;4045.92;;da Mota;TO;1.0;1.0;1.0;;33.33;3.08;4
579;Rafaela Lopes;2001-01-08;3;4;1642.08;0.0;Nunes Paulista;SC;0.0;0.0;1.0;;0.0;5.88;2
580;Rebeca Pinto;1998-08-30;5;3;4292.21;1.0;Duarte Verde;PB;0.0;1.0;1.0;;0.0;2.94;2
581;Gabrielly Jesus;1997-05-27;4;5;4853.43;1.0;Garcia;DF;0.0;1.0;0.0;;100.0;5.96;2
582;Bruno Cavalcanti;1999-07-08;3;11;1863.62;0.0;!!!INVALID_DATA!!!;RJ;0.0;1.0;1.0;;66.67;8.23;2
583;Vitor Rios;1999-02-11;10;1;2432.83;0.0;Barros de Farias;RS;1.0;0.0;1.0;;16.67;6.15;1
584;Eduardo Moura;;4;19;3415.16;1.0;da Cunha;DF;1.0;0.0;0.0;;40.0;5.62;2
585;Ana Vitória das Neves;2002-08-31;7;8;1357.07;0.0;Lima;;;1.0;1.0;;50.0;2.57;1
586;Amanda Novais;2006-10-15;1;5;2457.02;1.0;Barbosa do Galho;PE;0.0;1.0;0.0;Sunt architecto vitae.;0.0;;0
587;Raquel Marques;1997-06-10;4;19;3789.72;0.0;Alves;RJ;1.0;1.0;0.0;Temporibus quis nulla similique.;0.0;4.9;2
588;Guilherme Abreu;;5;11;3238.56;0.0;Mendes do Norte;MA;0.0;0.0;1.0;;0.0;4.48;2
589;Olivia da Mata;;6;18;4724.87;1.0;Viana de Azevedo;AL;0.0;1.0;1.0;;0.0;0.33;1
590;Pedro Lucas Brito;2001-05-26;10;2;947.19;1.0;XXXXXXXXXXXXXXXXXXXXXXXXXXXXXXXXXXXXXXXXXXXXXXXXXXXXXXXXXXXX;RN;0.0;1.0;0.0;Eum eaque culpa iste consectetur aperiam.;25.0;7.96;1
591;João Lucas Oliveira;2004-12-27;4;3;4049.37;0.0;Nogueira;AP;1.0;;1.0;;50.0;;0
592;Ester Mendonça;1999-03-14;10;1;0.0;1.0;Araújo de Minas;GO;1.0;1.0;0.0;;0.0;4.51;2
593;Julia da Rocha;1997-10-18;2;2;;1.0;Porto de Cardoso;MT;1.0;0.0;0.0;;33.33;3.53;2
594;Srta. Liz Fogaça;2007-04-23;3;17;4495.74;1.0;da Conceição do Galho;TO;1.0;0.0;1.0;;0.0;7.17;2
595;Rafaela Borges;1995-09-18;8;16;4002.47;1.0;Câmara Verde;GO;1.0;1.0;1.0;;66.67;5.38;2
596;Noah Monteiro;2003-04-30;7;8;1446.23;0.0;Ferreira da Mata;XX;1.0;0.0;1.0;Cumque molestias ex eveniet repellendus architecto deleniti.;0.0;;0
597;André Garcia;2006-04-30;6;18;4949.29;1.0;Moura do Norte;MS;1.0;1.0;0.0;;50.0;3.23;2
598;Maria Cecília Costa;1995-11-23;1;5;4717.09;0.0;;BA;1.0;0.0;1.0;;0.0;4.44;2
599;Sr. Alexandre Mendes;2002-12-25;7;16;1287.42;1.0;Moura Verde;GO;1.0;0.0;0.0;;40.0;4.47;3
600;Theodoro Marques;2001-09-01;1;8;1880.91;1.0;Pimenta do Campo;PE;1.0;1.0;1.0;;100.0;7.05;2
601;;1998-03-14;1;8;3558.2;1.0;Câmara;MG;0.0;1.0;1.0;;50.0;0.86;1
602;Dra. Zoe Rezende;1994-08-27;5;15;897.97;1.0;Santos do Amparo;PR;0.0;1.0;1.0;;50.0;;0
603;Otto Araújo;1999-11-18;3;17;3540.7;0.0;!!!INVALID_DATA!!!;PB;1.0;0.0;1.0;;50.0;5.2;2
604;Esther Castro;2000-08-15;3;5;2651.77;0.0;Macedo;AM;0.0;0.0;1.0;;0.0;0.66;1
605;Maria Azevedo;2004-07-09;5;8;2523.83;0.0;Castro;PI;1.0;0.0;1.0;;62.5;5.3;1
606;Raul Rezende;2006-11-06;7;1;2668.68;0.0;Ribeiro;MT;1.0;0.0;0.0;;25.0;7.57;2
607;Srta. Zoe Silveira;2000-03-15;2;13;2666.36;1.0;da Cunha da Prata;MS;1.0;0.0;1.0;;50.0;7.88;2
608;Manuella Ribeiro;2006-06-16;1;20;974.45;0.0;Novais de Duarte;BA;0.0;0.0;1.0;;33.33;;0
609;Cauê Pereira;;2;15;692.63;0.0;da Paz da Praia;PA;0.0;0.0;1.0;;50.0;3.28;4
610;Anna Liz Pires;1995-06-24;3;2;3944.71;1.0;Fogaça Grande;BA;0.0;1.0;1.0;;100.0;9.15;1
611;João Barbosa;2005-08-15;7;2;1518.78;1.0;Alves;XX;0.0;1.0;1.0;Maiores enim totam suscipit quaerat repellat corrupti possimus.;60.0;9.23;1
612;Sr. Benicio Aragão;;2;10;632.95;1.0;Cirino do Oeste;ES;1.0;0.0;0.0;;0.0;;0
613;João Jesus;1999-08-22;5;16;2133.54;0.0;Araújo;RR;0.0;0.0;1.0;;50.0;;0
614;Heloisa Cardoso;1994-11-09;2;18;2140.84;0.0;Moura das Pedras;RR;0.0;1.0;0.0;;50.0;6.78;2
615;Dr. Matteo Aparecida;2005-10-21;6;17;635.14;0.0;Silveira;SE;0.0;0.0;0.0;;100.0;2.24;3
616;Levi Câmara;2004-11-04;7;13;2921.23;1.0;Costa;RR;0.0;1.0;1.0;;66.67;;0
617;Sr. Marcos Vinicius Rios;1999-12-03;2;7;3605.99;0.0;Azevedo;MT;1.0;0.0;1.0;Sapiente earum veniam culpa eaque.;0.0;9.85;1
618;!!!INVALID_DATA!!!;2003-12-02;4;19;3296.8;0.0;da Cruz das Flores;;0.0;0.0;0.0;Fugit consequatur fugiat minus atque.;0.0;7.27;1
619;Sr. João Gabriel Rios;1995-08-31;7;19;972.91;0.0;Borges;CE;1.0;1.0;0.0;Rerum cupiditate fugiat aut.;50.0;3.52;2
620;Maria Júlia Castro;1998-04-14;2;15;3952.11;1.0;Teixeira;AC;1.0;0.0;;;25.0;5.11;2
621;Lucas Gabriel Cavalcanti;;3;10;2397.99;1.0;Moura do Oeste;RR;1.0;0.0;1.0;;50.0;;0
622;Ravi Lucca Lima;2001-03-18;9;9;;0.0;Martins do Sul;RR;0.0;1.0;0.0;;66.67;7.73;4
623;Fernando Sá;2004-03-19;4;20;967.38;0.0;Almeida;MA;0.0;0.0;1.0;;60.0;8.79;2
624;Maria Isis Carvalho;2004-12-30;7;14;2600.2;0.0;Cirino de Costela;RJ;1.0;1.0;0.0;Nemo iusto vitae dicta.;60.0;1.48;2
625;Melina da Cunha;2002-10-26;9;5;666.0;0.0;Leão da Prata;AL;0.0;;0.0;;100.0;2.69;1
626;Luan Costela;1996-09-03;7;20;2318.64;0.0;XXXXXXXXXXXXXXXXXXXXXXXXXXXXXXXXXXXXXXXXXXXXXXXXXXXXXXXXXXXX;MA;1.0;1.0;1.0;;;;0
627;Sr. Liam da Cunha;2002-02-12;7;13;1681.19;0.0;Siqueira do Amparo;TO;0.0;0.0;0.0;;60.0;6.45;3
628;Davi Miguel Almeida;2007-03-08;2;1;0.0;1.0;da Paz;ES;0.0;1.0;0.0;;100.0;1.01;1
629;;1996-06-22;7;19;637.31;1.0;da Mota do Oeste;ES;0.0;0.0;;XXXXXXXXXXXXXXXXXXXXXXXXXXXXXXXXXXXXXXXXXXXXXXXXXXXXXXXXXXXXXXXXXXXXXXXXXXXXXXXXXXXXXXXXXXXXXXXXXXXXXXXXXXXXXXXXXXXXXXXXXXXXXXXXXXXXXXXXXXXXXXXXXXXXXXXXXXXXXXXXXXXXXXXXXXXXXXXXXXXXXXXXXXXXXXXXXXXXXXXXXXXXXXXXXX;42.86;5.21;1
630;Ana Novaes;2006-09-05;8;5;2985.85;0.0;Duarte;MS;0.0;1.0;1.0;;33.33;2.58;3
631;Nathan Casa Grande;2004-07-29;10;14;0.0;0.0;Oliveira;PB;1.0;0.0;0.0;;0.0;0.13;1
632;;1995-12-04;10;6;4252.57;1.0;Souza;MS;0.0;1.0;1.0;;57.14;5.65;2
633;Larissa da Rosa;2004-08-02;7;18;2734.97;0.0;Nogueira;MA;0.0;1.0;0.0;Officiis nam dolorem fugiat.;100.0;2.08;1
634;Lorenzo Ramos;2004-02-09;6;14;3875.2;1.0;Ribeiro da Prata;SC;1.0;0.0;1.0;;33.33;1.31;1
635;Sr. Emanuel Peixoto;1994-07-18;7;17;1611.86;1.0;!!!INVALID_DATA!!!;GO;1.0;1.0;0.0;;50.0;0.69;1
636;Pedro Lucas da Mota;2005-11-27;4;10;1581.34;1.0;Guerra de Minas;XX;1.0;1.0;1.0;;75.0;5.03;2
637;Danilo Nogueira;;1;3;3012.96;1.0;Silveira;SE;0.0;0.0;0.0;;60.0;7.84;2
638;Hadassa da Cunha;1998-12-05;10;14;2342.63;1.0;Siqueira de Brito;SC;;0.0;1.0;;40.0;5.76;2
639;Srta. Gabrielly Martins;2004-01-07;1;7;1070.51;1.0;Pires;GO;1.0;1.0;0.0;;25.0;3.9;1
640;Lucas Gabriel da Rocha;2005-02-16;5;18;3362.24;0.0;Araújo Grande;PR;0.0;1.0;0.0;;66.67;;0
641;Pietra Mendonça;1995-05-15;8;1;4776.61;0.0;!!!INVALID_DATA!!!;RN;;1.0;0.0;;33.33;6.81;3
642;Juliana Martins;1995-09-02;10;15;4478.57;1.0;Monteiro;RO;1.0;0.0;1.0;;50.0;6.03;1
643;Caroline Caldeira;2002-05-21;3;15;3113.3;1.0;Melo da Prata;SC;0.0;1.0;0.0;;66.67;2.61;3
644;Maria Vitória Brito;2002-02-12;5;14;4412.46;1.0;Abreu;TO;1.0;1.0;;;66.67;4.48;1
645;João Pedro Duarte;1998-04-10;10;9;1946.67;1.0;da Conceição da Praia;RS;1.0;1.0;0.0;;50.0;5.49;2
646;Vitor Santos;2000-09-11;6;7;0.0;1.0;XXXXXXXXXXXXXXXXXXXXXXXXXXXXXXXXXXXXXXXXXXXXXXXXXXXXXXXXXXXX;SC;0.0;1.0;1.0;Culpa dolor quas asperiores veniam nobis temporibus dolorum.;66.67;6.89;1
647;Cecília Camargo;2006-09-05;10;20;2227.39;0.0;da Mata;XX;1.0;0.0;0.0;;0.0;6.11;1
648;Renan Sales;1995-06-27;3;2;2797.43;1.0;Cassiano;RJ;0.0;0.0;0.0;Debitis officia suscipit in.;100.0;7.82;1
649;Bruna Novais;1995-05-24;8;15;1275.34;1.0;Camargo;RS;1.0;1.0;0.0;;60.0;;0
650;João Moura;1996-09-06;1;9;2725.89;;Garcia;PE;0.0;0.0;1.0;;50.0;9.28;1
651;Sr. Benjamin Martins;2002-11-25;8;2;1852.91;0.0;Souza;;0.0;0.0;1.0;;0.0;4.82;2
652;Melissa Barros;2006-07-28;7;5;4609.72;1.0;Rezende;SP;1.0;1.0;0.0;;100.0;6.87;1
653;Sr. Paulo Abreu;2006-06-14;8;15;1893.15;0.0;Nunes;AL;0.0;1.0;0.0;;33.33;6.04;2
654;XXXXXXXXXXXXXXXXXXXXXXXXXXXXXXXXXXXXXXXXXXXXXXXXXXXXXXXXXXXXXXXXXXXXXXXXXXXXXXXXXXXXXXXXXXXXXXXXXXXXXXXXXXXXXX;1999-12-05;2;10;4446.57;0.0;da Mata;MG;0.0;0.0;0.0;;0.0;;0
655;Dr. Davi Luiz da Luz;1998-11-11;9;6;1810.21;1.0;Alves de Viana;TO;0.0;0.0;0.0;;0.0;;0
656;Ísis Fogaça;2000-10-21;8;11;3285.52;1.0;Martins do Sul;PA;1.0;0.0;1.0;;0.0;5.42;1
657;Pietra Freitas;2002-02-04;10;5;4707.42;1.0;Souza da Praia;AL;1.0;0.0;0.0;Itaque minima iusto doloremque expedita libero eos.;66.67;4.77;4
658;Henry Cassiano;2000-01-20;10;12;4324.63;1.0;Pinto;RN;0.0;0.0;1.0;;75.0;4.49;5
659;Juan Macedo;2004-03-20;3;3;1529.7;1.0;Camargo da Prata;PR;1.0;1.0;1.0;;0.0;;0
660;Rafael Mendonça;2003-05-18;7;4;3130.66;0.0;Moreira;PE;0.0;0.0;1.0;;50.0;5.17;2
661;Luísa Gonçalves;2001-07-13;4;2;1476.53;0.0;Machado de Minas;MT;0.0;0.0;0.0;;25.0;3.57;1
662;Sra. Catarina Pinto;2007-04-09;6;10;2210.11;;Cardoso da Serra;TO;1.0;1.0;0.0;;28.57;7.81;3
663;Dr. Theo Sampaio;2006-06-16;5;16;1439.11;1.0;Carvalho;PE;1.0;1.0;1.0;;0.0;1.43;1
664;José Pedro Jesus;1995-04-20;8;9;2442.84;0.0;Silveira;RN;0.0;1.0;0.0;Facere eveniet libero eius beatae labore perferendis.;40.0;3.87;2
665;Rhavi Guerra;2002-03-09;10;10;1832.27;0.0;Castro de Minas;PR;1.0;1.0;0.0;;100.0;5.26;3
666;Emilly Rios;1998-12-13;5;15;1511.44;0.0;Sousa;!!;1.0;1.0;1.0;;25.0;6.29;3
667;Dante das Neves;2001-04-11;4;11;838.18;1.0;Siqueira das Flores;AC;1.0;0.0;1.0;;25.0;5.97;2
668;Rebeca Marques;2001-02-27;4;10;3574.36;1.0;Souza;MG;0.0;1.0;0.0;Necessitatibus a vero ab at doloremque.;0.0;6.99;1
669;Maria Clara Correia;1995-06-02;2;20;1203.28;0.0;Novaes do Oeste;PI;0.0;0.0;0.0;;33.33;7.8;3
670;Rafael Souza;;9;19;0.0;1.0;Castro de Alves;BA;0.0;0.0;0.0;;40.0;6.44;3
671;Maria Vitória Macedo;1994-10-18;9;12;4888.95;0.0;Cardoso;ES;0.0;1.0;1.0;;66.67;4.62;3
672;Eduardo Monteiro;2007-02-17;4;10;799.1;1.0;Andrade;AP;0.0;1.0;0.0;Ab distinctio esse temporibus quos ipsam.;33.33;6.25;2
673;;2006-07-02;5;17;4614.53;0.0;Cirino dos Dourados;MT;0.0;0.0;1.0;;50.0;;0
674;Gabrielly Caldeira;2000-02-24;1;1;4671.78;1.0;Guerra do Norte;MT;1.0;0.0;0.0;Assumenda possimus aspernatur vero.;25.0;;0
675;Maria Eduarda Rios;1994-11-01;1;1;4833.05;1.0;Castro;MA;0.0;1.0;1.0;Reiciendis eos sunt.;20.0;4.28;1
676;Lucas Gabriel Correia;1998-08-09;1;11;4782.16;0.0;Lopes de Fernandes;PA;1.0;0.0;0.0;;;8.12;1
677;José Leão;2004-05-26;3;4;2963.76;0.0;Ribeiro;RJ;1.0;0.0;1.0;XXXXXXXXXXXXXXXXXXXXXXXXXXXXXXXXXXXXXXXXXXXXXXXXXXXXXXXXXXXXXXXXXXXXXXXXXXXXXXXXXXXXXXXXXXXXXXXXXXXXXXXXXXXXXXXXXXXXXXXXXXXXXXXXXXXXXXXXXXXXXXXXXXXXXXXXXXXXXXXXXXXXXXXXXXXXXXXXXXXXXXXXXXXXXXXXXXXXXXXXXXXXXXXXXX;0.0;0.41;1
678;Ian Rocha;1996-10-26;9;20;1648.91;1.0;Moraes;AL;0.0;;0.0;;75.0;5.63;5
679;Hellena Barros;2003-07-30;8;20;1146.26;1.0;Duarte;CE;1.0;0.0;0.0;;75.0;2.7;1
680;Maria Luísa Marques;1999-10-02;7;20;4478.95;0.0;Oliveira de Cunha;AM;0.0;0.0;0.0;;66.67;4.75;2
681;Sara Sousa;2003-07-23;2;15;3526.8;1.0;da Luz;PA;0.0;0.0;0.0;;33.33;;0
682;Mathias da Conceição;2003-11-15;4;15;4581.12;0.0;da Conceição;PA;0.0;0.0;1.0;;40.0;7.84;1
683;Jade Fonseca;1998-07-06;8;16;1202.25;1.0;Cirino do Norte;;0.0;1.0;0.0;;50.0;2.99;1
684;Cauê Ribeiro;1995-12-24;7;2;2576.85;1.0;da Mota do Oeste;DF;0.0;1.0;0.0;;33.33;9.88;1
685;Agatha Camargo;2006-11-13;7;4;4964.9;0.0;Fonseca Paulista;SP;1.0;1.0;1.0;Dicta illo velit velit blanditiis animi vel ab.;100.0;;0
686;Letícia Nogueira;1997-10-16;3;7;505.52;0.0;Correia;SE;1.0;0.0;1.0;;66.67;2.56;2
687;Júlia Gonçalves;1996-10-08;9;12;2118.9;1.0;Aragão;ES;0.0;0.0;0.0;;100.0;5.43;2
688;Matheus Câmara;1997-11-17;3;4;907.2;1.0;Farias;CE;0.0;0.0;0.0;;33.33;1.85;2
689;Kamilly Moreira;2006-09-07;2;5;3292.6;0.0;da Paz de Pacheco;MA;1.0;1.0;0.0;;83.33;6.38;2
690;Luana da Costa;2004-06-24;7;16;1604.54;0.0;Farias do Galho;MT;1.0;0.0;1.0;;60.0;7.67;2
691;Leonardo Moraes;1994-06-09;10;17;2643.76;0.0;Nunes do Sul;PR;1.0;0.0;0.0;Distinctio iste at est natus explicabo tenetur.;66.67;3.84;2
692;!!!INVALID_DATA!!!;1994-07-11;9;16;4898.03;1.0;Vasconcelos;PR;0.0;0.0;1.0;;100.0;2.07;2
693;Ravy Gonçalves;;4;1;4884.79;0.0;XXXXXXXXXXXXXXXXXXXXXXXXXXXXXXXXXXXXXXXXXXXXXXXXXXXXXXXXXXXX;PE;1.0;0.0;0.0;;50.0;3.29;2
694;Larissa Cardoso;2002-01-23;8;4;2806.31;1.0;Pinto da Prata;MS;0.0;0.0;0.0;;50.0;5.77;2
695;Dra. Eloá Farias;2000-08-28;7;5;4793.03;0.0;Costa;SE;1.0;1.0;1.0;;60.0;4.03;2
696;Maria Luiza Castro;2004-05-10;9;4;1932.23;0.0;Mendes dos Dourados;RN;1.0;0.0;0.0;Eveniet cumque commodi.;50.0;0.72;1
697;Cauê Abreu;2001-06-25;1;16;;0.0;Nascimento;MT;0.0;0.0;1.0;;50.0;6.69;1
698;João Felipe Monteiro;2004-03-11;5;8;3913.25;0.0;Sá de Abreu;SP;0.0;1.0;0.0;;66.67;;0
699;Rodrigo da Costa;2001-11-22;10;11;619.68;1.0;Borges;MA;0.0;1.0;0.0;Autem nam vitae delectus.;50.0;;0
700;Lara Almeida;2005-06-04;7;3;4972.57;1.0;Santos de Pereira;MG;1.0;1.0;1.0;;33.33;;0
701;Eloah Fogaça;1998-12-30;6;17;2899.14;1.0;Camargo das Pedras;;0.0;0.0;1.0;Consequatur dignissimos minima autem.;0.0;8.09;1
702;Dr. Thales Brito;2004-11-26;9;6;1895.78;1.0;Leão Verde;RJ;0.0;1.0;0.0;;40.0;;0
703;!!!INVALID_DATA!!!;;2;1;4587.65;1.0;Moreira do Sul;XX;1.0;1.0;1.0;;100.0;4.6;2
704;Sr. Luiz Fernando Moreira;1999-11-17;3;13;2948.41;0.0;Araújo de Viana;MT;1.0;1.0;1.0;;66.67;8.33;1
705;Dr. Enzo Gabriel da Cruz;1994-11-08;9;19;3279.84;0.0;Sampaio;AC;1.0;1.0;1.0;;100.0;;0
706;Aylla Farias;2002-03-16;5;17;2860.26;0.0;Lopes;PE;1.0;1.0;1.0;;50.0;4.44;1
707;Dr. Vitor Monteiro;2004-11-26;2;3;1508.47;1.0;!!!INVALID_DATA!!!;XX;0.0;0.0;;;100.0;2.22;1
708;Théo Martins;1995-06-17;5;20;729.34;1.0;Rodrigues;PI;1.0;1.0;0.0;;42.86;4.61;4
709;Miguel Pimenta;2004-08-07;3;4;3864.51;1.0;Pimenta das Flores;RN;0.0;1.0;1.0;;0.0;1.54;2
710;Maitê Rezende;2005-01-25;10;4;969.51;1.0;Borges de Costela;PI;1.0;1.0;0.0;;80.0;6.54;3
711;Jade Pastor;1999-01-08;3;7;2487.59;1.0;Teixeira de Santos;PE;;0.0;1.0;Non sapiente ipsam reiciendis illo nostrum.;50.0;;0
712;Sra. Rafaela da Mata;1995-02-11;9;6;3572.54;0.0;Casa Grande;RS;0.0;1.0;0.0;;66.67;;0
713;Caleb Moraes;2005-10-10;1;15;1145.9;0.0;Borges;RS;0.0;0.0;1.0;;80.0;7.1;3
714;Luiza Nunes;2002-06-01;5;20;1186.63;1.0;Souza;XX;1.0;0.0;1.0;;0.0;3.01;3
715;Maria Isis Fogaça;2003-01-29;1;17;3071.35;0.0;Pacheco das Pedras;AL;0.0;0.0;0.0;;50.0;3.01;1
716;Luan Novaes;1997-12-19;5;14;2562.32;0.0;Aparecida da Mata;SE;1.0;1.0;0.0;;50.0;4.07;1
717;Mirella Castro;2001-12-19;2;4;2251.87;0.0;Vieira;PR;1.0;0.0;1.0;;100.0;7.54;3
718;Lara Fernandes;1996-01-18;6;7;3327.32;0.0;Brito da Praia;AM;1.0;1.0;0.0;;0.0;5.22;2
719;João Felipe Sá;1994-06-20;5;15;659.8;1.0;Ramos de Goiás;CE;0.0;1.0;1.0;;0.0;7.13;2
720;Marcela Andrade;1998-12-12;5;3;3840.55;0.0;Fogaça;PE;0.0;0.0;0.0;;0.0;;0
721;Heloisa Rocha;2002-12-17;1;1;2122.67;0.0;Rodrigues;RR;0.0;0.0;1.0;;100.0;2.04;1
722;Bruna da Conceição;1994-05-24;8;2;3554.27;0.0;Costela dos Dourados;RS;1.0;0.0;1.0;;83.33;7.62;3
723;Olivia Alves;2001-09-14;3;8;1693.03;0.0;Moreira;DF;0.0;0.0;1.0;;75.0;6.79;2
724;Marcela Fernandes;1998-06-08;4;20;1034.26;1.0;Barros;MG;0.0;1.0;1.0;Laborum veritatis quaerat iste.;33.33;5.46;1
725;Sr. Vitor Gabriel Vargas;2000-12-23;5;13;2109.55;1.0;da Rosa;MT;0.0;0.0;0.0;;66.67;;0
726;Luna Aparecida;1998-12-17;8;5;4965.72;0.0;Moura da Mata;PI;0.0;0.0;0.0;;25.0;2.2;1
727;Dra. Natália Guerra;1996-06-09;1;1;827.37;0.0;Albuquerque dos Dourados;DF;1.0;0.0;0.0;Temporibus qui enim officiis et optio incidunt.;0.0;3.6;1
728;Sara Jesus;2000-02-16;1;13;2908.49;0.0;Carvalho do Galho;SE;1.0;0.0;0.0;;33.33;4.49;1
729;Daniel Viana;1995-04-12;3;4;4854.19;;Vieira;AL;0.0;0.0;1.0;;85.71;;0
730;Luana Sousa;;9;16;2182.75;0.0;Dias;PR;0.0;1.0;1.0;;25.0;;0
731;Sra. Caroline Fernandes;2005-09-28;9;19;3900.74;1.0;Mendonça de Minas;MT;1.0;1.0;1.0;Rem impedit officia.;0.0;4.89;4
732;Vitor Azevedo;2001-05-27;10;4;3598.51;1.0;Castro;!!;1.0;0.0;0.0;;66.67;2.26;1
733;Gabrielly Montenegro;2003-08-10;6;11;911.57;1.0;Azevedo de Lima;AL;1.0;0.0;1.0;;50.0;;0
734;Julia Lima;1998-11-02;2;4;3806.12;0.0;XXXXXXXXXXXXXXXXXXXXXXXXXXXXXXXXXXXXXXXXXXXXXXXXXXXXXXXXXXXX;ES;0.0;1.0;1.0;;50.0;8.23;4
735;Thomas da Costa;1995-10-31;6;9;1700.59;1.0;Marques de Nascimento;RN;0.0;1.0;0.0;;66.67;5.62;4
736;Leandro Freitas;2004-12-06;4;12;1721.98;1.0;Ferreira;AM;1.0;0.0;0.0;;50.0;4.32;2
737;Diego Cavalcante;2006-01-30;9;12;4789.89;1.0;Ribeiro de da Mata;GO;0.0;0.0;1.0;;75.0;0.69;2
738;Raul Teixeira;2002-12-27;3;8;2260.81;0.0;Alves do Sul;BA;0.0;0.0;0.0;;66.67;1.66;1
739;Sr. Vicente Marques;2001-12-24;4;9;3345.46;0.0;Monteiro;RO;1.0;1.0;0.0;;75.0;3.33;2
740;Maysa Andrade;1999-07-18;8;3;1841.73;1.0;Costela de Moreira;MG;1.0;0.0;1.0;;50.0;8.57;1
741;Maria Cecília da Paz;1997-09-24;1;12;;1.0;;PR;0.0;1.0;0.0;;100.0;;0
742;Davi Lucas Lopes;;8;14;1929.37;0.0;da Cunha;PB;0.0;1.0;1.0;Vitae maiores neque nulla sunt aspernatur.;40.0;1.94;1
743;Gael Henrique Carvalho;2004-10-14;4;3;4805.94;1.0;Fernandes;AM;0.0;1.0;1.0;;50.0;0.61;2
744;Heitor Rocha;1998-01-30;9;16;1612.08;0.0;Casa Grande;RJ;1.0;1.0;0.0;Explicabo earum consequatur minima dolorum.;50.0;9.97;1
745;Breno Albuquerque;1994-05-02;3;2;1326.24;1.0;Caldeira do Campo;PR;0.0;1.0;1.0;;33.33;6.2;5
746;Fernanda Caldeira;1999-03-26;1;12;3318.46;1.0;Machado;;1.0;0.0;0.0;;66.67;5.56;3
747;Dra. Laura Nogueira;;4;8;3946.7;1.0;Oliveira de Goiás;RS;1.0;1.0;1.0;;50.0;6.22;1
748;Manuela Aparecida;2003-10-23;7;17;3806.75;0.0;da Mata das Flores;CE;1.0;0.0;0.0;;0.0;7.66;3
749;João Miguel Porto;2005-11-13;9;2;3626.69;1.0;da Cruz;GO;1.0;1.0;0.0;;33.33;4.52;5
750;Júlia Jesus;2001-12-11;2;3;1351.98;0.0;Teixeira de Vargas;RJ;0.0;0.0;1.0;;60.0;7.87;2
751;Gael Alves;1999-07-21;9;15;3410.82;;Guerra do Norte;;0.0;1.0;;Impedit perferendis ducimus unde placeat temporibus.;50.0;;0
752;Anthony Gabriel Peixoto;2000-09-02;6;15;2848.24;1.0;Duarte da Mata;MG;1.0;1.0;0.0;;50.0;4.83;2
753;Caleb da Conceição;1995-11-21;7;15;3428.58;1.0;Costa de Cavalcante;PB;0.0;1.0;1.0;;66.67;5.2;2
754;Sr. José Miguel da Mota;2002-10-09;4;20;4393.65;0.0;Costa;MG;0.0;0.0;0.0;;50.0;;0
755;Yasmin Martins;2005-02-04;7;6;2190.92;1.0;Mendonça de Minas;MA;0.0;1.0;0.0;;75.0;1.29;1
756;Maria Vitória Garcia;1999-04-25;6;4;2250.37;0.0;Souza;MT;1.0;0.0;;;100.0;7.15;1
757;Olivia Campos;2001-03-15;4;17;2111.79;0.0;Martins de Ribeiro;SC;0.0;1.0;0.0;;40.0;5.05;2
758;Antonella Vasconcelos;2002-08-02;7;17;2592.39;1.0;Machado;;1.0;;1.0;;83.33;8.05;1
759;Enzo Dias;2004-08-09;9;15;2904.28;0.0;;AM;0.0;1.0;0.0;;0.0;1.55;1
760;Jade Dias;2002-06-27;10;19;3861.05;1.0;Aragão;SP;1.0;0.0;0.0;;50.0;3.22;1
761;João Lucas da Cruz;1998-02-09;8;10;1587.34;0.0;XXXXXXXXXXXXXXXXXXXXXXXXXXXXXXXXXXXXXXXXXXXXXXXXXXXXXXXXXXXX;SE;0.0;0.0;0.0;Occaecati aliquid necessitatibus perferendis voluptate amet minus.;33.33;5.24;2
762;João da Cruz;1999-07-16;4;10;541.55;1.0;Peixoto;AP;0.0;1.0;0.0;;75.0;0.08;1
763;Dr. Juan Caldeira;2000-09-10;8;12;2518.46;0.0;Fogaça de Camargo;RN;1.0;0.0;1.0;;42.86;5.73;2
764;Lunna Farias;2003-12-10;2;4;1214.81;0.0;Silveira de Macedo;PE;1.0;0.0;0.0;Tempore expedita dolores repudiandae labore hic maiores.;100.0;9.94;1
765;Sra. Eloá Pimenta;2004-10-12;1;11;2414.0;0.0;Cavalcanti da Prata;AL;1.0;0.0;1.0;Corporis repudiandae ad qui eum.;0.0;;0
766;Stella Mendes;1998-11-22;7;18;4859.17;0.0;Vieira;SE;0.0;0.0;1.0;;100.0;3.13;2
767;Sra. Melina Vieira;2006-11-11;5;11;3094.5;1.0;da Conceição;CE;1.0;1.0;1.0;;60.0;3.15;3
768;Thales Leão;1995-09-17;9;5;2095.72;1.0;Costa da Serra;PA;1.0;1.0;1.0;;100.0;3.29;1
769;!!!INVALID_DATA!!!;1998-08-25;3;18;3205.3;1.0;Araújo Verde;MG;0.0;0.0;1.0;;100.0;;0
770;Srta. Ayla Carvalho;2002-03-07;6;19;3753.77;1.0;;BA;0.0;0.0;0.0;;0.0;;0
771;Dr. Miguel Nogueira;1995-05-28;2;11;3352.57;1.0;da Mata de Novaes;PB;1.0;0.0;1.0;;60.0;5.88;2
772;Ana Júlia Caldeira;2000-03-10;9;5;1982.27;1.0;Siqueira;RJ;1.0;1.0;0.0;;50.0;3.35;3
773;Luan da Rosa;1996-01-22;10;6;1537.34;1.0;Rios dos Dourados;RJ;0.0;1.0;1.0;;100.0;1.94;1
774;Oliver Barros;1994-07-03;2;19;3627.8;0.0;Moreira dos Dourados;BA;1.0;1.0;1.0;Unde provident quod sunt.;33.33;4.89;2
775;Mateus Freitas;1996-02-19;10;17;3491.45;1.0;Mendonça de Almeida;CE;1.0;0.0;1.0;;40.0;4.48;3
776;Matteo Nunes;2003-07-01;9;11;4976.73;1.0;Machado Alegre;RN;1.0;1.0;0.0;Perferendis in incidunt amet tempora dolore.;33.33;5.36;2
777;Sr. Alexandre Macedo;1995-09-18;6;16;4894.17;0.0;Rodrigues dos Dourados;AC;0.0;0.0;1.0;;40.0;1.88;1
778;Maitê Santos;2002-08-20;6;9;1475.38;0.0;;CE;1.0;1.0;0.0;Corrupti atque ipsa id.;50.0;4.08;2
779;Catarina Fonseca;1994-12-03;10;1;525.6;0.0;Cardoso;MG;1.0;1.0;0.0;Vero fugiat fugit odit corrupti.;66.67;2.59;3
780;Valentim Nascimento;1996-11-05;6;6;2665.66;0.0;Sampaio;RR;0.0;1.0;0.0;;16.67;5.92;4
781;Sr. Ravi Lucca Souza;2004-01-12;10;13;2368.48;1.0;Azevedo;PA;0.0;0.0;0.0;;100.0;;0
782;Dra. Luiza Barbosa;2004-02-23;7;6;1609.79;0.0;Carvalho de da Rocha;;0.0;1.0;0.0;Libero est nesciunt voluptatum doloremque fugit doloribus.;50.0;1.39;1
783;Marcelo Pereira;2002-05-19;3;8;1225.67;1.0;Albuquerque;XX;0.0;0.0;1.0;;60.0;8.77;1
784;Ana Carolina Martins;2000-06-27;3;8;3453.8;0.0;Camargo;MS;0.0;0.0;0.0;;100.0;2.67;3
785;Rhavi da Luz;2000-05-03;7;12;2693.84;1.0;Dias;PI;0.0;0.0;0.0;;0.0;0.22;1
786;Pedro Duarte;1997-03-11;8;9;3518.42;0.0;Alves do Sul;MG;0.0;1.0;0.0;;100.0;1.6;1
787;Emanuelly da Costa;2002-08-11;6;18;3316.56;0.0;Oliveira Verde;CE;;1.0;0.0;;100.0;3.73;3
788;João Felipe Araújo;2002-05-04;7;13;1421.99;1.0;Pastor;PI;0.0;0.0;0.0;;100.0;9.37;1
789;Nicolas Melo;2006-05-10;9;1;3091.05;0.0;XXXXXXXXXXXXXXXXXXXXXXXXXXXXXXXXXXXXXXXXXXXXXXXXXXXXXXXXXXXX;BA;0.0;0.0;1.0;;0.0;;0
790;Lucca Macedo;2001-08-04;9;10;1294.24;;Abreu;RJ;1.0;;;;0.0;3.4;2
791;Maria Eduarda Sampaio;2003-01-30;3;8;698.5;0.0;Pastor dos Dourados;RN;1.0;1.0;1.0;Reiciendis possimus ad vero.;0.0;2.34;1
792;Benício Almeida;1999-06-12;10;7;3995.74;0.0;Leão;MA;0.0;0.0;1.0;;28.57;5.01;2
793;Bárbara Silveira;1999-01-05;8;8;2507.84;0.0;Almeida;AM;0.0;0.0;1.0;;100.0;4.91;2
794;Felipe Aragão;2003-05-21;4;8;4165.95;1.0;Siqueira;BA;1.0;1.0;1.0;Qui quam blanditiis delectus amet odio.;100.0;;0
795;Luna Sampaio;2005-03-16;10;13;3613.45;0.0;Abreu;!!;1.0;;1.0;Eligendi atque aliquam porro corporis.;50.0;4.56;2
796;Srta. Maria Julia Novais;2006-03-15;10;8;1044.59;0.0;;PR;0.0;1.0;0.0;;75.0;4.93;2
797;Kevin Nogueira;2003-03-26;4;12;4366.0;0.0;Camargo;PB;1.0;1.0;0.0;Earum molestias quasi harum.;66.67;8.35;1
798;Fernanda Fernandes;1997-01-11;5;4;4214.48;0.0;Cunha;AL;0.0;0.0;1.0;;66.67;;0
799;Caroline Novais;1997-12-14;8;10;;0.0;Araújo;RR;1.0;1.0;1.0;;25.0;2.56;2
800;Benjamin Casa Grande;2003-05-20;5;3;2032.49;0.0;Sousa;PE;0.0;1.0;1.0;;0.0;4.2;2
801;Natália Camargo;1997-03-22;1;8;1439.61;0.0;Novais das Pedras;DF;0.0;1.0;0.0;;0.0;5.17;1
802;José Miguel Porto;1997-10-19;8;10;1430.17;0.0;Ramos Grande;RJ;0.0;0.0;;;33.33;6.35;2
803;Sr. Yago Machado;;2;3;959.57;1.0;Marques das Flores;BA;1.0;0.0;0.0;;0.0;1.43;2
804;Ravi Brito;;1;11;542.96;1.0;Albuquerque;MA;0.0;0.0;1.0;;50.0;1.87;2
805;!!!INVALID_DATA!!!;2003-09-11;9;13;4373.7;1.0;Alves;SP;0.0;1.0;0.0;;66.67;3.04;2
806;Joana Sales;;8;17;2076.48;1.0;Cavalcanti;PR;0.0;0.0;1.0;;33.33;;0
807;!!!INVALID_DATA!!!;1995-09-20;8;17;4811.49;0.0;Freitas de Macedo;SE;0.0;1.0;1.0;;20.0;3.72;1
808;Srta. Ester Rezende;1994-05-15;5;4;1581.77;0.0;Almeida;RS;0.0;0.0;1.0;;50.0;;0
809;Ian Mendonça;2001-08-25;9;4;1802.0;0.0;Cardoso do Campo;SE;1.0;1.0;1.0;;66.67;2.91;4
810;Enzo da Cruz;1995-08-26;10;7;1387.86;0.0;Leão da Prata;PR;0.0;0.0;1.0;Tenetur tenetur impedit temporibus vel nobis maxime.;33.33;;0
811;Josué Caldeira;1994-12-10;2;2;2495.73;0.0;Barbosa;XX;1.0;;1.0;;0.0;4.03;1
812;!!!INVALID_DATA!!!;2000-09-21;5;9;4041.28;0.0;Ramos;MA;0.0;1.0;1.0;;66.67;5.81;3
813;Júlia Novaes;;8;8;2432.87;1.0;Fogaça de Pereira;ES;0.0;0.0;1.0;;50.0;5.01;2
814;Luna Lopes;1996-05-14;8;13;807.75;0.0;da Conceição;RN;0.0;1.0;0.0;;33.33;5.64;4
815;Henry Gabriel Camargo;1995-01-09;1;17;1518.88;1.0;Teixeira;PA;0.0;0.0;1.0;;40.0;5.33;1
816;Maria Flor Brito;2000-02-26;4;14;3882.19;1.0;Aragão;SC;0.0;0.0;1.0;Ipsum nobis harum quae alias porro.;33.33;8.67;2
817;Sarah Pimenta;1999-03-16;3;9;3882.29;0.0;Fonseca;RS;0.0;1.0;0.0;;0.0;2.19;3
818;Lavínia Almeida;;10;3;1758.73;0.0;XXXXXXXXXXXXXXXXXXXXXXXXXXXXXXXXXXXXXXXXXXXXXXXXXXXXXXXXXXXX;BA;1.0;0.0;1.0;Quidem sed corrupti placeat fugit.;;8.23;2
819;Mariah Nunes;2002-03-09;9;17;4740.07;0.0;Correia;MS;0.0;0.0;0.0;;50.0;5.52;3
820;Julia Abreu;1998-04-15;8;6;4622.18;1.0;Ribeiro das Flores;AM;0.0;0.0;0.0;Accusantium voluptatum deleniti voluptatum.;25.0;;0
821;Marina da Conceição;1997-01-27;10;11;3740.89;0.0;Jesus do Oeste;AL;1.0;0.0;1.0;;0.0;3.14;3
822;Camila Fogaça;1998-10-12;7;2;2234.65;1.0;Porto da Serra;RN;0.0;1.0;0.0;;25.0;6.87;4
823;Henrique Vasconcelos;2003-06-22;8;13;3191.23;1.0;Vieira da Praia;AC;0.0;0.0;0.0;;0.0;8.08;2
824;XXXXXXXXXXXXXXXXXXXXXXXXXXXXXXXXXXXXXXXXXXXXXXXXXXXXXXXXXXXXXXXXXXXXXXXXXXXXXXXXXXXXXXXXXXXXXXXXXXXXXXXXXXXXXX;2002-01-01;2;15;3445.89;0.0;Aragão do Amparo;RJ;1.0;1.0;0.0;Beatae vero veniam omnis mollitia.;50.0;0.29;3
825;Asafe Sá;2002-10-25;3;4;3376.95;1.0;Abreu;MT;0.0;1.0;0.0;Non hic molestias a voluptate at.;16.67;2.91;1
826;Lucca Melo;2003-03-09;8;16;982.82;1.0;da Rocha da Prata;RS;0.0;0.0;1.0;;100.0;;0
827;Davi Lucca Nunes;2005-03-30;8;4;1675.12;0.0;Gonçalves de Santos;SP;1.0;0.0;1.0;;0.0;;0
828;Dra. Luiza Correia;;7;15;3969.05;0.0;Teixeira da Praia;CE;1.0;0.0;0.0;;50.0;7.29;1
829;Srta. Júlia Silveira;2004-06-18;4;8;4596.18;0.0;Casa Grande;AP;0.0;0.0;0.0;;0.0;3.39;2
830;Isaac Cunha;2006-02-15;9;7;0.0;0.0;Oliveira;RS;1.0;1.0;0.0;;0.0;1.0;1
831;Luna Alves;1996-08-21;4;9;2249.23;1.0;Costa;PB;0.0;0.0;0.0;;0.0;2.83;3
832;João Vitor Pimenta;2007-03-18;3;17;3648.53;1.0;Souza;BA;0.0;0.0;1.0;Adipisci ut ab.;0.0;3.39;3
833;Ana Sophia Costela;2002-11-10;2;8;4259.43;1.0;Duarte;AC;0.0;1.0;0.0;Dolores tempore sed.;20.0;8.12;2
834;Kamilly Garcia;2007-02-19;8;16;3357.9;1.0;Porto de Jesus;CE;0.0;0.0;1.0;;85.71;;0
835;Ryan Borges;;6;19;1025.36;1.0;Souza do Norte;PR;0.0;0.0;1.0;;100.0;8.86;1
836;Jade Rodrigues;1996-01-08;3;8;3855.26;1.0;Rezende;MA;0.0;0.0;0.0;Aliquam maiores incidunt magnam animi saepe quos occaecati.;60.0;6.95;2
837;Melina Nascimento;2000-08-24;4;18;2698.51;1.0;Novaes;ES;1.0;1.0;0.0;;50.0;3.48;1
838;Arthur Garcia;2006-10-27;6;18;3439.55;1.0;Pimenta do Campo;MS;0.0;0.0;1.0;;0.0;;0
839;Agatha Sousa;2000-10-03;6;3;1098.84;1.0;Sampaio;BA;0.0;1.0;0.0;;50.0;4.03;2
840;Ana Beatriz da Costa;2002-11-23;2;6;4299.71;0.0;Santos de Goiás;XX;0.0;1.0;0.0;;50.0;3.91;3
841;Isabel Sampaio;;1;11;3282.72;;Freitas;RS;1.0;1.0;1.0;Cum distinctio nulla nam excepturi doloremque magnam.;80.0;2.46;1
842;Hellena Pereira;2001-08-15;3;6;1170.85;1.0;Costela;MS;1.0;1.0;0.0;;0.0;0.94;1
843;Vitor Sousa;2004-12-10;6;19;3175.15;0.0;Marques de Guerra;RS;1.0;0.0;1.0;;60.0;9.71;1
844;Yago Pastor;2002-04-06;3;5;3716.66;1.0;Borges Verde;SC;0.0;1.0;0.0;;25.0;4.13;5
845;Emanuelly Nogueira;2000-10-08;8;16;4296.21;1.0;Fonseca do Galho;!!;0.0;;0.0;;75.0;3.92;1
846;Ana Luiza Novaes;2005-01-25;2;11;3851.12;1.0;Pinto Alegre;PI;0.0;1.0;0.0;;40.0;4.95;2
847;Dra. Maria Sophia Rodrigues;1997-06-13;5;1;1015.59;0.0;Nogueira;;1.0;0.0;1.0;;100.0;8.6;4
848;Dr. Marcos Vinicius Pires;;3;12;1596.12;0.0;Rodrigues de da Paz;PE;1.0;;0.0;Adipisci voluptatibus ratione nisi quae.;33.33;5.85;3
849;Yuri Cardoso;1997-10-12;9;10;992.82;0.0;da Cruz do Campo;DF;1.0;1.0;;;66.67;9.28;1
850;Miguel Montenegro;1994-12-09;9;9;3732.84;1.0;Pimenta;TO;1.0;0.0;0.0;Voluptas consequuntur voluptate error officia quidem.;20.0;6.36;2
851;Joana Lima;2001-09-12;5;10;2828.69;0.0;Vieira;RR;0.0;0.0;1.0;;33.33;;0
852;Josué Azevedo;2006-08-16;6;12;1849.91;1.0;Araújo das Pedras;MG;0.0;1.0;1.0;Perspiciatis dolores deserunt ducimus enim.;50.0;4.28;1
853;Rael Moraes;;5;8;658.51;1.0;da Conceição do Norte;DF;0.0;;1.0;;75.0;2.93;2
854;Maitê Leão;1998-08-29;4;17;635.66;0.0;Gomes;DF;0.0;0.0;1.0;;100.0;0.57;1
855;Maria Júlia Teixeira;1998-10-05;6;9;1263.01;0.0;Rocha;SE;0.0;0.0;0.0;Animi illo explicabo est.;50.0;3.25;1
856;XXXXXXXXXXXXXXXXXXXXXXXXXXXXXXXXXXXXXXXXXXXXXXXXXXXXXXXXXXXXXXXXXXXXXXXXXXXXXXXXXXXXXXXXXXXXXXXXXXXXXXXXXXXXXX;1999-10-31;8;2;4921.07;1.0;Caldeira;RN;1.0;0.0;1.0;;60.0;8.9;2
857;Ana Julia Sá;1995-01-13;6;9;;1.0;Viana Alegre;DF;0.0;0.0;1.0;;100.0;6.45;2
858;Dra. Maria Luiza Nunes;;7;16;3424.62;1.0;Vieira;GO;0.0;0.0;1.0;;0.0;5.57;4
859;Sr. Davi da Rosa;2004-05-13;2;16;1629.89;1.0;Borges;MS;1.0;0.0;0.0;;66.67;7.89;1
860;Valentim Costela;2005-03-04;2;13;4227.02;1.0;!!!INVALID_DATA!!!;TO;0.0;1.0;1.0;;33.33;1.93;3
861;Mathias Siqueira;2001-09-15;10;6;3713.72;0.0;Fernandes;AP;0.0;0.0;1.0;;20.0;1.59;1
862;Srta. Yasmin Rios;;2;15;694.43;0.0;da Mota das Pedras;PA;0.0;1.0;0.0;;33.33;;0
863;Paulo Lima;2001-12-23;2;3;2418.33;1.0;Jesus;XX;0.0;1.0;0.0;;37.5;0.34;2
864;Ian Brito;;7;19;3134.8;0.0;!!!INVALID_DATA!!!;AP;1.0;0.0;1.0;;0.0;4.32;3
865;Enzo Carvalho;2002-09-28;7;10;3350.33;0.0;da Luz;!!;1.0;0.0;0.0;Corrupti cumque eum pariatur blanditiis blanditiis nobis.;60.0;7.62;3
866;Fernando Moura;1998-08-23;4;19;4015.75;1.0;Silveira Verde;BA;1.0;1.0;0.0;Laudantium cupiditate culpa beatae excepturi.;100.0;3.64;3
867;Cecilia Barros;1996-04-07;3;1;4290.12;1.0;Fogaça;PB;0.0;0.0;1.0;;0.0;3.11;2
868;XXXXXXXXXXXXXXXXXXXXXXXXXXXXXXXXXXXXXXXXXXXXXXXXXXXXXXXXXXXXXXXXXXXXXXXXXXXXXXXXXXXXXXXXXXXXXXXXXXXXXXXXXXXXXX;1996-10-14;4;1;3622.27;0.0;Cavalcante;RN;1.0;1.0;1.0;;50.0;;0
869;Juan Peixoto;1994-11-03;2;6;0.0;1.0;da Costa dos Dourados;RO;1.0;0.0;1.0;;40.0;7.86;2
870;Luiz Otávio Abreu;1997-12-02;8;6;2191.3;1.0;Caldeira da Prata;DF;0.0;1.0;0.0;;0.0;;0
871;Ana Cecília Santos;1995-05-25;5;20;3509.01;1.0;Fogaça Verde;GO;0.0;1.0;0.0;Consequuntur facere commodi suscipit possimus eaque.;50.0;;0
872;Srta. Joana Silva;1994-11-29;9;18;1638.3;1.0;Carvalho de Freitas;SC;1.0;1.0;0.0;;50.0;5.19;3
873;Dr. Brayan Moreira;2004-05-19;7;13;3464.54;1.0;Lopes de Costela;AL;0.0;1.0;0.0;;66.67;6.46;3
874;Allana Peixoto;2005-09-07;6;7;;1.0;Camargo;TO;0.0;0.0;0.0;;;;0
875;Aylla Ferreira;2003-10-28;10;19;2710.99;0.0;Sales do Sul;RO;0.0;1.0;;;50.0;7.56;1
876;Luiz Henrique Ferreira;1995-05-10;3;12;2345.0;0.0;Carvalho;SP;1.0;0.0;0.0;;50.0;4.12;2
877;Dra. Ágatha Guerra;;4;3;2329.27;1.0;Moraes;AP;0.0;1.0;1.0;;40.0;8.01;1
878;Erick Ribeiro;1995-06-01;6;10;4725.75;1.0;Peixoto de Minas;XX;0.0;0.0;0.0;;100.0;4.83;1
879;Sr. Benjamin da Conceição;2005-06-29;10;14;0.0;1.0;Vargas de Goiás;RR;0.0;0.0;0.0;;50.0;3.69;2
880;Lara Rocha;1998-08-23;10;4;4378.69;0.0;Nunes;PR;1.0;0.0;1.0;Officiis deserunt tempora perferendis nam alias.;33.33;4.04;3
881;Antony Vieira;2005-11-25;8;14;3771.05;0.0;Farias dos Dourados;XX;1.0;1.0;1.0;;50.0;4.85;2
882;Olívia Ribeiro;2002-02-05;8;20;3748.96;;Costa do Norte;MA;1.0;1.0;1.0;;80.0;;0
883;Joaquim Rezende;1999-06-13;4;18;3403.44;0.0;Machado;PR;1.0;0.0;1.0;;33.33;4.23;3
884;Isis da Mata;2006-01-02;9;9;;0.0;Borges;MS;1.0;1.0;0.0;;50.0;3.7;3
885;Helena Moraes;2007-02-22;9;15;1983.94;1.0;Andrade;DF;1.0;0.0;1.0;;50.0;2.53;2
886;XXXXXXXXXXXXXXXXXXXXXXXXXXXXXXXXXXXXXXXXXXXXXXXXXXXXXXXXXXXXXXXXXXXXXXXXXXXXXXXXXXXXXXXXXXXXXXXXXXXXXXXXXXXXXX;1995-06-12;6;16;3157.25;1.0;Pinto de Machado;TO;0.0;0.0;1.0;;100.0;5.21;2
887;Théo Siqueira;1995-01-22;9;13;921.88;;Mendonça;RR;1.0;1.0;0.0;;33.33;;0
888;André Jesus;2005-06-17;2;4;1908.23;1.0;Lopes;MA;0.0;0.0;1.0;;66.67;2.12;1
889;Stephany Gonçalves;2001-10-06;4;16;4214.22;1.0;Azevedo;MA;0.0;0.0;1.0;;66.67;6.49;2
890;Vitor Vargas;1998-08-12;4;3;1467.11;1.0;Andrade;PI;1.0;0.0;0.0;;0.0;;0
891;Antonella Fogaça;2004-10-01;2;4;4425.43;;Gonçalves;PI;1.0;1.0;0.0;;60.0;9.86;1
892;Vinícius Rezende;2000-03-16;4;13;4485.06;0.0;Nascimento de Fernandes;PB;0.0;0.0;;;50.0;8.09;2
893;Pedro Miguel Sampaio;2002-09-12;4;18;1359.35;0.0;Cunha de Minas;GO;0.0;0.0;1.0;;0.0;6.93;2
894;Sra. Catarina Montenegro;1997-02-17;8;3;4840.34;0.0;Barros da Prata;RS;1.0;1.0;0.0;;66.67;4.71;1
895;Miguel Albuquerque;1998-06-19;1;17;2527.67;1.0;Oliveira de Guerra;MA;1.0;0.0;0.0;;25.0;4.83;1
896;Sr. João Lucas Silveira;1998-01-24;8;16;1799.41;0.0;Vargas;GO;0.0;1.0;1.0;;50.0;4.95;1
897;Maria Luísa Cunha;2005-10-02;7;18;2930.17;1.0;Correia;MS;0.0;0.0;1.0;;100.0;5.91;1
898;Helena Rocha;2002-05-29;5;13;4127.21;0.0;Garcia;RS;1.0;1.0;1.0;;100.0;4.24;3
899;Alexandre Guerra;2005-01-29;3;3;2081.79;1.0;Araújo;RO;0.0;;1.0;;66.67;4.23;2
900;Nina da Mota;1999-03-22;7;7;1492.24;0.0;Azevedo de da Mota;MA;1.0;0.0;0.0;;50.0;7.5;3
901;Murilo Cavalcanti;1995-08-12;8;8;3472.47;1.0;Gomes;MG;0.0;1.0;1.0;;33.33;9.86;1
902;Vitor Hugo Leão;2005-12-22;3;1;3876.89;1.0;Costa;RO;0.0;1.0;1.0;Eaque quod non ipsam cupiditate.;33.33;3.48;4
903;Thomas Aparecida;;2;12;1453.78;1.0;Rodrigues;!!;0.0;0.0;1.0;;80.0;4.83;2
904;Hellena Mendes;1998-02-26;6;14;3178.97;0.0;Alves de Goiás;RR;0.0;0.0;1.0;;0.0;;0
905;Valentina Nascimento;2002-05-13;4;14;4384.88;1.0;Cavalcanti do Amparo;BA;1.0;0.0;0.0;Amet esse deleniti repellendus tempore exercitationem expedita.;33.33;7.6;3
906;Felipe Lima;2000-09-08;10;1;1424.17;0.0;Barros;PR;1.0;1.0;1.0;;0.0;;0
907;Marcela Pacheco;2002-03-03;6;14;1221.33;0.0;Duarte;MA;1.0;0.0;1.0;;50.0;8.88;3
908;Lucca Rocha;1995-08-07;5;18;4445.66;1.0;Dias;ES;0.0;0.0;0.0;Quo deleniti ea qui.;50.0;5.4;2
909;Isabela Brito;1994-10-14;10;2;0.0;0.0;Carvalho;SE;1.0;0.0;0.0;Error doloribus sunt mollitia impedit consectetur sequi.;50.0;;0
910;Ana Luiza Leão;1996-12-10;2;20;1237.36;0.0;Borges das Pedras;PA;0.0;0.0;1.0;Sunt molestiae hic.;80.0;5.25;1
911;Liam da Mata;2006-01-09;7;5;1977.88;1.0;Moreira dos Dourados;AM;0.0;0.0;0.0;;0.0;5.57;2
912;Ester das Neves;2003-09-11;3;3;1578.43;1.0;Ferreira;SE;1.0;0.0;1.0;;100.0;2.76;2
913;Clarice Carvalho;1996-06-11;5;13;3449.51;0.0;Pimenta do Galho;PB;1.0;1.0;1.0;;0.0;;0
914;Manuela Pastor;;6;7;4620.0;1.0;da Cunha;ES;0.0;1.0;1.0;Aperiam ut ipsum consectetur cum.;42.86;7.26;2
915;Sr. Kaique Alves;1999-12-10;3;13;;1.0;Caldeira das Pedras;ES;1.0;1.0;0.0;;20.0;5.68;2
916;Dra. Ana Sophia Ramos;2006-07-27;9;10;594.6;1.0;Vasconcelos;ES;1.0;1.0;1.0;;100.0;;0
917;Bella Mendes;2004-06-25;7;7;1104.13;0.0;Albuquerque;PR;1.0;1.0;0.0;;33.33;2.62;2
918;Maria Luiza da Rosa;1996-06-27;5;2;1383.07;1.0;da Mata;BA;1.0;0.0;1.0;;33.33;6.67;1
919;Marcelo Campos;1996-10-21;5;7;3782.98;1.0;Ramos do Galho;AM;1.0;1.0;1.0;;100.0;8.61;1
920;Antônio Novaes;2002-01-13;1;16;;0.0;da Rosa;GO;1.0;0.0;0.0;Ea impedit quaerat ipsum neque similique officiis.;16.67;;0
921;Ana Clara Cassiano;2001-06-03;8;2;1609.61;1.0;Pires;CE;1.0;1.0;1.0;;100.0;1.71;3
922;Mariah da Luz;1994-07-03;8;9;2419.87;0.0;Vasconcelos;ES;1.0;1.0;0.0;;0.0;7.47;2
923;Letícia Guerra;1995-10-11;5;12;;1.0;XXXXXXXXXXXXXXXXXXXXXXXXXXXXXXXXXXXXXXXXXXXXXXXXXXXXXXXXXXXX;ES;0.0;0.0;1.0;;0.0;1.84;1
924;Sr. Matteo Rios;1995-04-08;8;15;1332.77;0.0;!!!INVALID_DATA!!!;MS;0.0;1.0;0.0;;0.0;;0
925;Breno Cardoso;2005-10-04;2;2;860.02;0.0;Carvalho de Moura;SC;0.0;1.0;1.0;;75.0;;0
926;Marcela Silveira;2007-03-10;1;1;2649.04;1.0;Souza Verde;PR;0.0;0.0;0.0;;60.0;7.13;1
927;Matteo Lopes;1994-08-30;1;15;676.04;1.0;Mendonça;SP;1.0;0.0;0.0;;;9.0;1
928;Vinicius Souza;2004-07-03;9;9;4260.3;0.0;Vasconcelos Alegre;PE;;1.0;0.0;;0.0;3.75;1
929;Dr. Josué Aparecida;2000-08-09;5;19;4602.8;1.0;Moraes de Lima;AM;0.0;0.0;0.0;;0.0;;0
930;Pedro Pimenta;2001-08-13;7;7;3900.97;0.0;Fonseca;PR;1.0;1.0;1.0;Mollitia quam eaque in.;50.0;5.38;2
931;Dra. Ester Guerra;1995-10-06;3;10;1160.67;1.0;Sampaio;;1.0;;0.0;Enim nobis maiores.;;5.67;1
932;!!!INVALID_DATA!!!;1998-01-18;6;17;547.58;0.0;;MG;0.0;0.0;1.0;XXXXXXXXXXXXXXXXXXXXXXXXXXXXXXXXXXXXXXXXXXXXXXXXXXXXXXXXXXXXXXXXXXXXXXXXXXXXXXXXXXXXXXXXXXXXXXXXXXXXXXXXXXXXXXXXXXXXXXXXXXXXXXXXXXXXXXXXXXXXXXXXXXXXXXXXXXXXXXXXXXXXXXXXXXXXXXXXXXXXXXXXXXXXXXXXXXXXXXXXXXXXXXXXXX;0.0;;0
933;Dr. Lucca Pinto;2002-03-23;4;19;1063.53;1.0;Barbosa das Flores;RN;0.0;1.0;0.0;;100.0;;0
934;Vitor Hugo Mendes;2002-06-28;10;5;3076.66;1.0;Cirino;SP;0.0;0.0;0.0;;42.86;9.71;1
935;Guilherme da Cunha;2004-06-13;1;3;4015.85;1.0;XXXXXXXXXXXXXXXXXXXXXXXXXXXXXXXXXXXXXXXXXXXXXXXXXXXXXXXXXXXX;CE;0.0;0.0;;;25.0;5.37;2
936;Alana Teixeira;2004-01-23;5;5;3867.01;0.0;Lima;AP;0.0;0.0;1.0;;60.0;4.91;5
937;Sabrina Jesus;2000-10-31;10;14;3016.62;0.0;Almeida;GO;0.0;1.0;0.0;;0.0;5.74;3
938;Benjamim da Paz;2005-09-16;4;8;880.66;1.0;XXXXXXXXXXXXXXXXXXXXXXXXXXXXXXXXXXXXXXXXXXXXXXXXXXXXXXXXXXXX;MG;1.0;0.0;0.0;;50.0;;0
939;Maria Vitória da Conceição;1998-08-03;2;4;3442.29;1.0;Dias;MA;1.0;0.0;;;100.0;2.03;2
940;Heloísa da Costa;2004-03-18;6;4;4726.89;0.0;Duarte do Sul;PB;0.0;1.0;1.0;;0.0;5.56;1
941;Sr. Luiz Felipe Andrade;1998-11-27;1;10;2277.28;0.0;Cavalcante de Porto;SE;1.0;1.0;0.0;;75.0;7.56;2
942;Brenda Siqueira;1994-06-02;8;12;2685.26;1.0;Marques Paulista;ES;0.0;1.0;0.0;;0.0;2.46;1
943;Srta. Isabel Porto;1996-01-23;5;12;1677.57;1.0;Leão de Goiás;AM;0.0;1.0;0.0;Excepturi accusamus libero dolore officia ullam aperiam.;100.0;;0
944;Ana Julia Santos;1999-06-07;1;16;0.0;0.0;Fonseca;RJ;0.0;0.0;;;0.0;1.78;1
945;Laís Ribeiro;2000-10-05;2;8;1484.48;0.0;da Luz;GO;1.0;0.0;0.0;;100.0;7.84;1
946;Kevin Sampaio;2007-01-15;7;17;1073.18;1.0;Ferreira de Costela;PB;1.0;1.0;1.0;;0.0;4.14;3
947;Alícia Martins;1995-04-17;6;16;3477.73;0.0;da Conceição de Goiás;!!;0.0;0.0;0.0;;33.33;;0
948;João Vitor Costela;1997-08-10;10;1;698.8;0.0;Abreu do Galho;SE;1.0;0.0;0.0;;33.33;2.22;2
949;Mateus Camargo;1995-12-03;9;15;1381.96;1.0;da Rosa do Oeste;!!;0.0;0.0;0.0;;25.0;3.76;2
950;Thomas Moreira;2004-08-29;4;7;2574.51;1.0;!!!INVALID_DATA!!!;MG;1.0;0.0;1.0;;0.0;8.55;1
951;Agatha da Cruz;1997-01-30;2;8;2013.81;1.0;Pereira;SP;1.0;0.0;1.0;;0.0;0.49;1
952;Maria Fernanda Martins;1995-11-09;5;1;4471.59;0.0;Campos;AM;0.0;1.0;1.0;;60.0;8.25;1
953;Marina Nunes;1994-07-12;9;5;1824.35;0.0;da Mota;RJ;0.0;1.0;0.0;Esse accusamus mollitia aspernatur est corrupti voluptatibus.;50.0;0.97;1
954;Emanuella Macedo;2000-11-28;5;12;0.0;1.0;Mendonça de Goiás;MG;1.0;1.0;0.0;;50.0;7.02;1
955;Sra. Letícia Jesus;1998-07-27;3;10;1758.61;1.0;Dias;RS;0.0;1.0;0.0;;25.0;5.06;1
956;Sarah Fogaça;2001-06-11;3;14;2492.51;1.0;Mendonça;XX;1.0;0.0;0.0;Voluptates modi incidunt fugiat fuga exercitationem.;50.0;7.42;1
957;Eduardo Monteiro;2005-06-08;5;7;3103.19;1.0;!!!INVALID_DATA!!!;SP;0.0;1.0;1.0;;83.33;3.03;1
958;Davi Lucca Ramos;1998-03-22;6;8;1256.07;0.0;Teixeira Paulista;ES;0.0;0.0;0.0;;0.0;5.86;3
959;!!!INVALID_DATA!!!;1997-01-21;2;13;565.79;0.0;da Luz;RN;1.0;0.0;1.0;;0.0;3.86;1
960;Benjamim Sales;2006-02-12;9;1;903.31;0.0;Farias do Oeste;TO;0.0;0.0;1.0;;33.33;7.09;1
961;Brenda Gomes;1998-04-21;2;19;3257.42;0.0;Aragão;DF;1.0;1.0;1.0;Animi maiores voluptatem distinctio repellat a.;40.0;;0
962;Aylla Barbosa;2006-05-15;3;7;3318.14;1.0;Monteiro;!!;0.0;1.0;0.0;;60.0;;0
963;Lucas Gabriel Sousa;2000-08-20;3;1;2084.92;0.0;Lopes de Aparecida;ES;1.0;1.0;0.0;;25.0;4.39;2
964;Agatha Gonçalves;2000-11-16;4;17;1099.49;0.0;Farias;BA;1.0;1.0;1.0;;0.0;6.56;1
965;Maitê Guerra;1999-12-02;3;8;0.0;0.0;Machado de Camargo;MG;0.0;;0.0;;0.0;3.85;2
966;Sophie da Paz;2004-07-01;4;5;2181.22;1.0;Caldeira de Araújo;XX;0.0;0.0;1.0;;50.0;4.71;2
967;Hadassa Ribeiro;;1;2;3358.17;1.0;Porto de Goiás;PB;1.0;1.0;1.0;Non aspernatur necessitatibus.;50.0;4.26;7
968;Heloisa Siqueira;2004-10-03;10;10;2089.76;0.0;Gonçalves Grande;SP;0.0;1.0;0.0;;33.33;4.37;1
969;Ester Moreira;2007-03-01;1;12;4074.69;0.0;Dias;SC;1.0;1.0;0.0;;100.0;5.82;2
970;Sra. Mariah Garcia;2005-03-24;4;18;1778.03;0.0;Gonçalves de Guerra;XX;0.0;1.0;0.0;;100.0;4.34;2
971;!!!INVALID_DATA!!!;1997-12-29;4;12;4634.35;0.0;Barros;MA;0.0;1.0;1.0;;0.0;6.03;2
972;Heitor Abreu;;1;15;1950.58;1.0;XXXXXXXXXXXXXXXXXXXXXXXXXXXXXXXXXXXXXXXXXXXXXXXXXXXXXXXXXXXX;PB;1.0;1.0;;;75.0;2.9;1
973;Yago Borges;1999-12-22;5;20;1555.52;0.0;Sá;PB;0.0;0.0;1.0;;50.0;6.95;1
974;Antônio Fonseca;2000-12-30;7;4;1257.2;0.0;Pereira Alegre;AL;0.0;1.0;0.0;;80.0;5.85;4
975;Lorena Sales;1999-04-01;1;2;2612.08;1.0;Leão;PB;0.0;1.0;0.0;;100.0;3.24;2
976;Agatha Aragão;1994-09-23;1;19;3207.79;0.0;da Luz;RS;0.0;0.0;1.0;;57.14;7.71;2
977;Theo Lopes;1996-07-26;4;14;2124.38;0.0;Sá;AM;1.0;0.0;0.0;;50.0;9.46;1
978;Srta. Stephany Macedo;2005-12-18;5;15;511.84;1.0;!!!INVALID_DATA!!!;SP;0.0;1.0;0.0;;100.0;7.97;1
979;Murilo da Mota;1997-06-23;9;14;1404.26;1.0;Sales;AL;0.0;0.0;0.0;Dolore reiciendis similique veritatis impedit sit iusto.;40.0;;0
980;Cauê Pacheco;1994-05-23;6;8;2795.49;0.0;Freitas;MS;0.0;1.0;0.0;;50.0;1.16;1
981;Zoe Ribeiro;2004-06-13;7;3;4117.42;1.0;Moreira;PR;1.0;0.0;0.0;;0.0;;0
982;Pietra Cavalcante;1994-06-23;9;4;2259.02;1.0;da Cruz;PB;1.0;0.0;0.0;Quam aut omnis voluptas quia ipsam.;33.33;5.02;3
983;Luiz Felipe da Paz;2004-01-14;6;17;4096.67;0.0;Alves do Amparo;RJ;1.0;0.0;0.0;;33.33;0.93;1
984;Henrique Montenegro;2005-03-29;3;1;0.0;0.0;Câmara do Amparo;XX;0.0;1.0;1.0;;100.0;7.49;1
985;Marcela Pinto;1995-12-11;7;12;2897.73;1.0;!!!INVALID_DATA!!!;RO;0.0;1.0;0.0;Architecto sint voluptatem minima corrupti.;100.0;4.26;1
986;Bruna Costela;2002-10-27;8;1;4382.42;;Cassiano;MA;0.0;1.0;1.0;;0.0;8.34;2
987;Ana Beatriz Novaes;2002-07-26;10;15;1980.47;0.0;da Rocha do Amparo;XX;1.0;0.0;1.0;;33.33;;0
988;Larissa Aragão;2000-12-08;4;13;4505.01;0.0;Leão da Serra;RS;0.0;1.0;1.0;;;6.14;3
989;Dr. Davi Lucas Freitas;2005-04-03;7;8;2274.62;1.0;Oliveira de Goiás;PR;1.0;0.0;1.0;;50.0;6.63;3
990;Luiz Fernando Cavalcante;2002-11-03;1;18;3405.07;1.0;Rocha das Flores;MG;1.0;0.0;0.0;Quo autem maxime alias perspiciatis accusamus.;80.0;;0
991;Caio Guerra;2006-10-28;8;18;2526.29;0.0;Fernandes;RO;1.0;1.0;0.0;;42.86;3.66;1
992;!!!INVALID_DATA!!!;1999-10-17;9;18;3078.13;0.0;da Mata do Oeste;AM;0.0;0.0;1.0;Minus minima odio alias.;100.0;;0
993;Milena Farias;2003-12-17;8;8;4316.82;1.0;Rezende da Prata;BA;1.0;1.0;0.0;;50.0;9.3;1
994;Dra. Joana Porto;1997-08-07;5;10;1060.24;0.0;!!!INVALID_DATA!!!;RO;0.0;0.0;0.0;;25.0;3.13;3
995;Carlos Eduardo Silva;1999-03-28;9;16;4891.66;1.0;Rios;AL;0.0;1.0;0.0;;100.0;8.28;2
996;Kevin Pimenta;1997-08-01;4;13;3894.66;0.0;Barros;PE;1.0;0.0;1.0;;66.67;9.79;1
997;Henry da Costa;1996-11-25;6;11;525.75;0.0;Souza;RJ;0.0;1.0;0.0;;100.0;8.31;1
998;Théo Melo;1994-08-04;6;16;762.41;0.0;Araújo de Pastor;!!;0.0;0.0;0.0;Adipisci possimus autem eos et.;33.33;2.76;2
999;Alexandre Pastor;2006-07-27;5;17;2344.82;0.0;XXXXXXXXXXXXXXXXXXXXXXXXXXXXXXXXXXXXXXXXXXXXXXXXXXXXXXXXXXXX;PB;1.0;0.0;1.0;;0.0;3.84;4
1000;Olívia da Paz;2003-02-20;4;11;2640.19;1.0;Cirino;DF;0.0;0.0;0.0;Quas nesciunt dolores vitae eum.;0.0;7.22;4
1001;Maria Luísa Carvalho;2005-10-10;5;17;4112.56;1.0;Freitas;BA;1.0;1.0;0.0;Doloremque saepe quam praesentium harum quasi.;42.86;1.0;1
1002;Noah das Neves;2000-06-07;4;13;1971.14;0.0;Nogueira do Oeste;PB;0.0;0.0;1.0;;0.0;;0
1003;Sra. Marina da Cunha;1998-08-10;6;11;4928.91;1.0;da Paz;RO;0.0;1.0;0.0;;100.0;1.34;1
1004;Mariane Cavalcante;1999-10-25;7;19;1125.81;0.0;Farias;;0.0;1.0;1.0;;33.33;4.7;2
1005;Sra. Maria Fernanda Vargas;2005-02-01;2;5;582.17;0.0;Aragão;RJ;1.0;0.0;0.0;;50.0;4.25;4
1006;Matteo Fernandes;2005-06-30;8;13;922.28;1.0;Monteiro de Minas;RS;0.0;0.0;1.0;;50.0;;0
1007;!!!INVALID_DATA!!!;2004-11-13;8;3;1743.05;0.0;Gonçalves;MA;0.0;0.0;0.0;;66.67;2.36;1
1008;!!!INVALID_DATA!!!;1997-08-09;6;16;2644.05;1.0;Correia;RN;1.0;;0.0;Inventore iste ipsam distinctio quas.;0.0;8.79;1
1009;Sofia Sampaio;1995-06-14;8;16;2262.23;0.0;da Conceição;XX;1.0;1.0;1.0;;25.0;8.04;2
1010;Ravi Montenegro;1995-10-25;3;13;1073.47;1.0;Casa Grande do Campo;SC;1.0;1.0;1.0;;100.0;;0
1011;XXXXXXXXXXXXXXXXXXXXXXXXXXXXXXXXXXXXXXXXXXXXXXXXXXXXXXXXXXXXXXXXXXXXXXXXXXXXXXXXXXXXXXXXXXXXXXXXXXXXXXXXXXXXXX;1994-08-01;1;2;1950.27;1.0;!!!INVALID_DATA!!!;MS;1.0;0.0;1.0;;100.0;;0
1012;Anthony Silva;2003-03-21;8;16;3463.95;;Campos;RJ;0.0;0.0;1.0;;66.67;3.85;4
1013;Sra. Maria Isis Fogaça;2005-03-15;8;9;1138.17;1.0;da Paz;ES;0.0;1.0;0.0;;100.0;5.93;1
1014;Luigi Fogaça;2000-09-18;9;12;4905.37;0.0;da Rosa;RR;1.0;0.0;0.0;;100.0;4.93;2
1015;Rhavi Leão;1999-01-08;8;17;2384.82;;Caldeira;AL;;1.0;1.0;Placeat dicta libero voluptas soluta nisi.;33.33;6.87;2
1016;Srta. Eloá Campos;1997-06-21;1;8;3830.65;1.0;Monteiro do Sul;CE;1.0;0.0;0.0;;100.0;2.37;1
1017;;2005-06-07;5;19;4767.45;1.0;Pereira;PE;1.0;1.0;1.0;;50.0;2.01;2
1018;Daniel Viana;2004-06-09;7;7;2070.57;1.0;Rezende;SC;0.0;;0.0;;66.67;6.78;1
1019;Carolina Rodrigues;1998-02-16;10;12;1915.35;0.0;Moreira;SC;0.0;1.0;0.0;;100.0;;0
1020;Sr. Léo Borges;1998-11-18;9;10;1970.98;0.0;das Neves de Mendes;!!;1.0;0.0;0.0;;0.0;5.97;2
1021;Luiz Fernando da Mata;2007-04-19;8;9;1734.43;1.0;!!!INVALID_DATA!!!;SC;0.0;0.0;0.0;;0.0;;0
1022;;2005-01-20;4;9;3811.04;0.0;Mendes da Mata;AC;1.0;;1.0;;66.67;7.38;2
1023;Isabela Fernandes;2001-05-07;8;8;2978.48;1.0;Ferreira do Oeste;PI;1.0;1.0;1.0;Tempora illum eius quae cupiditate nesciunt exercitationem.;75.0;4.23;2
1024;Olívia Freitas;1995-05-09;4;5;1731.46;1.0;Ribeiro;TO;0.0;1.0;1.0;Id sunt dolorem totam rerum temporibus reiciendis.;33.33;3.34;3
1025;Dr. Fernando Andrade;2005-09-02;7;18;2248.45;1.0;!!!INVALID_DATA!!!;XX;0.0;0.0;1.0;;0.0;2.29;3
1026;João Guilherme Gomes;1995-05-17;10;8;;1.0;Pastor da Prata;XX;1.0;1.0;0.0;;50.0;8.73;1
1027;Ana Clara Ribeiro;1997-04-21;9;18;2748.52;;Cavalcante;!!;1.0;0.0;0.0;;66.67;8.57;3
1028;XXXXXXXXXXXXXXXXXXXXXXXXXXXXXXXXXXXXXXXXXXXXXXXXXXXXXXXXXXXXXXXXXXXXXXXXXXXXXXXXXXXXXXXXXXXXXXXXXXXXXXXXXXXXXX;1996-08-13;1;4;2462.14;1.0;Freitas;MG;0.0;1.0;1.0;Reiciendis veritatis accusantium omnis est.;75.0;;0
1029;Srta. Ana Lívia Vargas;2006-10-12;3;10;865.81;1.0;Sampaio do Norte;RR;0.0;0.0;1.0;Autem unde beatae animi dolorum.;50.0;2.4;1
1030;Sr. Enrico Câmara;1999-01-05;2;1;1447.9;1.0;Campos Grande;GO;1.0;0.0;0.0;Saepe asperiores velit quasi dolore saepe.;75.0;2.57;2
1031;Dr. Marcos Vinicius Vargas;2000-05-24;10;11;2236.15;0.0;Camargo de Correia;MS;1.0;0.0;1.0;;85.71;;0
1032;Caleb Rios;2002-02-09;4;10;4075.43;1.0;Leão da Mata;BA;1.0;1.0;1.0;;33.33;;0
1033;Dom Mendes;1999-05-10;9;4;3235.18;1.0;Rezende Paulista;CE;1.0;1.0;0.0;Fugit suscipit aliquam laborum est quibusdam similique.;25.0;4.54;2
1034;Luan Marques;2003-01-24;4;7;2145.11;0.0;Rocha;PR;0.0;0.0;0.0;;0.0;4.53;2
1035;Luiz Gustavo Pimenta;1995-10-26;3;11;4699.17;1.0;;PR;0.0;1.0;1.0;;100.0;;0
1036;Emanuella Cassiano;2004-09-09;5;17;2602.84;0.0;Silva;SC;1.0;0.0;0.0;;50.0;5.8;3
1037;Dr. Davi Duarte;1995-12-28;10;20;4973.91;1.0;Cavalcanti;AL;1.0;0.0;0.0;;25.0;;0
1038;Valentim Casa Grande;1998-09-01;10;14;4244.83;1.0;Guerra do Norte;MG;1.0;1.0;1.0;;100.0;;0
1039;Ryan Lima;2001-11-22;3;11;3963.07;1.0;Casa Grande Paulista;TO;1.0;0.0;0.0;;40.0;1.33;1
1040;Vitor Hugo da Rocha;1999-07-28;5;11;1570.16;0.0;Lima;RR;0.0;0.0;0.0;Illum quidem nisi iusto possimus iure.;0.0;6.55;2
1041;Esther Abreu;2002-06-29;7;18;1901.31;0.0;Viana;MA;0.0;0.0;1.0;;0.0;9.76;1
1042;Zoe Casa Grande;1995-01-31;3;4;901.86;1.0;Cardoso;RR;0.0;1.0;1.0;;66.67;;0
1043;Bruno Andrade;2001-10-06;10;6;4467.74;0.0;Dias do Sul;PB;0.0;0.0;0.0;;0.0;1.39;1
1044;Dr. Pedro Cirino;2004-05-07;9;4;591.73;0.0;da Cruz de Guerra;;1.0;1.0;1.0;Nostrum at iste ut.;83.33;;0
1045;Bella Viana;;8;15;2119.81;0.0;Cassiano de Barros;!!;0.0;0.0;0.0;;0.0;5.42;1
1046;Cauã Melo;2000-01-19;6;5;1395.03;1.0;Costela do Amparo;RR;1.0;1.0;1.0;;0.0;;0
1047;Sr. Mateus Sá;1998-07-30;10;6;3818.39;1.0;Costela;XX;1.0;1.0;1.0;!!!INVALID_DATA!!!;100.0;4.92;2
1048;XXXXXXXXXXXXXXXXXXXXXXXXXXXXXXXXXXXXXXXXXXXXXXXXXXXXXXXXXXXXXXXXXXXXXXXXXXXXXXXXXXXXXXXXXXXXXXXXXXXXXXXXXXXXXX;2000-06-02;5;8;3453.53;0.0;Mendonça;RJ;0.0;0.0;0.0;Expedita delectus quia soluta eaque cum.;66.67;4.59;4
1049;Dr. Igor Novaes;2004-07-01;2;8;4038.58;0.0;da Costa;SP;0.0;1.0;1.0;Enim maxime quo molestias officiis.;;3.49;2
1050;Ana Liz Vasconcelos;2000-07-29;3;7;3965.31;1.0;Cirino da Prata;PI;1.0;1.0;1.0;;66.67;4.2;1
1051;Clarice Monteiro;2002-07-02;6;9;934.98;0.0;da Cruz da Praia;MT;1.0;1.0;1.0;;100.0;4.48;1
1052;Helena da Luz;2002-04-30;8;18;864.15;1.0;Machado Grande;BA;1.0;1.0;0.0;!!!INVALID_DATA!!!;60.0;;0
1053;Luana Nogueira;2001-04-04;6;14;733.75;1.0;Ramos do Amparo;TO;0.0;1.0;0.0;;66.67;6.0;1
1054;Augusto da Mota;;1;14;1215.5;1.0;Campos;AL;0.0;0.0;1.0;;100.0;;0
1055;Noah Fonseca;2001-07-05;10;14;766.68;1.0;Leão do Galho;XX;1.0;1.0;;;66.67;7.08;3
1056;Isabella Carvalho;2002-07-14;6;4;4141.47;0.0;Almeida das Flores;BA;1.0;0.0;1.0;;40.0;5.63;1
1057;Nicolas Castro;2005-12-20;8;20;2553.44;0.0;Correia;AL;0.0;1.0;1.0;;50.0;3.48;2
1058;Dra. Olívia Carvalho;1997-07-11;4;10;730.36;0.0;Martins da Serra;MS;1.0;1.0;1.0;;33.33;1.59;1
1059;Gabriel Rocha;1998-12-18;8;7;1178.68;0.0;Peixoto de Albuquerque;TO;0.0;0.0;0.0;;33.33;;0
1060;Maitê Casa Grande;1999-02-04;10;1;3025.23;0.0;Souza do Oeste;PR;1.0;1.0;1.0;Odio nihil voluptatem officiis consectetur temporibus vel.;50.0;5.46;3
1061;Ágatha Almeida;2002-11-14;2;12;0.0;1.0;Costa de Mendes;AM;0.0;1.0;0.0;Modi doloribus laborum ex.;50.0;;0
1062;Luiz Gustavo Martins;2006-05-23;4;16;933.11;1.0;Pimenta Alegre;AC;0.0;1.0;1.0;;33.33;6.03;1
1063;Lavínia Silva;2000-11-27;7;20;4920.27;0.0;Vargas;MA;1.0;1.0;0.0;;66.67;9.8;1
1064;!!!INVALID_DATA!!!;2004-10-29;8;14;3874.53;1.0;Martins do Galho;AL;1.0;1.0;0.0;;50.0;8.38;5
1065;Benício Andrade;1999-06-02;4;20;2535.62;1.0;Cirino das Pedras;SE;1.0;0.0;0.0;;;7.13;2
1066;Maria Alice Sousa;2005-07-22;1;1;2898.01;1.0;Rodrigues de Aparecida;AC;0.0;1.0;1.0;Ipsam ullam adipisci asperiores fugiat nihil quasi repellendus.;50.0;3.97;3
1067;Srta. Maria Vitória Pinto;;8;2;724.45;0.0;Santos;PI;0.0;0.0;1.0;;100.0;;0
1068;Eloá Araújo;;9;8;2787.57;0.0;Fernandes;RJ;1.0;1.0;1.0;;60.0;3.93;4
1069;Jade da Conceição;1995-02-07;10;4;1210.17;0.0;Peixoto;RN;1.0;1.0;0.0;;0.0;3.71;4
1070;Gustavo Henrique Barros;;7;12;1012.03;1.0;Silva do Norte;PI;1.0;0.0;0.0;;57.14;5.26;1
1071;Nicolas Duarte;2002-04-25;7;10;4774.53;0.0;Pires;RO;0.0;1.0;0.0;Adipisci eaque ipsum.;100.0;7.27;1
1072;Alana Rios;1997-08-12;1;10;1503.41;0.0;Leão de da Costa;MS;1.0;0.0;1.0;Aliquid quidem perspiciatis fuga quia doloribus mollitia.;0.0;4.23;3
1073;Srta. Laís Dias;1999-08-19;8;16;2716.59;1.0;da Cruz;AM;0.0;;1.0;;100.0;9.48;1
1074;Agatha Macedo;1998-04-12;7;20;1235.27;1.0;Aparecida da Serra;PR;1.0;0.0;1.0;Possimus reprehenderit similique repellendus at exercitationem optio.;;4.45;3
1075;Mateus Siqueira;1999-10-30;4;16;3274.3;1.0;XXXXXXXXXXXXXXXXXXXXXXXXXXXXXXXXXXXXXXXXXXXXXXXXXXXXXXXXXXXX;AL;1.0;0.0;1.0;Fugit ex placeat recusandae fugit nulla aliquam.;33.33;4.22;3
1076;Miguel Silva;2003-10-28;7;14;4899.69;1.0;Mendonça de Goiás;PE;0.0;0.0;1.0;;0.0;2.21;1
1077;Maria Júlia das Neves;2007-03-21;9;2;4993.11;1.0;Guerra;SE;0.0;0.0;0.0;;50.0;5.63;3
1078;Sarah Melo;1994-12-19;9;10;2204.45;1.0;Camargo de Minas;PR;1.0;0.0;1.0;;60.0;4.8;2
1079;Giovanna Carvalho;2002-09-14;1;4;1720.38;1.0;Almeida;RS;0.0;1.0;1.0;;75.0;6.21;1
1080;Letícia Macedo;;8;9;4494.18;0.0;da Rocha;RN;0.0;1.0;0.0;;0.0;;0
1081;Dr. Yago Mendes;2005-11-27;4;12;2733.25;1.0;Pimenta de da Costa;RO;0.0;0.0;1.0;;0.0;6.08;1
1082;Sra. Fernanda Viana;2000-12-28;7;10;4938.31;1.0;Sá;SC;1.0;0.0;1.0;;50.0;2.22;3
1083;Milena da Rocha;2002-06-18;1;3;2334.05;0.0;Araújo;GO;0.0;0.0;0.0;;50.0;6.77;2
1084;Fernanda Albuquerque;1998-07-25;6;10;3985.87;0.0;Macedo;PE;0.0;0.0;0.0;!!!INVALID_DATA!!!;60.0;1.94;1
1085;Luigi Pacheco;1996-05-20;5;3;4889.83;1.0;da Paz;DF;1.0;1.0;0.0;;50.0;5.55;3
1086;Mariane Leão;1997-01-02;1;20;3607.65;1.0;Moraes de Goiás;RO;0.0;1.0;0.0;;0.0;6.65;2
1087;Dr. Leonardo da Rocha;2005-07-05;10;8;4565.42;1.0;Abreu da Serra;RS;;0.0;1.0;;100.0;1.98;1
1088;Dr. Yuri Novaes;1999-01-07;5;4;4419.9;0.0;Duarte Grande;RO;0.0;1.0;0.0;;0.0;6.24;2
1089;Maya Cavalcante;1999-06-24;10;4;3833.74;0.0;Pimenta de Farias;PI;0.0;0.0;1.0;;0.0;4.12;5
1090;Danilo Sampaio;2001-01-11;1;3;3532.87;0.0;Duarte;ES;0.0;1.0;0.0;;100.0;;0
1091;Stephany Alves;1997-03-07;4;13;2593.86;1.0;Silveira;SE;0.0;0.0;0.0;Aliquid tenetur similique quasi sapiente ex.;100.0;;0
1092;Lucas Gabriel Campos;1999-12-23;10;15;1086.92;1.0;Farias da Serra;DF;1.0;0.0;1.0;;100.0;8.18;1
1093;XXXXXXXXXXXXXXXXXXXXXXXXXXXXXXXXXXXXXXXXXXXXXXXXXXXXXXXXXXXXXXXXXXXXXXXXXXXXXXXXXXXXXXXXXXXXXXXXXXXXXXXXXXXXXX;1996-12-14;1;15;2427.74;1.0;Correia do Campo;MS;0.0;1.0;1.0;;0.0;1.03;1
1094;Breno Teixeira;2001-06-11;5;10;4553.3;0.0;Gomes;AP;1.0;1.0;1.0;;100.0;;0
1095;Emanuel Nascimento;1999-08-30;2;17;3990.0;1.0;Rezende de Souza;CE;0.0;1.0;1.0;;50.0;1.0;2
1096;Ísis Alves;1998-07-01;9;15;1196.77;1.0;Moraes;BA;1.0;0.0;0.0;;50.0;;0
1097;Maysa Carvalho;1995-02-22;10;12;4903.09;1.0;XXXXXXXXXXXXXXXXXXXXXXXXXXXXXXXXXXXXXXXXXXXXXXXXXXXXXXXXXXXX;RR;1.0;1.0;0.0;;50.0;7.56;1
1098;Milena Viana;2005-06-28;10;10;2369.52;1.0;Ribeiro Verde;ES;1.0;1.0;1.0;Ea ipsum facilis.;100.0;4.77;3
1099;Sr. Rhavi Albuquerque;1995-10-29;3;6;843.63;0.0;Cunha de da Luz;PA;1.0;1.0;;;20.0;4.43;4
1100;Pietro Andrade;1995-01-05;6;19;674.16;0.0;Lopes de Novaes;AM;0.0;1.0;0.0;;50.0;2.53;3
1101;Luiz Otávio Fonseca;1996-03-06;8;7;4012.57;0.0;Lima de Leão;MG;0.0;;1.0;;33.33;1.74;2
1102;Alexia Pinto;1997-12-04;9;20;3026.11;1.0;Aparecida de Minas;RS;1.0;0.0;0.0;Tempora atque aperiam ullam ipsam error.;66.67;6.65;1
1103;Maria Fernanda Teixeira;2002-12-23;7;4;875.43;0.0;Freitas;MG;1.0;1.0;1.0;;;8.03;1
1104;Heloísa Fonseca;1999-07-28;9;17;3648.72;1.0;da Rosa;AL;0.0;1.0;0.0;;33.33;7.21;1
1105;XXXXXXXXXXXXXXXXXXXXXXXXXXXXXXXXXXXXXXXXXXXXXXXXXXXXXXXXXXXXXXXXXXXXXXXXXXXXXXXXXXXXXXXXXXXXXXXXXXXXXXXXXXXXXX;2006-07-08;5;8;2967.53;0.0;da Cunha;MS;1.0;0.0;0.0;;60.0;7.71;3
1106;Caroline Cassiano;1995-10-14;6;16;2681.48;0.0;;RN;1.0;0.0;1.0;;;5.54;4
1107;Dra. Caroline Aparecida;1999-06-12;2;16;2926.8;1.0;Barros;SE;1.0;1.0;0.0;;;0.31;1
1108;Erick Vasconcelos;;10;20;3956.55;0.0;Alves do Norte;MS;0.0;0.0;0.0;;100.0;;0
1109;Mariane Sampaio;2002-10-20;1;6;4160.58;;Marques de Gomes;RR;0.0;1.0;0.0;Provident non debitis facilis quasi soluta possimus.;100.0;3.64;2
1110;Luiz Fernando Pereira;1998-02-25;6;8;1545.26;1.0;Castro da Serra;XX;0.0;0.0;1.0;;0.0;4.89;2
1111;Paulo Rocha;1996-01-03;5;2;2947.66;1.0;Sousa;TO;0.0;0.0;0.0;Molestias quis velit nobis.;33.33;1.94;1
1112;Dr. Lucas Costa;2005-11-20;8;3;980.88;1.0;Casa Grande Paulista;TO;1.0;0.0;1.0;;33.33;9.02;1
1113;Agatha Aparecida;2002-06-11;3;2;3389.34;0.0;da Costa do Sul;ES;1.0;1.0;0.0;;50.0;;0
1114;Guilherme Câmara;2000-09-14;2;14;2056.3;0.0;Oliveira;BA;0.0;1.0;0.0;;50.0;8.86;1
1115;Marcos Vinicius da Luz;1995-02-27;4;1;1782.5;0.0;Cavalcanti;PB;0.0;1.0;0.0;;;5.56;1
1116;Cecília Pires;2004-08-08;3;1;2144.64;1.0;Pimenta;RJ;1.0;0.0;1.0;Molestiae doloremque commodi porro.;25.0;1.24;3
1117;Lara Brito;2004-06-22;2;19;1149.67;0.0;Vasconcelos;AC;1.0;1.0;0.0;Deleniti dicta perspiciatis occaecati.;100.0;;0
1118;Letícia Novaes;2004-12-30;4;10;1126.25;0.0;Silva;MG;;0.0;0.0;;0.0;4.36;4
1119;Kamilly Ribeiro;2004-02-18;4;15;3704.75;0.0;da Luz;AM;1.0;1.0;0.0;;0.0;5.93;1
1120;Zoe Rocha;2006-07-25;9;14;3166.2;1.0;Marques;MT;1.0;1.0;;;33.33;;0
1121;Ayla Rezende;2004-04-02;8;11;2738.56;1.0;Sá;PA;0.0;1.0;0.0;Error consequuntur provident quos suscipit neque.;16.67;5.03;2
1122;Raquel da Cunha;2000-02-07;8;6;3660.41;0.0;Cassiano;MT;0.0;1.0;0.0;Laboriosam asperiores repellat voluptates et aut velit.;100.0;;0
1123;Srta. Allana da Rosa;1996-02-29;4;10;4874.06;1.0;XXXXXXXXXXXXXXXXXXXXXXXXXXXXXXXXXXXXXXXXXXXXXXXXXXXXXXXXXXXX;;1.0;0.0;1.0;;40.0;4.79;3
1124;Calebe Costa;2001-06-18;3;12;2931.62;1.0;!!!INVALID_DATA!!!;RJ;1.0;1.0;1.0;;100.0;0.09;1
1125;Maria Sophia Siqueira;;10;13;4086.8;1.0;Ramos;PI;0.0;1.0;1.0;;100.0;6.23;1
1126;Maria Isis das Neves;1997-08-03;8;17;1623.8;1.0;da Costa;PE;0.0;0.0;0.0;Non distinctio nostrum aspernatur ipsam consequuntur.;;;0
1127;Vitor Gabriel Campos;2004-09-27;8;8;4720.74;1.0;XXXXXXXXXXXXXXXXXXXXXXXXXXXXXXXXXXXXXXXXXXXXXXXXXXXXXXXXXXXX;TO;0.0;1.0;1.0;;100.0;2.9;2
1128;Carlos Eduardo Araújo;2006-07-17;5;1;4752.64;1.0;Moraes da Praia;DF;0.0;1.0;0.0;Earum officia officia consequatur dolore beatae neque.;100.0;5.09;1
1129;Kaique Pinto;1997-07-18;7;9;1744.84;0.0;Aparecida;;0.0;1.0;0.0;Sed veniam quis non numquam molestiae expedita.;75.0;6.56;1
1130;João da Cruz;2003-07-03;3;18;2215.84;1.0;Azevedo de Goiás;GO;;0.0;0.0;;20.0;5.31;2
1131;Srta. Maria Julia Nascimento;1999-01-15;4;17;680.82;0.0;da Mata de Teixeira;!!;0.0;0.0;1.0;;75.0;6.83;1
1132;Sra. Maria Flor Nascimento;1996-01-17;8;4;1150.8;1.0;Cunha de Gomes;RO;1.0;1.0;0.0;;0.0;3.28;3
1133;Sra. Ester Costa;2004-04-26;4;12;4809.88;0.0;Azevedo de Macedo;RJ;0.0;1.0;0.0;Libero beatae possimus fugiat quae.;66.67;;0
1134;Sra. Sofia Araújo;1996-02-09;2;20;3093.59;0.0;;AC;1.0;1.0;1.0;;75.0;4.93;1
1135;Emanuelly Moraes;1997-10-15;6;6;567.13;1.0;das Neves;AM;0.0;1.0;0.0;;100.0;9.54;2
1136;Sr. Liam Fonseca;2005-07-30;10;5;0.0;1.0;XXXXXXXXXXXXXXXXXXXXXXXXXXXXXXXXXXXXXXXXXXXXXXXXXXXXXXXXXXXX;SC;0.0;0.0;1.0;;66.67;8.14;1
1137;João Miguel Moraes;2001-10-29;7;12;4271.11;1.0;Câmara dos Dourados;MG;1.0;0.0;1.0;;33.33;8.58;1
1138;!!!INVALID_DATA!!!;1997-06-14;2;16;2508.91;0.0;Souza da Prata;AC;0.0;0.0;1.0;Recusandae provident quasi illo dolorum ipsa.;60.0;;0
1139;Sr. Enzo Gabriel Teixeira;1999-04-23;2;14;3893.92;;Brito do Norte;MS;1.0;1.0;1.0;;60.0;;0
1140;Sra. Laís Vieira;1999-10-19;6;9;1509.71;0.0;Abreu do Norte;AL;1.0;1.0;0.0;Hic fugiat corrupti explicabo.;60.0;2.34;5
1141;Dra. Zoe Abreu;2002-09-03;8;10;1301.63;0.0;Mendonça Verde;RO;0.0;1.0;0.0;;66.67;2.28;3
1142;Maya Pacheco;2003-01-06;8;10;0.0;0.0;XXXXXXXXXXXXXXXXXXXXXXXXXXXXXXXXXXXXXXXXXXXXXXXXXXXXXXXXXXXX;PI;0.0;0.0;0.0;Non deleniti illum quibusdam quia officia corporis voluptas.;0.0;4.75;3
1143;Manuella Macedo;1996-02-01;5;9;1536.0;0.0;Carvalho;DF;1.0;0.0;;;66.67;6.39;4
1144;Luigi Pires;1995-02-06;9;2;1037.63;0.0;Duarte Paulista;RJ;;0.0;0.0;;44.44;;0
1145;Camila da Rocha;2003-02-23;5;18;4498.8;1.0;Borges de Costela;SE;1.0;0.0;1.0;;60.0;9.02;1
1146;Sr. Carlos Eduardo Fonseca;2006-03-31;2;3;4716.08;1.0;Montenegro;RR;0.0;1.0;1.0;;100.0;5.67;3
1147;;1999-11-24;9;16;4936.37;0.0;da Mata;AC;1.0;0.0;1.0;;25.0;;0
1148;;1994-12-05;5;13;4403.7;0.0;da Costa;BA;1.0;1.0;0.0;;20.0;4.25;1
1149;Gustavo Câmara;1998-10-01;4;19;1406.89;;Castro de Goiás;RR;0.0;1.0;0.0;Possimus dignissimos est totam.;0.0;8.08;3
1150;Srta. Lara da Conceição;2006-11-13;7;2;4890.82;1.0;Rocha da Mata;GO;0.0;1.0;;;100.0;3.73;1
1151;Maria Clara Jesus;2003-04-13;1;8;4474.51;0.0;Campos dos Dourados;SE;1.0;1.0;0.0;;100.0;1.36;2
1152;XXXXXXXXXXXXXXXXXXXXXXXXXXXXXXXXXXXXXXXXXXXXXXXXXXXXXXXXXXXXXXXXXXXXXXXXXXXXXXXXXXXXXXXXXXXXXXXXXXXXXXXXXXXXXX;1995-05-20;6;20;919.08;1.0;Siqueira;RS;0.0;0.0;1.0;;50.0;4.92;2
1153;Levi da Mota;2000-09-22;3;9;1915.7;1.0;Santos do Norte;AM;1.0;1.0;0.0;;66.67;;0
1154;Antony Rodrigues;2005-08-23;10;20;2834.2;0.0;Albuquerque;SC;1.0;0.0;1.0;;50.0;1.16;1
1155;Caroline Ferreira;2004-10-05;10;19;2220.74;0.0;Sampaio;MT;0.0;0.0;0.0;;50.0;;0
1156;Bernardo Barros;2003-05-07;8;18;3742.28;0.0;Andrade;PA;0.0;1.0;1.0;Repellendus fuga consectetur praesentium.;75.0;3.18;3
1157;Maria Luísa Cardoso;2000-08-13;5;11;1961.83;1.0;Guerra de Goiás;MG;0.0;;1.0;;33.33;;0
1158;Luiza da Conceição;2005-04-03;6;6;3843.32;0.0;Gonçalves;CE;1.0;0.0;0.0;;50.0;0.65;1
1159;Davi Cunha;2001-07-29;4;10;2026.44;1.0;da Paz de Cirino;SP;;1.0;1.0;;40.0;8.09;2
1160;Rodrigo Rezende;2003-07-26;3;13;3652.3;1.0;da Mota;BA;0.0;0.0;1.0;;0.0;;0
1161;Sra. Milena Nascimento;1999-04-06;10;11;3220.34;0.0;Moraes;!!;0.0;0.0;0.0;;25.0;;0
1162;Sra. Gabriela Oliveira;2001-04-30;7;18;0.0;1.0;Cavalcante;MG;0.0;1.0;1.0;;100.0;;0
1163;Maysa Casa Grande;1995-07-27;9;15;3360.86;1.0;Peixoto;RS;0.0;0.0;0.0;;60.0;;0
1164;João Gabriel Pereira;2000-10-01;7;1;4222.39;1.0;Montenegro da Serra;AC;1.0;0.0;0.0;;0.0;7.18;1
1165;Matteo da Mota;1995-03-05;3;9;4827.05;1.0;Jesus;BA;0.0;;;;50.0;8.1;2
1166;Ísis Borges;2005-10-24;3;13;1641.64;0.0;Gonçalves;AM;0.0;0.0;1.0;;50.0;3.2;1
1167;Ágatha Jesus;1995-04-20;3;12;4902.93;1.0;Barbosa do Amparo;MG;0.0;0.0;1.0;;100.0;2.34;1
1168;Bryan Melo;1996-04-28;10;14;2342.08;0.0;Vasconcelos;BA;1.0;0.0;0.0;;50.0;5.37;3
1169;Dante Martins;1999-04-21;7;10;3111.66;1.0;Ramos de Lima;RN;1.0;1.0;1.0;;25.0;;0
1170;Kamilly Câmara;2001-10-09;6;8;3212.05;1.0;Dias de Minas;RN;1.0;0.0;1.0;;0.0;5.65;2
1171;Daniela Leão;2000-07-04;3;18;4199.68;0.0;Araújo da Prata;XX;0.0;0.0;1.0;Numquam totam ea quisquam debitis reprehenderit sapiente.;100.0;5.53;2
1172;Ana Carolina Carvalho;1996-05-09;6;8;3060.22;1.0;Peixoto;XX;0.0;0.0;1.0;;33.33;4.29;3
1173;Dra. Isabelly Nunes;1995-12-12;1;11;4670.41;0.0;;PA;0.0;0.0;0.0;Odio maxime quia fugit modi.;66.67;4.23;1
1174;Yago Silva;;3;15;1533.64;0.0;Sampaio;SP;0.0;0.0;0.0;;50.0;2.87;3
1175;Luiz Henrique Nogueira;2000-03-15;10;5;976.26;0.0;Barbosa de Cavalcante;TO;0.0;0.0;1.0;Optio harum nobis voluptates ex minus.;33.33;;0
1176;;2006-01-01;4;8;2705.83;0.0;da Cruz;MG;1.0;1.0;1.0;;75.0;6.0;1
1177;Luiz Otávio Pereira;2001-05-19;5;3;1769.28;1.0;Caldeira;PI;0.0;0.0;1.0;;20.0;2.36;2
1178;Olivia Almeida;;9;3;926.76;1.0;Jesus da Praia;GO;0.0;0.0;0.0;;50.0;1.64;1
1179;!!!INVALID_DATA!!!;1995-03-22;5;17;2672.04;1.0;da Rocha de Minas;RO;0.0;0.0;0.0;;100.0;;0
1180;Sr. Isaque Alves;2004-08-10;9;5;3631.73;0.0;Gonçalves do Amparo;RR;1.0;0.0;1.0;;50.0;0.44;1
1181;Clarice Jesus;1994-05-24;9;17;601.41;0.0;Azevedo;MT;1.0;0.0;1.0;;75.0;4.48;4
1182;Alana Duarte;1994-10-26;10;6;4181.62;1.0;Montenegro do Oeste;TO;1.0;0.0;1.0;;0.0;6.39;2
1183;Juan da Rosa;1997-04-05;5;17;1942.15;1.0;Nogueira de Goiás;PB;1.0;1.0;1.0;;100.0;3.98;2
1184;Mariana Dias;1998-06-30;10;15;4753.93;0.0;Nunes de Andrade;XX;1.0;1.0;0.0;;50.0;1.66;1
1185;Gael Henrique da Rosa;1997-04-16;4;19;699.24;0.0;Leão Alegre;MA;0.0;1.0;0.0;;33.33;;0
1186;Brenda Abreu;2007-03-25;9;7;913.32;0.0;Montenegro;XX;1.0;0.0;1.0;Totam impedit blanditiis illo.;80.0;2.72;1
1187;João Aparecida;2007-04-22;5;11;2145.59;0.0;Martins;SP;0.0;0.0;0.0;;42.86;5.95;1
1188;Matheus Rezende;2005-07-23;6;6;1165.32;0.0;XXXXXXXXXXXXXXXXXXXXXXXXXXXXXXXXXXXXXXXXXXXXXXXXXXXXXXXXXXXX;MT;0.0;0.0;1.0;;0.0;3.69;3
1189;;2002-07-12;1;7;1520.23;0.0;!!!INVALID_DATA!!!;AM;0.0;0.0;1.0;;0.0;5.69;1
1190;Sra. Hellena Camargo;1995-07-07;6;14;4986.23;;Macedo;PE;0.0;1.0;0.0;Perspiciatis laboriosam voluptatum nostrum hic.;33.33;6.11;3
1191;Miguel Alves;2005-12-03;9;2;1845.88;1.0;Sousa;MT;0.0;;1.0;;50.0;;0
1192;Lorenzo Câmara;1999-08-04;4;2;4863.27;0.0;da Conceição;;1.0;1.0;0.0;;66.67;3.35;3
1193;Benício Ribeiro;1998-04-16;1;4;2246.41;1.0;Costela;GO;0.0;0.0;1.0;;37.5;2.46;3
1194;XXXXXXXXXXXXXXXXXXXXXXXXXXXXXXXXXXXXXXXXXXXXXXXXXXXXXXXXXXXXXXXXXXXXXXXXXXXXXXXXXXXXXXXXXXXXXXXXXXXXXXXXXXXXXX;;6;7;2489.37;0.0;Camargo;PI;0.0;0.0;1.0;;75.0;8.73;1
1195;Vitor Gabriel Guerra;2002-09-21;10;16;1208.04;;!!!INVALID_DATA!!!;PR;1.0;0.0;1.0;;;4.64;2
1196;Matheus Porto;2002-12-21;4;18;4934.42;1.0;Marques;RS;0.0;1.0;0.0;;33.33;7.15;1
1197;Arthur Gabriel Marques;2006-10-29;2;16;4035.01;0.0;Cirino;PI;0.0;1.0;1.0;;25.0;;0
1198;Luiz Henrique da Mota;1994-07-26;7;9;4247.77;0.0;Ribeiro dos Dourados;PA;0.0;0.0;0.0;;37.5;1.58;3
1199;Eloá Almeida;1995-09-18;5;12;3324.06;0.0;Moura;PA;0.0;1.0;0.0;;25.0;;0
1200;Ana Julia Rocha;2005-11-05;6;4;2889.42;0.0;XXXXXXXXXXXXXXXXXXXXXXXXXXXXXXXXXXXXXXXXXXXXXXXXXXXXXXXXXXXX;RN;1.0;1.0;1.0;;80.0;9.4;2
1201;!!!INVALID_DATA!!!;1994-10-16;10;8;1691.35;1.0;Ribeiro de da Rosa;PA;0.0;1.0;1.0;Dignissimos earum sint tenetur debitis.;100.0;2.97;1
1202;Benício Vasconcelos;2006-12-30;2;17;1599.29;0.0;Pastor de Nascimento;TO;1.0;0.0;1.0;;0.0;;0
1203;XXXXXXXXXXXXXXXXXXXXXXXXXXXXXXXXXXXXXXXXXXXXXXXXXXXXXXXXXXXXXXXXXXXXXXXXXXXXXXXXXXXXXXXXXXXXXXXXXXXXXXXXXXXXXX;2003-08-20;4;12;4727.41;0.0;Moura;XX;0.0;1.0;0.0;;33.33;;0
1204;Pedro Lucas Cardoso;1994-05-09;8;1;1286.28;1.0;Silva Verde;RO;0.0;1.0;0.0;;66.67;5.07;4
1205;João Lucas Melo;2001-04-15;3;9;;1.0;Martins do Galho;PB;1.0;0.0;1.0;;66.67;4.01;1
1206;Mirella Montenegro;1999-09-05;7;18;1474.47;0.0;Araújo;RJ;1.0;1.0;;;0.0;;0
1207;Benicio Rezende;2002-09-03;4;16;3285.56;0.0;Rios;XX;0.0;0.0;1.0;;33.33;5.54;4
1208;Sara Guerra;1995-02-14;4;8;4365.38;1.0;Cavalcante Grande;RO;1.0;0.0;1.0;;0.0;5.39;3
1209;Maysa Oliveira;1994-06-17;1;11;2890.89;0.0;Costa do Norte;ES;0.0;0.0;0.0;;50.0;5.5;2
1210;Lorenzo Abreu;1998-12-05;3;20;817.57;0.0;;XX;1.0;0.0;0.0;Quia laborum aliquam tempore.;60.0;5.34;2
1211;Miguel Nunes;2001-12-21;9;19;4048.85;0.0;da Cruz;AC;1.0;1.0;1.0;;100.0;4.35;3
1212;Ísis Camargo;2002-01-14;3;16;705.48;0.0;Cirino Paulista;MS;0.0;0.0;1.0;;33.33;7.88;2
1213;Leonardo Marques;1999-05-14;2;1;4188.02;0.0;Viana;CE;1.0;1.0;1.0;Dolorem amet repudiandae deserunt itaque excepturi.;0.0;;0
1214;Sr. Luan Pastor;1994-09-26;4;20;3939.71;0.0;;AP;0.0;0.0;1.0;;100.0;0.1;1
1215;Dra. Raquel Cardoso;1998-09-19;2;20;2846.27;1.0;Machado de Brito;RO;1.0;1.0;0.0;Nulla explicabo sunt exercitationem quasi voluptates perferendis quam.;100.0;5.05;2
1216;Sr. Oliver Farias;1995-01-04;10;13;3081.14;0.0;Fernandes de Castro;DF;1.0;0.0;0.0;;66.67;;0
1217;Fernanda Macedo;2000-12-09;6;15;3164.46;0.0;Ferreira;!!;1.0;0.0;;;50.0;4.93;3
1218;Yasmin Marques;1999-01-20;2;9;4651.37;1.0;Pinto;RR;0.0;0.0;0.0;;0.0;4.79;2
1219;João Rios;2002-08-12;4;3;3683.83;1.0;Melo;GO;1.0;0.0;0.0;Tempora minus illo voluptate nam eveniet harum velit.;42.86;;0
1220;João Lucas Cavalcanti;2005-10-21;5;20;1897.95;1.0;Lima do Oeste;RR;0.0;0.0;0.0;;75.0;1.1;1
1221;Henry Gabriel Dias;1997-08-12;8;13;994.47;1.0;Mendonça de Correia;AP;0.0;1.0;0.0;;16.67;9.25;1
1222;Maria Luiza da Cruz;1998-10-18;6;6;2293.74;1.0;Silva de Minas;MT;0.0;0.0;1.0;;0.0;;0
1223;Paulo Porto;2004-04-28;10;9;3940.99;1.0;Fonseca;MT;1.0;0.0;0.0;;0.0;1.07;1
1224;José Pedro Gomes;2005-11-23;6;3;2490.74;1.0;Vasconcelos do Galho;MS;;0.0;0.0;;66.67;;0
1225;Thales Sousa;1996-08-21;3;17;3150.81;1.0;Nascimento;AP;0.0;0.0;0.0;Repudiandae neque excepturi aliquid quas.;33.33;6.65;3
1226;Kaique Rodrigues;2003-05-04;1;8;2970.88;0.0;Sousa do Campo;CE;1.0;1.0;0.0;;50.0;5.83;1
1227;XXXXXXXXXXXXXXXXXXXXXXXXXXXXXXXXXXXXXXXXXXXXXXXXXXXXXXXXXXXXXXXXXXXXXXXXXXXXXXXXXXXXXXXXXXXXXXXXXXXXXXXXXXXXXX;1996-04-13;9;19;1404.17;1.0;Oliveira do Campo;AP;0.0;0.0;1.0;;60.0;8.09;2
1228;Gabriel Duarte;2004-12-28;1;15;4108.45;0.0;Montenegro das Flores;SP;;1.0;0.0;;33.33;;0
1229;Diego da Luz;2002-09-27;10;15;2560.3;0.0;Rios Paulista;DF;0.0;0.0;0.0;Reiciendis laboriosam nostrum nemo asperiores quaerat laudantium aut.;66.67;7.11;2
1230;Lorena Andrade;2000-05-05;4;6;1515.29;0.0;Siqueira Verde;MA;0.0;1.0;1.0;;66.67;1.66;3
1231;Léo Cardoso;1996-05-28;7;13;2822.85;1.0;Rodrigues de Goiás;MS;1.0;0.0;1.0;;100.0;6.26;3
1232;Erick Pastor;1998-09-08;3;19;4384.76;1.0;Leão da Praia;MS;1.0;1.0;1.0;Rem eum aut et atque quidem.;75.0;3.72;1
1233;Evelyn Fernandes;1998-12-23;1;4;4099.84;0.0;Aragão do Oeste;MT;1.0;1.0;0.0;;0.0;;0
1234;Isadora Silveira;1997-11-29;7;18;0.0;1.0;da Luz;ES;1.0;0.0;1.0;;66.67;;0
1235;Sofia Teixeira;;9;13;3241.44;0.0;da Cunha Verde;MT;1.0;0.0;0.0;;33.33;5.4;2
1236;Rhavi Araújo;1997-04-11;9;18;807.21;;Garcia;AL;1.0;1.0;1.0;Mollitia officiis corporis.;40.0;6.46;2
1237;Maria Alves;2003-11-09;10;11;533.22;1.0;Montenegro do Oeste;ES;1.0;0.0;1.0;;66.67;3.2;3
1238;Dra. Alexia Câmara;1996-01-28;6;7;736.5;0.0;XXXXXXXXXXXXXXXXXXXXXXXXXXXXXXXXXXXXXXXXXXXXXXXXXXXXXXXXXXXX;!!;1.0;1.0;0.0;;83.33;0.31;2
1239;Maya Cardoso;2005-03-14;4;6;3706.79;0.0;Jesus de Brito;RN;1.0;0.0;1.0;;60.0;;0
1240;Luiz Otávio Carvalho;2001-09-20;9;11;654.61;0.0;Câmara;MT;0.0;1.0;0.0;;40.0;5.84;1
1241;Maitê Aragão;2000-06-12;2;13;3846.62;1.0;Almeida das Pedras;MT;;1.0;1.0;;66.67;7.39;1
1242;;2005-08-25;8;19;4147.65;1.0;Casa Grande Paulista;BA;1.0;;0.0;;100.0;5.6;1
1243;Vitor Gabriel Almeida;1999-05-14;4;16;2704.21;0.0;Cirino de Souza;RJ;1.0;1.0;1.0;;80.0;1.09;2
1244;Lorena Mendonça;2002-06-12;4;3;2787.72;1.0;Pinto das Flores;MT;1.0;1.0;0.0;Ducimus delectus voluptates eius in blanditiis aspernatur.;33.33;6.57;1
1245;Melina Melo;1999-07-06;2;3;4288.09;0.0;Sales;GO;0.0;0.0;0.0;Laudantium distinctio voluptate dolores animi.;50.0;3.11;2
1246;Marcelo Albuquerque;2000-11-21;9;20;4168.08;0.0;Gonçalves da Prata;MS;1.0;1.0;0.0;;100.0;3.63;1
1247;Dr. Cauã Castro;1996-04-18;5;16;2950.71;1.0;Rios Paulista;RR;0.0;0.0;0.0;;40.0;3.53;1
1248;Cecília Silveira;;2;16;3699.36;0.0;Cardoso do Sul;PA;1.0;0.0;1.0;;33.33;4.78;1
1249;Léo Montenegro;2002-01-29;5;20;4240.08;0.0;Cassiano de Araújo;PE;1.0;0.0;0.0;;50.0;7.23;1
1250;;2003-05-08;10;14;2217.48;1.0;Costela do Norte;MG;0.0;0.0;1.0;;100.0;3.57;1
1251;Ian Fogaça;1996-11-05;5;12;797.53;1.0;Aparecida;RN;1.0;0.0;0.0;;40.0;3.76;4
1252;Juan Nogueira;1994-10-28;1;15;3698.46;1.0;da Costa de Minas;PI;0.0;1.0;1.0;;20.0;9.74;1
1253;Isaque Gonçalves;2004-03-24;4;1;1141.94;1.0;Silveira das Pedras;!!;0.0;0.0;0.0;;28.57;;0
1254;Maria Flor Porto;2004-11-02;7;12;4895.48;1.0;Rios do Norte;MG;1.0;0.0;1.0;;60.0;6.24;2
1255;Francisco da Conceição;1994-12-10;7;15;4458.94;0.0;Casa Grande do Sul;RS;0.0;1.0;1.0;;100.0;5.89;1
1256;Lorena da Mata;;6;13;2781.57;0.0;Costa;PB;0.0;1.0;0.0;;33.33;4.78;2
1257;Vinicius Ramos;1997-08-27;7;4;772.58;1.0;Jesus;AM;1.0;1.0;0.0;;50.0;5.28;1
1258;Maria Eduarda Vasconcelos;2004-06-28;1;3;2900.28;1.0;das Neves Grande;AL;1.0;0.0;0.0;;0.0;0.07;1
1259;Ian Campos;2000-02-23;4;2;1064.51;1.0;;ES;0.0;1.0;1.0;;66.67;4.18;3
1260;Dom Montenegro;2002-02-28;1;16;3150.18;1.0;Rodrigues;SC;0.0;1.0;1.0;;100.0;2.51;1
1261;Dr. Alexandre Fogaça;;4;18;694.28;0.0;Siqueira do Amparo;MS;1.0;1.0;1.0;;33.33;4.74;4
1262;Srta. Sofia Martins;2005-04-22;6;18;3462.86;0.0;Martins de Goiás;SC;0.0;1.0;0.0;;100.0;5.36;2
1263;Dra. Ana Cecília Oliveira;2006-07-11;7;10;;1.0;da Mata do Sul;MG;0.0;1.0;1.0;;0.0;;0
1264;Antônio da Cruz;2004-05-06;10;20;3577.0;0.0;Novais do Sul;AL;1.0;1.0;0.0;;;7.81;1
1265;Sr. Erick Andrade;1995-10-24;7;7;2147.65;0.0;Silveira da Mata;AM;1.0;1.0;1.0;Quam rem consectetur.;75.0;1.03;1
1266;Theodoro Lopes;1997-10-02;6;9;2327.73;1.0;Teixeira de Barbosa;RO;0.0;1.0;1.0;;75.0;4.67;2
1267;Yasmin Monteiro;1996-04-08;9;18;2288.55;0.0;Moura de Rodrigues;RN;;0.0;0.0;;80.0;1.22;2
1268;Bryan Araújo;1999-06-29;7;4;2338.6;0.0;Albuquerque de Minas;MG;1.0;0.0;1.0;;100.0;6.71;3
1269;Sra. Ana Silva;1998-08-18;2;20;2886.32;0.0;Aparecida do Norte;PE;0.0;0.0;1.0;;100.0;;0
1270;Caroline Abreu;1998-05-01;5;12;3473.07;0.0;Teixeira;MT;1.0;0.0;1.0;Fugit commodi facilis consequuntur minus.;60.0;6.4;4
1271;!!!INVALID_DATA!!!;1995-05-19;7;2;3236.33;1.0;Souza Paulista;RJ;0.0;0.0;1.0;;0.0;2.61;2
1272;Brayan Casa Grande;1996-04-24;3;16;4919.34;1.0;Fonseca de Pastor;SP;1.0;;0.0;;80.0;;0
1273;Srta. Eloá Lima;1995-06-26;6;4;4738.53;1.0;Sá das Flores;;0.0;1.0;1.0;;33.33;;0
1274;!!!INVALID_DATA!!!;1999-03-04;1;12;3505.08;1.0;Alves;AM;1.0;1.0;0.0;;;;0
1275;Dr. Benício Azevedo;2000-09-12;2;7;1707.87;0.0;da Mota do Oeste;MS;1.0;0.0;0.0;;33.33;3.67;3
1276;Danilo Montenegro;1998-02-19;7;1;1007.79;1.0;XXXXXXXXXXXXXXXXXXXXXXXXXXXXXXXXXXXXXXXXXXXXXXXXXXXXXXXXXXXX;TO;0.0;0.0;0.0;;66.67;;0
1277;Yago Monteiro;2000-04-17;3;17;541.66;;Silva de Ferreira;SE;1.0;1.0;1.0;;0.0;;0
1278;XXXXXXXXXXXXXXXXXXXXXXXXXXXXXXXXXXXXXXXXXXXXXXXXXXXXXXXXXXXXXXXXXXXXXXXXXXXXXXXXXXXXXXXXXXXXXXXXXXXXXXXXXXXXXX;2002-04-05;5;16;1271.09;0.0;Vasconcelos de Minas;AM;1.0;;1.0;;25.0;6.52;1
1279;Lunna Pires;1998-09-21;5;16;2350.0;1.0;Cavalcanti da Prata;RJ;1.0;0.0;0.0;XXXXXXXXXXXXXXXXXXXXXXXXXXXXXXXXXXXXXXXXXXXXXXXXXXXXXXXXXXXXXXXXXXXXXXXXXXXXXXXXXXXXXXXXXXXXXXXXXXXXXXXXXXXXXXXXXXXXXXXXXXXXXXXXXXXXXXXXXXXXXXXXXXXXXXXXXXXXXXXXXXXXXXXXXXXXXXXXXXXXXXXXXXXXXXXXXXXXXXXXXXXXXXXXXX;20.0;0.6;1
1280;Maria Helena Garcia;2003-11-23;2;2;4236.59;0.0;Azevedo das Flores;PB;1.0;0.0;0.0;;33.33;4.51;2
1281;José Miguel Pires;2004-05-05;10;18;4208.81;0.0;da Mata de Vargas;SP;1.0;0.0;1.0;;0.0;0.78;2
1282;Fernando Souza;1997-09-17;2;3;2780.22;1.0;da Cunha Grande;MG;1.0;1.0;0.0;;50.0;5.88;1
1283;Ravy Duarte;;2;14;1653.46;0.0;Ribeiro de Gonçalves;TO;;0.0;0.0;;0.0;3.63;1
1284;Vicente Cavalcanti;2006-03-19;2;8;4919.4;1.0;Martins de Caldeira;;0.0;;1.0;;100.0;5.08;1
1285;Sra. Eloá Vargas;2006-04-20;5;14;3760.66;1.0;Nunes das Pedras;AM;0.0;1.0;1.0;Tempora delectus fuga suscipit est nihil dolorem veniam.;66.67;;0
1286;Jade Casa Grande;2005-06-15;4;12;1847.19;0.0;Castro;AP;0.0;1.0;1.0;;75.0;6.25;1
1287;Benjamim Oliveira;1998-02-01;5;9;923.25;1.0;Machado de Goiás;PE;0.0;0.0;0.0;;60.0;7.6;1
1288;Léo Gonçalves;1998-12-21;5;4;1899.4;1.0;Silveira;GO;1.0;0.0;0.0;Maiores atque repudiandae architecto cumque.;100.0;7.94;3
1289;Raquel Moreira;1999-01-23;5;15;3501.77;1.0;Cassiano da Mata;RJ;0.0;1.0;1.0;;0.0;;0
1290;Caroline Pinto;2006-12-30;2;11;3343.9;0.0;Moreira da Praia;RS;1.0;1.0;1.0;Sapiente asperiores necessitatibus.;33.33;8.23;2
1291;Dr. Miguel Nunes;2001-01-22;5;16;2718.49;0.0;da Cruz;TO;1.0;;1.0;;50.0;4.92;1
1292;Ravy das Neves;1997-06-25;5;10;2243.43;1.0;da Rosa Grande;AM;0.0;0.0;0.0;Mollitia vel cumque distinctio.;80.0;6.81;1
1293;Luara Camargo;2006-05-12;9;6;4959.17;0.0;Costela;PB;0.0;0.0;0.0;Hic non repellendus similique corrupti voluptas aspernatur.;0.0;0.53;1
1294;!!!INVALID_DATA!!!;1999-04-02;3;4;4455.64;1.0;Campos;;1.0;1.0;0.0;;83.33;5.8;5
1295;Julia Vasconcelos;1999-03-24;8;5;2137.4;1.0;Gonçalves da Mata;BA;1.0;1.0;0.0;Dolorum minus provident non saepe quibusdam quaerat nulla.;100.0;;0
1296;XXXXXXXXXXXXXXXXXXXXXXXXXXXXXXXXXXXXXXXXXXXXXXXXXXXXXXXXXXXXXXXXXXXXXXXXXXXXXXXXXXXXXXXXXXXXXXXXXXXXXXXXXXXXXX;2000-07-06;7;8;987.79;0.0;da Cunha;RR;0.0;1.0;1.0;;100.0;3.2;3
1297;Davi Lucca Campos;1994-10-06;4;20;2031.09;0.0;Moraes de Leão;XX;0.0;0.0;1.0;Quisquam deserunt perferendis nihil.;0.0;6.47;6
1298;;1998-08-30;9;6;1717.99;0.0;Cassiano das Pedras;AC;0.0;1.0;1.0;Nemo in recusandae deleniti.;33.33;3.17;2
1299;Gael Henrique da Cruz;1999-09-26;10;4;1714.21;1.0;Mendes do Oeste;MT;0.0;1.0;1.0;;33.33;6.93;2
1300;Dr. Vitor Hugo Cirino;1999-01-26;6;15;4573.61;0.0;Moura;RR;1.0;1.0;1.0;;50.0;7.81;1
1301;Luiz Gustavo Oliveira;2001-07-10;3;18;1069.9;0.0;da Cunha da Mata;PB;1.0;;0.0;;50.0;5.67;4
1302;Olívia Machado;1995-12-03;10;9;2060.79;1.0;Nascimento do Amparo;PR;1.0;1.0;1.0;;50.0;;0
1303;Benicio Melo;2000-02-13;5;4;1015.71;0.0;Leão de Pacheco;MG;0.0;0.0;1.0;;100.0;3.27;1
1304;Srta. Júlia Lopes;1997-11-01;6;9;1129.95;1.0;Farias da Mata;PB;1.0;1.0;0.0;In similique cupiditate culpa reprehenderit at.;0.0;0.27;1
1305;Amanda Teixeira;2001-03-04;4;6;;0.0;Leão;DF;0.0;0.0;1.0;;0.0;;0
1306;Gabriel Pimenta;1997-12-02;5;2;2602.75;;Alves;MT;0.0;1.0;0.0;;0.0;0.63;2
1307;Rafaela Duarte;2002-11-06;3;19;1700.95;0.0;da Costa;SP;1.0;0.0;1.0;XXXXXXXXXXXXXXXXXXXXXXXXXXXXXXXXXXXXXXXXXXXXXXXXXXXXXXXXXXXXXXXXXXXXXXXXXXXXXXXXXXXXXXXXXXXXXXXXXXXXXXXXXXXXXXXXXXXXXXXXXXXXXXXXXXXXXXXXXXXXXXXXXXXXXXXXXXXXXXXXXXXXXXXXXXXXXXXXXXXXXXXXXXXXXXXXXXXXXXXXXXXXXXXXXX;66.67;0.44;1
1308;Aurora Mendonça;1999-02-13;3;4;3456.56;0.0;Cavalcanti;PI;1.0;0.0;0.0;;0.0;2.19;1
1309;Enrico Correia;1998-01-06;10;13;749.68;1.0;da Costa;DF;1.0;;1.0;;100.0;2.38;2
1310;Luiz Felipe Aragão;;8;20;538.92;0.0;Viana de Minas;AP;0.0;1.0;0.0;Ducimus ad corrupti harum.;100.0;5.73;3
1311;Gabriela Sampaio;2006-11-23;6;12;3019.49;0.0;XXXXXXXXXXXXXXXXXXXXXXXXXXXXXXXXXXXXXXXXXXXXXXXXXXXXXXXXXXXX;SC;0.0;0.0;1.0;;75.0;3.79;1
1312;João Lucas Moraes;2005-01-07;8;5;1451.99;0.0;da Paz;AC;0.0;1.0;0.0;;50.0;;0
1313;Lucas Mendes;1998-05-30;3;11;3148.68;0.0;Aparecida;AC;0.0;0.0;1.0;;66.67;0.61;1
1314;Srta. Catarina Fonseca;;6;3;735.76;0.0;Cavalcante;TO;0.0;1.0;0.0;;66.67;9.56;1
1315;Carlos Eduardo Cardoso;2002-08-17;4;20;905.74;1.0;Santos;MG;1.0;0.0;1.0;;0.0;;0
1316;Francisco Pinto;2004-11-25;9;15;2116.67;1.0;Cavalcanti do Galho;AM;0.0;;0.0;;66.67;;0
1317;Benício Santos;1994-07-28;6;18;1049.64;1.0;Rezende;PA;1.0;1.0;0.0;;0.0;;0
1318;Luna Garcia;2001-09-18;4;7;2827.96;0.0;Rocha;PE;1.0;0.0;0.0;Illo officiis optio iusto ex esse libero.;0.0;4.44;5
1319;Júlia Ribeiro;1999-10-03;3;20;4985.93;1.0;!!!INVALID_DATA!!!;DF;0.0;1.0;1.0;;50.0;6.2;1
1320;Lavínia Fonseca;2002-02-23;3;8;2772.76;1.0;;SE;0.0;0.0;1.0;;0.0;;0
1321;João Pedro Moreira;1999-09-14;6;4;4264.26;1.0;Fernandes;ES;0.0;1.0;0.0;;0.0;7.48;2
1322;Ravi Lucca Lopes;1996-08-01;10;10;1877.67;0.0;das Neves de Alves;MG;1.0;0.0;0.0;Ipsam at temporibus et ea.;60.0;;0
1323;Rafaela Rezende;1997-04-01;4;18;3757.43;1.0;da Luz das Pedras;AP;0.0;1.0;1.0;;80.0;4.55;2
1324;Nicole Duarte;;9;20;4864.51;1.0;Rezende;PE;0.0;1.0;1.0;;100.0;5.07;1
1325;Cecília Rocha;1999-10-20;7;13;2552.67;1.0;Viana;AM;0.0;1.0;0.0;;50.0;2.72;1
1326;Bento Sá;;2;5;;1.0;da Mota das Pedras;PB;0.0;0.0;0.0;;100.0;6.87;3
1327;Sr. Gael da Costa;1997-02-22;1;20;2894.06;1.0;da Conceição do Galho;;1.0;1.0;0.0;;50.0;;0
1328;Sra. Ester Caldeira;2003-04-22;9;10;1616.75;0.0;Cavalcante;SE;1.0;0.0;0.0;;33.33;4.2;3
1329;Ana Liz Jesus;2005-03-18;1;16;718.61;1.0;da Luz;AL;1.0;0.0;1.0;;50.0;;0
1330;Vitória Martins;1999-02-16;2;18;4276.12;0.0;Porto;CE;0.0;1.0;;;50.0;9.85;1
1331;Caroline Freitas;2005-02-25;8;2;4105.68;0.0;das Neves do Galho;AP;1.0;1.0;0.0;;40.0;5.92;2
1332;Antonella Silveira;2003-11-22;2;16;2070.85;1.0;Brito;ES;1.0;0.0;1.0;;20.0;2.76;3
1333;Luiza Casa Grande;2002-11-25;9;3;714.76;0.0;Azevedo Alegre;ES;0.0;1.0;0.0;;25.0;;0
1334;André Azevedo;1997-05-28;2;19;1658.91;1.0;Nascimento do Norte;SC;1.0;1.0;1.0;;50.0;3.87;1
1335;Eduarda da Rocha;2003-12-02;4;17;3768.27;1.0;Cunha de Farias;!!;0.0;0.0;1.0;Enim corrupti ipsum maiores.;100.0;4.25;2
1336;XXXXXXXXXXXXXXXXXXXXXXXXXXXXXXXXXXXXXXXXXXXXXXXXXXXXXXXXXXXXXXXXXXXXXXXXXXXXXXXXXXXXXXXXXXXXXXXXXXXXXXXXXXXXXX;1995-06-29;7;6;1374.32;1.0;XXXXXXXXXXXXXXXXXXXXXXXXXXXXXXXXXXXXXXXXXXXXXXXXXXXXXXXXXXXX;PR;0.0;1.0;0.0;Eveniet distinctio hic quidem.;25.0;;0
1337;Sra. Clara Silva;;6;10;3920.32;1.0;Almeida;SC;1.0;1.0;1.0;Officia error nihil officiis tempora id.;100.0;5.07;4
1338;José Pedro Cardoso;2003-04-03;7;15;4749.26;1.0;Jesus Grande;TO;0.0;1.0;1.0;Adipisci sit illum ducimus.;25.0;4.41;2
1339;Lorena Rios;1995-01-25;4;5;953.96;1.0;Monteiro de Dias;AL;0.0;1.0;1.0;;80.0;6.32;2
1340;Valentina Nunes;1996-12-15;8;12;2064.21;1.0;Alves Paulista;RO;0.0;0.0;1.0;;66.67;1.02;1
1341;Melina da Cruz;1994-11-16;6;18;1782.34;0.0;da Cruz;SC;1.0;1.0;1.0;;66.67;6.92;1
1342;Otávio Guerra;1995-07-15;7;15;4295.78;1.0;Rezende;CE;0.0;0.0;0.0;;50.0;;0
1343;Gustavo Henrique Siqueira;1996-06-06;4;8;2403.04;1.0;Silveira do Amparo;PR;1.0;1.0;0.0;;33.33;1.08;3
1344;Elisa Camargo;2003-01-05;8;8;3778.91;0.0;Aragão de Fonseca;RJ;1.0;0.0;0.0;;50.0;1.49;1
1345;Gabriela Cavalcante;1999-08-31;10;3;2606.96;0.0;da Rocha do Norte;AC;0.0;0.0;0.0;;50.0;0.83;1
1346;Maria Liz Ramos;2003-07-09;9;10;4745.72;0.0;Farias;AL;0.0;1.0;1.0;;25.0;7.39;1
1347;Liam da Mota;1997-09-12;4;20;4843.6;1.0;Pacheco;PE;1.0;1.0;1.0;;75.0;2.14;1
1348;Thales Silveira;2002-06-07;9;14;1347.95;0.0;Mendonça;TO;1.0;0.0;0.0;Illo eveniet praesentium porro ducimus.;;;0
1349;Sara Barros;2006-05-17;2;10;2911.69;0.0;Fogaça;ES;1.0;0.0;0.0;;33.33;5.94;2
1350;Ana Cecília Pinto;1996-05-29;2;8;3255.43;0.0;da Cruz;ES;1.0;1.0;0.0;;50.0;6.35;2
1351;Pedro Henrique Montenegro;1995-10-11;8;11;1485.49;1.0;Moraes de Andrade;SC;1.0;0.0;0.0;Iure autem nulla tempora ratione reprehenderit.;66.67;0.95;2
1352;Isabela Fonseca;1998-01-12;10;20;4894.93;0.0;Correia;AL;1.0;0.0;0.0;;75.0;6.74;2
1353;Emanuella Alves;2004-12-03;8;9;4836.38;0.0;Pereira;SE;1.0;0.0;1.0;;100.0;8.75;2
1354;XXXXXXXXXXXXXXXXXXXXXXXXXXXXXXXXXXXXXXXXXXXXXXXXXXXXXXXXXXXXXXXXXXXXXXXXXXXXXXXXXXXXXXXXXXXXXXXXXXXXXXXXXXXXXX;;7;5;983.98;0.0;da Rosa da Mata;AM;1.0;0.0;1.0;;50.0;;0
1355;Sofia Teixeira;2003-04-01;7;6;1434.53;0.0;Cavalcanti;BA;0.0;1.0;1.0;;50.0;5.02;2
1356;Lucas da Costa;2003-08-02;1;13;4194.93;1.0;Campos Grande;CE;0.0;1.0;1.0;;66.67;7.91;3
1357;Sofia Ramos;1998-03-08;1;3;3249.85;1.0;Pacheco;AC;0.0;0.0;0.0;;0.0;4.79;2
1358;Maria Sophia da Costa;;5;2;3185.05;1.0;Câmara;!!;;1.0;0.0;;80.0;0.39;1
1359;Isis Gonçalves;1999-01-09;8;2;4616.15;0.0;Farias de Minas;RS;0.0;1.0;1.0;;75.0;;0
1360;Luísa Campos;2004-05-21;10;3;1525.36;1.0;XXXXXXXXXXXXXXXXXXXXXXXXXXXXXXXXXXXXXXXXXXXXXXXXXXXXXXXXXXXX;RR;0.0;0.0;1.0;;75.0;;0
1361;Eloah Ribeiro;2001-08-23;3;19;1905.09;1.0;Lima do Galho;BA;1.0;0.0;;Sed ut non natus.;33.33;;0
1362;Thomas Fogaça;1995-01-28;3;6;3022.9;0.0;Moura;MG;0.0;0.0;0.0;;100.0;4.53;2
1363;Henry Gabriel Cavalcanti;1999-04-14;3;13;934.17;0.0;Fogaça do Oeste;PE;0.0;1.0;0.0;;50.0;6.13;1
1364;Eduarda Borges;1998-12-19;10;18;2777.03;1.0;;PA;0.0;1.0;0.0;;66.67;2.64;1
1365;Francisco Fernandes;2003-04-23;1;4;3139.04;0.0;Cavalcante da Prata;MA;0.0;0.0;1.0;;50.0;5.91;3
1366;Sra. Ana Laura Santos;;9;14;2313.84;1.0;Fernandes;SP;0.0;0.0;0.0;;75.0;6.7;4
1367;Maitê da Cunha;1996-03-14;4;5;4799.3;0.0;Farias;AM;0.0;1.0;1.0;Nesciunt repudiandae aspernatur similique magnam atque nemo.;0.0;2.01;1
1368;Ana Rodrigues;1997-07-04;3;13;3233.64;0.0;Farias;PI;0.0;0.0;0.0;;75.0;7.04;1
1369;Maria Alice Porto;2003-04-12;5;4;2644.22;0.0;Albuquerque do Amparo;AC;0.0;1.0;;;80.0;3.88;4
1370;Danilo Rezende;1999-10-11;6;9;4493.47;0.0;Farias de Rios;PR;1.0;1.0;0.0;;75.0;4.05;1
1371;Natália da Conceição;2001-02-27;4;18;3871.19;0.0;Oliveira;PE;0.0;0.0;0.0;;0.0;7.85;2
1372;Mirella Aparecida;1996-09-21;8;5;4349.92;0.0;Cassiano da Prata;DF;1.0;0.0;0.0;;50.0;9.48;1
1373;Esther Novaes;1997-03-27;4;1;3391.5;1.0;da Rocha da Mata;DF;0.0;1.0;0.0;;100.0;5.24;3
1374;Aurora Mendes;2004-02-16;10;15;4187.65;1.0;!!!INVALID_DATA!!!;AM;1.0;1.0;0.0;;100.0;2.41;3
1375;Dr. Otávio Moreira;2001-10-17;1;10;540.19;1.0;Cunha de Goiás;RO;1.0;0.0;0.0;;0.0;4.44;3
1376;Raquel Camargo;2000-08-05;9;7;2208.24;1.0;Oliveira de Melo;CE;0.0;0.0;1.0;XXXXXXXXXXXXXXXXXXXXXXXXXXXXXXXXXXXXXXXXXXXXXXXXXXXXXXXXXXXXXXXXXXXXXXXXXXXXXXXXXXXXXXXXXXXXXXXXXXXXXXXXXXXXXXXXXXXXXXXXXXXXXXXXXXXXXXXXXXXXXXXXXXXXXXXXXXXXXXXXXXXXXXXXXXXXXXXXXXXXXXXXXXXXXXXXXXXXXXXXXXXXXXXXXX;50.0;1.01;1
1377;XXXXXXXXXXXXXXXXXXXXXXXXXXXXXXXXXXXXXXXXXXXXXXXXXXXXXXXXXXXXXXXXXXXXXXXXXXXXXXXXXXXXXXXXXXXXXXXXXXXXXXXXXXXXXX;2000-05-24;5;15;3487.92;1.0;da Mota;DF;1.0;1.0;1.0;;33.33;3.41;4
1378;Lara Fonseca;2000-10-19;3;18;3141.11;1.0;Macedo;DF;0.0;1.0;0.0;Deleniti dolorum magni distinctio provident officiis earum.;100.0;7.29;3
1379;José Rezende;1999-03-07;7;20;;0.0;XXXXXXXXXXXXXXXXXXXXXXXXXXXXXXXXXXXXXXXXXXXXXXXXXXXXXXXXXXXX;RS;0.0;0.0;1.0;;50.0;4.5;2
1380;Aurora Vieira;1998-09-16;9;9;3011.89;0.0;Marques;MA;1.0;0.0;0.0;;83.33;7.52;2
1381;Isaac Melo;1995-05-15;1;15;1040.54;1.0;Pastor;GO;1.0;0.0;0.0;;60.0;9.71;1
1382;Sra. Luana Guerra;1999-05-03;4;17;4268.98;1.0;Casa Grande;AC;1.0;0.0;0.0;;75.0;1.94;1
1383;João Guilherme Oliveira;1996-06-21;9;7;1531.29;1.0;Fogaça;DF;0.0;1.0;1.0;;50.0;5.35;1
1384;Ravi das Neves;2000-05-06;4;10;3007.18;1.0;Castro;MT;0.0;0.0;1.0;;50.0;3.72;1
1385;Sra. Zoe Cardoso;1995-11-05;3;7;1624.1;1.0;Macedo do Campo;MG;1.0;0.0;1.0;Quasi cumque totam distinctio voluptatibus.;0.0;3.53;1
1386;Henrique Cavalcanti;1997-03-26;2;5;2481.12;1.0;Costa;XX;1.0;0.0;0.0;Quidem maiores quo pariatur dolorum.;66.67;6.24;3
1387;Eloah Nascimento;2002-05-03;8;9;3581.33;;Vieira da Mata;RJ;0.0;1.0;0.0;Consectetur repudiandae perspiciatis dolorem dolore aspernatur laboriosam.;100.0;0.89;1
1388;João Pedro Costela;2003-03-12;8;7;2122.46;0.0;Sampaio;PE;1.0;0.0;0.0;;66.67;7.9;2
1389;Sra. Ana Laura Castro;2003-09-02;3;1;3529.94;0.0;Peixoto;SC;1.0;1.0;1.0;Illo eveniet porro doloremque occaecati maxime.;50.0;6.19;1
1390;Eloah Garcia;2001-11-11;2;1;1496.23;1.0;!!!INVALID_DATA!!!;AL;0.0;0.0;0.0;;40.0;8.79;2
1391;Sra. Eloah Cassiano;1995-02-25;7;20;3548.01;1.0;Sousa das Flores;CE;0.0;0.0;1.0;;100.0;4.23;4
1392;Anthony Ribeiro;2004-07-13;4;7;2226.49;0.0;Garcia;PB;0.0;0.0;0.0;;75.0;5.49;3
1393;Luísa Vasconcelos;2005-03-28;2;2;2787.35;1.0;XXXXXXXXXXXXXXXXXXXXXXXXXXXXXXXXXXXXXXXXXXXXXXXXXXXXXXXXXXXX;MT;0.0;1.0;0.0;XXXXXXXXXXXXXXXXXXXXXXXXXXXXXXXXXXXXXXXXXXXXXXXXXXXXXXXXXXXXXXXXXXXXXXXXXXXXXXXXXXXXXXXXXXXXXXXXXXXXXXXXXXXXXXXXXXXXXXXXXXXXXXXXXXXXXXXXXXXXXXXXXXXXXXXXXXXXXXXXXXXXXXXXXXXXXXXXXXXXXXXXXXXXXXXXXXXXXXXXXXXXXXXXXX;33.33;4.49;2
1394;Dra. Ana Sophia Nascimento;2006-05-13;2;8;1069.86;1.0;Vargas;TO;1.0;0.0;0.0;;66.67;7.83;2
1395;Maria Luísa Sales;1997-11-05;1;19;1972.17;0.0;Nunes do Campo;TO;0.0;0.0;1.0;;0.0;7.0;4
1396;Sr. Raul Silva;2005-11-03;3;4;2441.01;1.0;Araújo do Norte;MA;0.0;0.0;0.0;;33.33;;0
1397;Pedro Henrique Farias;1996-06-23;2;4;2531.41;1.0;Costa;PE;0.0;;0.0;;50.0;;0
1398;Murilo da Mata;2001-08-31;4;6;3927.25;1.0;Dias do Amparo;MG;0.0;0.0;0.0;;100.0;7.1;2
1399;Noah Farias;1994-05-22;9;4;3473.68;1.0;Guerra;PA;1.0;1.0;0.0;;33.33;2.04;2
1400;Josué Casa Grande;2004-05-09;1;16;650.22;1.0;da Cruz da Serra;RR;1.0;0.0;1.0;Libero voluptate in.;100.0;5.54;2
1401;Dr. Danilo Porto;1997-08-29;4;15;4377.64;0.0;da Luz;PR;0.0;1.0;0.0;;0.0;;0
1402;Bernardo Vasconcelos;1999-02-08;1;13;3136.46;0.0;Albuquerque;PR;1.0;1.0;0.0;;50.0;4.83;2
1403;Davi Cavalcante;;4;19;825.21;0.0;da Costa de Barros;RJ;1.0;0.0;0.0;;62.5;6.04;3
1404;Srta. Valentina Leão;1996-05-10;9;2;1129.46;1.0;Martins da Praia;RS;;0.0;0.0;;40.0;7.17;1
1405;Olivia Macedo;1998-10-13;8;16;4897.8;0.0;Castro dos Dourados;MS;1.0;1.0;0.0;;50.0;4.12;1
1406;Arthur Gomes;1999-08-23;4;6;3298.14;1.0;Brito;MG;0.0;0.0;0.0;;50.0;6.01;1
1407;;2005-07-25;5;1;1720.91;0.0;da Paz;MG;0.0;0.0;0.0;;66.67;;0
1408;Vitor Cavalcanti;2004-09-25;1;7;2585.74;1.0;Pereira das Flores;RN;1.0;0.0;1.0;;;6.45;1
1409;Agatha Vasconcelos;2002-11-18;2;11;1063.96;0.0;Santos;PE;0.0;0.0;1.0;;33.33;4.95;2
1410;Manuella Leão;2000-11-12;6;12;2060.99;1.0;Souza Verde;RO;1.0;1.0;1.0;;0.0;5.42;4
1411;Davi Miguel Câmara;2002-03-08;1;18;4365.5;1.0;Aparecida de Abreu;AP;1.0;0.0;0.0;Numquam sint temporibus atque.;100.0;4.0;4
1412;Sr. Alexandre Brito;1995-04-09;8;16;2135.17;1.0;Costa do Sul;BA;1.0;0.0;0.0;;33.33;5.26;2
1413;Augusto Mendonça;2001-10-26;2;3;1849.89;1.0;Silva;AL;0.0;0.0;1.0;Facere est eos exercitationem nisi ipsam id.;0.0;0.24;1
1414;Ana Laura Costela;;7;5;4845.95;1.0;Castro Alegre;!!;0.0;0.0;0.0;;0.0;7.62;2
1415;Zoe Pacheco;2005-09-15;5;5;2668.66;1.0;das Neves de Novais;!!;0.0;1.0;0.0;Blanditiis fugit incidunt aspernatur ab sed.;0.0;8.61;1
1416;Eloah Azevedo;2007-04-09;10;1;3070.53;0.0;da Cunha;AC;0.0;0.0;1.0;;60.0;7.82;1
1417;Juan Montenegro;1996-01-11;9;6;4547.76;0.0;;PB;0.0;0.0;;;100.0;1.1;1
1418;Dr. Erick da Cruz;2002-11-25;9;15;;1.0;da Conceição do Amparo;ES;0.0;1.0;0.0;;50.0;2.25;2
1419;Maysa Cunha;2005-05-27;2;15;0.0;1.0;Vieira de Machado;;0.0;0.0;0.0;;25.0;4.12;5
1420;Mariana Albuquerque;2004-07-30;5;17;4318.81;1.0;XXXXXXXXXXXXXXXXXXXXXXXXXXXXXXXXXXXXXXXXXXXXXXXXXXXXXXXXXXXX;SP;1.0;0.0;1.0;XXXXXXXXXXXXXXXXXXXXXXXXXXXXXXXXXXXXXXXXXXXXXXXXXXXXXXXXXXXXXXXXXXXXXXXXXXXXXXXXXXXXXXXXXXXXXXXXXXXXXXXXXXXXXXXXXXXXXXXXXXXXXXXXXXXXXXXXXXXXXXXXXXXXXXXXXXXXXXXXXXXXXXXXXXXXXXXXXXXXXXXXXXXXXXXXXXXXXXXXXXXXXXXXXX;0.0;6.17;3
1421;Sra. Allana Nascimento;2004-08-12;8;19;3547.05;0.0;Nunes de Jesus;;1.0;1.0;1.0;;33.33;4.27;2
1422;Brayan Nascimento;1994-05-03;9;13;949.89;1.0;Pastor;SE;1.0;1.0;0.0;;100.0;4.09;2
1423;Giovanna Cardoso;1995-11-14;8;6;656.84;0.0;XXXXXXXXXXXXXXXXXXXXXXXXXXXXXXXXXXXXXXXXXXXXXXXXXXXXXXXXXXXX;DF;0.0;0.0;1.0;Est doloribus doloremque dolor.;0.0;4.54;3
1424;Augusto Pimenta;2005-09-19;9;14;1823.37;1.0;Martins;AM;1.0;0.0;1.0;;0.0;3.19;1
1425;Sra. Maria Alice Vieira;1997-01-28;6;13;2825.77;1.0;Azevedo;AM;0.0;1.0;0.0;;66.67;6.91;1
1426;!!!INVALID_DATA!!!;2001-07-02;8;4;1881.31;1.0;Fonseca da Serra;BA;0.0;0.0;0.0;;50.0;6.73;4
1427;Dr. Rafael Fonseca;2004-03-23;2;8;1050.67;0.0;Lima;AP;0.0;1.0;1.0;;25.0;;0
1428;Antônio Cavalcante;2002-06-05;8;2;4935.56;1.0;Andrade de Moura;RJ;1.0;0.0;1.0;;75.0;;0
1429;Davi Lucas Montenegro;2006-06-18;6;5;2572.14;1.0;da Paz de Goiás;MS;0.0;0.0;1.0;;50.0;5.92;2
1430;Gabriel Cirino;1996-05-06;1;5;4953.02;0.0;Cirino Grande;MT;1.0;0.0;0.0;;33.33;7.81;2
1431;Clarice Melo;2001-04-22;2;8;1522.31;1.0;Almeida;RR;1.0;0.0;1.0;;66.67;3.48;3
1432;Dr. Enzo Pimenta;2002-10-30;5;9;1036.43;0.0;Machado;ES;0.0;0.0;1.0;;0.0;5.86;2
1433;Gael Aragão;1998-02-21;8;18;1589.27;0.0;Abreu;SP;0.0;0.0;1.0;;0.0;5.76;2
1434;Maya Sá;2005-10-05;9;17;1338.65;1.0;Câmara do Norte;MS;0.0;0.0;1.0;Quaerat accusamus dignissimos veniam.;66.67;0.96;1
1435;Erick Viana;2002-04-17;2;17;4532.39;0.0;Casa Grande de Garcia;!!;1.0;0.0;1.0;Expedita commodi quae.;66.67;7.55;1
1436;Gael Martins;1999-07-12;1;19;1416.01;;Andrade dos Dourados;SE;0.0;0.0;1.0;;50.0;3.43;3
1437;Alexia Gonçalves;1996-03-09;4;16;1916.74;0.0;Machado;AP;1.0;0.0;1.0;;50.0;0.57;1
1438;Vitor Hugo Correia;1998-03-04;3;1;3788.78;0.0;Moraes das Flores;GO;0.0;1.0;1.0;;50.0;5.71;2
1439;Nicolas Azevedo;2002-12-02;9;16;1217.46;1.0;Pimenta das Flores;MA;0.0;0.0;1.0;Molestiae delectus vel perspiciatis vero iusto.;0.0;4.57;2
1440;Alana da Paz;1997-07-03;10;11;4884.03;1.0;da Rosa;PE;1.0;1.0;1.0;;75.0;1.82;2
1441;Ana Beatriz Araújo;1996-03-19;4;11;3694.28;0.0;Viana de Pimenta;RO;;0.0;0.0;;100.0;6.83;1
1442;Bernardo Novaes;2006-04-23;5;5;3158.06;0.0;!!!INVALID_DATA!!!;RO;0.0;0.0;1.0;;66.67;5.26;4
1443;João Vitor Moreira;2001-05-30;9;8;587.66;0.0;Ribeiro da Serra;DF;1.0;0.0;0.0;;80.0;;0
1444;Dr. André Brito;2000-08-11;5;4;1198.31;1.0;Gonçalves;RS;1.0;0.0;0.0;;100.0;9.23;1
1445;XXXXXXXXXXXXXXXXXXXXXXXXXXXXXXXXXXXXXXXXXXXXXXXXXXXXXXXXXXXXXXXXXXXXXXXXXXXXXXXXXXXXXXXXXXXXXXXXXXXXXXXXXXXXXX;2005-08-15;2;13;4737.53;1.0;Castro do Norte;ES;1.0;0.0;1.0;;;3.89;4
1446;Kevin Marques;2006-02-27;7;14;2812.98;1.0;Azevedo;PB;0.0;0.0;1.0;Dolor expedita eius veniam odio dolorem.;20.0;3.01;2
1447;Olivia Aparecida;1995-05-28;10;6;4709.23;1.0;Vieira;AL;0.0;1.0;1.0;;40.0;9.55;1
1448;Dr. Pietro Câmara;2000-10-15;2;18;1169.42;1.0;Gomes;RJ;1.0;0.0;1.0;;100.0;6.66;1
1449;Maria Cecília Barbosa;1995-11-04;10;11;2300.58;1.0;Teixeira;!!;0.0;0.0;0.0;;100.0;2.51;5
1450;Zoe da Paz;2001-09-08;9;6;2752.91;0.0;Novaes;!!;1.0;1.0;1.0;;50.0;;0
1451;;1998-11-09;5;12;4079.91;0.0;Cavalcante;RJ;0.0;0.0;0.0;;50.0;5.99;1
1452;João Miguel Santos;2004-03-11;10;1;2928.86;1.0;Teixeira;PE;0.0;0.0;0.0;;;;0
1453;Davi Miguel da Cunha;1999-09-13;8;20;4156.95;1.0;Aparecida Verde;GO;1.0;0.0;1.0;;20.0;4.06;1
1454;!!!INVALID_DATA!!!;2001-11-30;1;7;0.0;1.0;Vieira;BA;1.0;0.0;1.0;;100.0;4.61;2
1455;Daniel Nascimento;1994-06-17;5;11;3284.68;0.0;Macedo Paulista;TO;0.0;1.0;0.0;;;5.45;2
1456;Sra. Melina Correia;2006-11-27;9;12;1319.66;0.0;Macedo;RN;0.0;1.0;0.0;;75.0;;0
1457;Caio Guerra;2007-03-28;3;4;3028.66;0.0;Brito;RJ;0.0;;1.0;Quo quis voluptatem voluptate expedita excepturi natus.;33.33;5.92;3
1458;Sofia da Mata;;2;16;4419.75;1.0;Farias das Pedras;BA;0.0;1.0;0.0;Provident facere veritatis ab.;100.0;3.86;3
1459;Luna Nascimento;1997-02-28;7;10;2191.3;0.0;da Cunha das Pedras;RR;1.0;1.0;1.0;Unde a error quos omnis autem odit.;0.0;5.12;3
1460;Maria Julia Camargo;1995-11-01;7;6;3118.65;0.0;da Rosa do Campo;RN;0.0;1.0;0.0;;100.0;3.27;3
1461;Pietro Fonseca;2001-12-02;7;4;1126.85;0.0;da Rocha de Minas;RJ;1.0;1.0;0.0;;0.0;8.5;3
1462;XXXXXXXXXXXXXXXXXXXXXXXXXXXXXXXXXXXXXXXXXXXXXXXXXXXXXXXXXXXXXXXXXXXXXXXXXXXXXXXXXXXXXXXXXXXXXXXXXXXXXXXXXXXXXX;2005-11-05;3;17;1075.79;0.0;Dias;RN;0.0;1.0;0.0;XXXXXXXXXXXXXXXXXXXXXXXXXXXXXXXXXXXXXXXXXXXXXXXXXXXXXXXXXXXXXXXXXXXXXXXXXXXXXXXXXXXXXXXXXXXXXXXXXXXXXXXXXXXXXXXXXXXXXXXXXXXXXXXXXXXXXXXXXXXXXXXXXXXXXXXXXXXXXXXXXXXXXXXXXXXXXXXXXXXXXXXXXXXXXXXXXXXXXXXXXXXXXXXXXX;33.33;9.39;2
1463;;1996-01-25;9;4;1858.94;1.0;Cavalcanti;XX;1.0;1.0;1.0;;0.0;6.3;2
1464;Ana Julia da Cunha;1998-06-29;8;2;824.29;1.0;da Cruz;SE;1.0;0.0;0.0;Accusantium enim doloribus nobis dolor et.;0.0;2.88;1
1465;Enrico Camargo;;5;4;2937.86;1.0;da Paz Verde;AP;0.0;0.0;0.0;;100.0;;0
1466;Esther Garcia;1995-04-01;2;14;1932.85;1.0;Dias do Campo;CE;1.0;1.0;0.0;;50.0;;0
1467;Manuela Araújo;;5;18;3604.83;0.0;Oliveira;DF;1.0;0.0;1.0;;57.14;6.94;2
1468;Daniela Barros;1999-03-01;8;11;2980.97;1.0;Albuquerque;MS;0.0;0.0;1.0;;33.33;5.49;2
1469;!!!INVALID_DATA!!!;1996-07-13;7;16;4380.52;0.0;Moreira da Praia;AM;1.0;1.0;0.0;;0.0;4.7;4
1470;Alexandre Almeida;1998-12-18;5;4;4320.69;1.0;Mendonça;TO;0.0;1.0;1.0;;0.0;;0
1471;José Pedro Fonseca;2001-03-12;10;12;4745.36;0.0;XXXXXXXXXXXXXXXXXXXXXXXXXXXXXXXXXXXXXXXXXXXXXXXXXXXXXXXXXXXX;MG;0.0;0.0;0.0;Mollitia cumque corporis vero quidem tempora.;100.0;;0
1472;Augusto Fogaça;2003-01-14;6;12;888.74;0.0;!!!INVALID_DATA!!!;TO;0.0;0.0;1.0;;100.0;1.03;1
1473;Sra. Agatha Nogueira;2004-10-07;7;14;2363.29;1.0;Almeida;RS;0.0;1.0;1.0;;60.0;9.75;2
1474;Ísis Guerra;1996-12-12;3;14;575.38;1.0;Duarte das Pedras;GO;0.0;1.0;1.0;Quisquam nostrum ad vero similique blanditiis.;33.33;3.66;1
1475;João Felipe Lima;;1;16;0.0;1.0;Pimenta;RJ;1.0;0.0;0.0;Officia nam similique.;66.67;;0
1476;Dr. Pedro Miguel Marques;2005-12-22;6;3;3994.57;0.0;da Luz das Flores;PA;1.0;0.0;0.0;;20.0;5.98;3
1477;Sofia Peixoto;1997-05-15;8;1;2045.36;0.0;Pires;TO;1.0;0.0;1.0;Pariatur facere magni velit id est.;66.67;4.14;2
1478;Sra. Evelyn Mendonça;2006-12-31;1;19;3278.32;1.0;Rodrigues de Vieira;RS;1.0;1.0;1.0;;60.0;5.75;4
1479;Dra. Ana Cecília da Mota;;2;5;2254.56;0.0;!!!INVALID_DATA!!!;MS;0.0;0.0;0.0;;66.67;5.12;3
1480;Luiz Felipe Mendes;1996-05-19;9;12;1386.13;0.0;XXXXXXXXXXXXXXXXXXXXXXXXXXXXXXXXXXXXXXXXXXXXXXXXXXXXXXXXXXXX;AP;0.0;1.0;0.0;;40.0;;0
1481;Theodoro Azevedo;;5;4;1713.0;0.0;Castro;PA;0.0;1.0;0.0;;100.0;6.24;1
1482;Miguel Monteiro;2000-08-15;3;8;4556.75;1.0;Santos da Prata;RS;0.0;1.0;1.0;Numquam iusto architecto possimus.;75.0;;0
1483;Luigi Pereira;2002-07-02;1;10;528.92;1.0;da Cunha;PE;1.0;0.0;0.0;Mollitia quae natus expedita illo.;100.0;3.67;2
1484;Rhavi Dias;2000-05-24;2;15;893.9;1.0;da Costa;SC;1.0;1.0;1.0;;;3.14;3
1485;Srta. Júlia Sousa;1996-05-24;3;13;1188.3;1.0;Guerra;SC;0.0;0.0;0.0;;100.0;3.74;2
1486;Ana Carolina Marques;2006-08-07;4;8;633.19;1.0;Fernandes;AL;1.0;1.0;0.0;;66.67;9.29;1
1487;Ana Júlia Cardoso;1998-12-14;4;1;3350.18;0.0;Pires do Galho;RJ;1.0;1.0;0.0;;50.0;;0
1488;Sra. Rafaela Teixeira;;5;15;1809.78;0.0;Novaes Verde;RO;;1.0;1.0;;66.67;0.83;3
1489;Valentina Casa Grande;2004-02-20;9;12;4476.56;1.0;Fonseca;AC;1.0;0.0;1.0;;0.0;6.62;3
1490;Marcela Ribeiro;1998-12-16;8;8;1677.74;0.0;!!!INVALID_DATA!!!;TO;0.0;1.0;1.0;;80.0;5.58;3
1491;!!!INVALID_DATA!!!;1996-02-09;1;10;721.41;1.0;Andrade da Prata;AM;0.0;0.0;1.0;XXXXXXXXXXXXXXXXXXXXXXXXXXXXXXXXXXXXXXXXXXXXXXXXXXXXXXXXXXXXXXXXXXXXXXXXXXXXXXXXXXXXXXXXXXXXXXXXXXXXXXXXXXXXXXXXXXXXXXXXXXXXXXXXXXXXXXXXXXXXXXXXXXXXXXXXXXXXXXXXXXXXXXXXXXXXXXXXXXXXXXXXXXXXXXXXXXXXXXXXXXXXXXXXXX;20.0;8.2;1
1492;Valentim Gomes;;2;10;4622.86;0.0;!!!INVALID_DATA!!!;SE;1.0;1.0;1.0;Quod cupiditate consequuntur adipisci fuga ratione quidem.;50.0;4.9;5
1493;Yasmin Casa Grande;2005-06-13;7;14;1176.96;0.0;Cunha de Goiás;ES;1.0;;0.0;A consectetur libero sed perferendis occaecati ipsa.;0.0;5.24;3
1494;Eduarda Cavalcante;1997-10-26;6;10;1465.39;0.0;Caldeira;SE;0.0;1.0;1.0;;100.0;4.35;1
1495;!!!INVALID_DATA!!!;1997-08-29;4;13;1635.71;1.0;da Cruz;PB;1.0;1.0;0.0;;50.0;1.77;1
1496;Anthony Gabriel Pastor;2001-08-04;5;5;3440.19;0.0;Sampaio de Sampaio;PE;0.0;0.0;1.0;;71.43;5.73;3
1497;Matteo Santos;1999-04-23;4;20;3792.06;0.0;Pires de Brito;MS;1.0;0.0;1.0;;;7.41;3
1498;Maya Brito;1996-08-06;10;4;1521.75;1.0;Sousa da Praia;RO;0.0;1.0;0.0;;100.0;6.18;2
1499;Dom Silveira;1994-07-16;7;9;3029.77;0.0;Rodrigues da Serra;RN;0.0;0.0;0.0;;25.0;3.86;1
1500;Vinícius Novais;1996-11-30;2;17;3214.46;0.0;Lima;GO;1.0;0.0;0.0;;0.0;3.16;3
1501;Ísis Silva;1995-09-05;5;9;1619.33;1.0;!!!INVALID_DATA!!!;PR;1.0;0.0;0.0;Aperiam unde possimus molestiae dolore.;50.0;5.06;2
1502;Nina Garcia;2004-05-14;3;18;2743.15;1.0;Almeida do Galho;!!;1.0;1.0;0.0;;0.0;8.87;1
1503;Vitor Caldeira;2001-02-14;6;12;2201.3;1.0;Pastor da Serra;RN;1.0;1.0;0.0;;0.0;3.54;1
1504;Guilherme Gomes;2007-03-23;1;16;2476.63;1.0;Pires das Pedras;DF;0.0;0.0;1.0;;50.0;8.47;1
1505;Mirella Cirino;2001-12-04;3;14;3314.26;0.0;da Conceição de Melo;XX;0.0;0.0;1.0;;66.67;;0
1506;!!!INVALID_DATA!!!;2002-10-22;3;1;4894.92;1.0;Cavalcante;PR;1.0;1.0;1.0;Asperiores voluptate consequuntur rem voluptatem fugiat.;33.33;6.42;3
1507;Srta. Mariana Abreu;1996-12-08;8;2;4704.36;1.0;Novaes;AL;0.0;0.0;1.0;;50.0;2.06;3
1508;Helena Moraes;2002-07-23;3;8;3347.54;1.0;Fonseca do Galho;ES;1.0;1.0;1.0;;0.0;1.32;2
1509;Renan Araújo;;4;6;3793.65;1.0;Pereira;PR;0.0;1.0;0.0;;60.0;7.41;2
1510;Maria Vitória Ramos;1995-12-23;8;13;2179.24;1.0;Cardoso da Praia;ES;0.0;0.0;1.0;;40.0;9.44;2
1511;Aylla da Mata;1995-05-28;1;14;3528.54;0.0;Brito;;1.0;0.0;1.0;;50.0;1.24;1
1512;Heloisa Santos;2006-07-05;6;13;3087.59;0.0;Porto;RR;1.0;1.0;1.0;;;0.64;1
1513;Matteo Pereira;2005-02-09;5;5;4096.9;1.0;Cardoso;SC;1.0;1.0;1.0;;33.33;3.23;2
1514;Luiz Felipe Alves;2002-06-06;3;6;2616.64;;Leão da Mata;!!;1.0;0.0;0.0;;50.0;0.52;2
1515;Augusto da Luz;2003-11-08;1;18;2025.71;1.0;Freitas do Oeste;RJ;0.0;1.0;;;;5.24;2
1516;Maria Helena Nascimento;2000-07-31;10;20;2780.78;0.0;Mendonça;MG;1.0;1.0;1.0;;25.0;5.87;2
1517;Hellena Peixoto;2002-03-20;8;11;500.57;1.0;Albuquerque Grande;RN;0.0;0.0;;;100.0;9.4;1
1518;Noah da Costa;1995-04-12;5;8;3566.04;1.0;da Rocha das Flores;GO;0.0;0.0;1.0;;50.0;3.63;2
1519;Luana Gomes;2004-11-06;6;1;2226.44;1.0;Rodrigues da Serra;RJ;1.0;0.0;0.0;;33.33;5.04;1
1520;Gabriela Pacheco;2001-08-03;10;16;;0.0;Brito;RR;1.0;1.0;1.0;;100.0;4.55;2
1521;Mariah Garcia;1999-06-03;8;13;1904.82;1.0;Siqueira;MG;;0.0;0.0;Temporibus architecto ea laborum et.;50.0;2.62;2
1522;Isaque Mendes;2000-12-18;6;11;2937.05;1.0;XXXXXXXXXXXXXXXXXXXXXXXXXXXXXXXXXXXXXXXXXXXXXXXXXXXXXXXXXXXX;RS;0.0;0.0;0.0;;100.0;1.47;2
1523;Yan Pastor;2001-09-16;7;8;3590.5;0.0;Lima;ES;0.0;0.0;1.0;;;;0
1524;Natália Viana;2001-01-12;3;17;4956.23;0.0;da Costa;SP;0.0;0.0;1.0;;80.0;5.87;3
1525;Caio Cirino;2001-10-01;4;5;884.71;0.0;Fernandes de Albuquerque;PA;0.0;0.0;1.0;;50.0;;0
1526;Hellena Nunes;1996-12-29;5;8;1497.48;1.0;Nunes;MG;0.0;1.0;1.0;;33.33;5.71;1
1527;Murilo Teixeira;2004-10-21;6;14;2457.5;1.0;Dias;PA;1.0;1.0;1.0;;28.57;1.75;1
1528;Antonella Borges;2005-12-07;3;20;1325.57;0.0;Martins;MG;0.0;1.0;0.0;;75.0;7.29;2
1529;Erick Campos;2000-11-30;4;5;758.68;0.0;Gomes do Norte;AM;0.0;0.0;0.0;;33.33;2.22;2
1530;André Cassiano;1995-02-20;9;17;1470.77;0.0;Marques de Minas;BA;0.0;0.0;1.0;;0.0;5.51;2
1531;Gael Henrique Machado;1999-10-17;7;14;2438.72;1.0;Costa do Amparo;PR;1.0;1.0;0.0;;40.0;1.63;2
1532;Sr. Kevin Sá;1995-07-28;1;11;4499.09;0.0;Leão;TO;1.0;1.0;1.0;Odit voluptates ea.;50.0;0.14;1
1533;Emanuel Azevedo;1995-10-19;1;4;2403.35;1.0;Souza da Serra;AC;1.0;1.0;0.0;;20.0;4.99;3
1534;Erick Rios;2001-04-17;2;14;3008.63;0.0;!!!INVALID_DATA!!!;MT;1.0;1.0;1.0;Corrupti quibusdam facere dolores repellendus iusto hic.;50.0;8.46;2
1535;Dra. Ana Sophia Jesus;1997-07-11;2;18;1673.99;1.0;Novaes;RO;;1.0;1.0;;100.0;3.7;1
1536;Sra. Ana Cecília da Cunha;;8;14;0.0;0.0;Albuquerque de Goiás;DF;1.0;0.0;0.0;;40.0;;0
1537;Luara Sá;2002-02-28;2;13;0.0;1.0;Mendonça da Serra;AC;1.0;1.0;1.0;;33.33;9.92;1
1538;Vinícius da Mota;2004-03-09;1;10;2666.33;0.0;Brito da Mata;;1.0;0.0;0.0;;50.0;;0
1539;Maria Eduarda Leão;1996-02-15;9;13;1955.86;0.0;Pereira Alegre;BA;0.0;0.0;1.0;;100.0;8.46;4
1540;Isabel Castro;1996-11-03;4;16;1219.03;1.0;Brito Grande;;;0.0;0.0;;33.33;6.51;3
1541;Sr. Renan Cavalcante;1999-11-24;9;11;4260.24;1.0;Ribeiro;SC;1.0;1.0;0.0;;;;0
1542;Bianca Porto;2001-01-21;4;3;1779.46;1.0;Marques;;0.0;0.0;1.0;;100.0;6.86;1
1543;Manuela Dias;2001-03-19;8;3;2716.68;1.0;da Mota das Flores;SE;0.0;0.0;1.0;;50.0;7.59;3
1544;Ana Peixoto;2004-03-28;5;3;1246.5;1.0;Câmara do Oeste;PA;1.0;0.0;0.0;;75.0;4.41;4
1545;Léo Ramos;1995-09-22;6;18;3033.87;1.0;XXXXXXXXXXXXXXXXXXXXXXXXXXXXXXXXXXXXXXXXXXXXXXXXXXXXXXXXXXXX;PR;0.0;1.0;;;100.0;8.91;2
1546;Dr. Valentim Lopes;2002-08-26;6;10;4712.19;1.0;Dias Alegre;!!;;1.0;0.0;;100.0;9.92;1
1547;Ester da Rosa;2000-11-06;3;20;1116.05;1.0;Câmara Paulista;AL;1.0;0.0;0.0;Earum rem doloribus.;33.33;5.79;4
1548;Luna Aragão;2005-04-15;1;17;4061.71;1.0;Oliveira;AP;0.0;0.0;0.0;Incidunt error beatae excepturi deserunt quod cum.;100.0;1.66;1
1549;Dra. Jade Pinto;2002-03-11;10;20;4312.55;0.0;Ramos Paulista;RR;1.0;1.0;0.0;;75.0;6.21;4
1550;Ana Vitória Cavalcanti;2001-02-07;3;6;2118.93;0.0;Sales;AC;0.0;1.0;0.0;;50.0;4.24;2
1551;Maria Cecília Carvalho;2000-05-09;4;12;4652.47;0.0;Monteiro;RR;0.0;0.0;0.0;;;8.03;1
1552;André Farias;2001-11-28;8;19;4899.62;0.0;Mendes do Galho;RN;1.0;0.0;0.0;Adipisci pariatur id beatae consequuntur sint dolore mollitia.;50.0;;0
1553;XXXXXXXXXXXXXXXXXXXXXXXXXXXXXXXXXXXXXXXXXXXXXXXXXXXXXXXXXXXXXXXXXXXXXXXXXXXXXXXXXXXXXXXXXXXXXXXXXXXXXXXXXXXXXX;2001-11-04;8;8;1651.1;0.0;Pastor das Pedras;RR;0.0;0.0;1.0;;50.0;7.84;1
1554;Ágatha Albuquerque;1998-04-02;5;17;3576.41;0.0;Lima da Mata;RJ;1.0;0.0;0.0;Fuga itaque quod suscipit iure aliquam.;50.0;9.3;1
1555;Sra. Maria Laura Fonseca;1999-09-24;6;20;;1.0;Sales;GO;;1.0;0.0;;;;0
1556;Caroline Correia;2005-07-10;4;12;2596.28;0.0;Lopes de Minas;MA;1.0;1.0;0.0;;0.0;2.46;1
1557;Raquel Rodrigues;2002-10-18;6;10;696.17;0.0;Albuquerque;;1.0;0.0;1.0;;0.0;0.22;1
1558;José Cunha;2000-03-01;5;2;2375.45;1.0;!!!INVALID_DATA!!!;RN;0.0;0.0;;;20.0;2.98;3
1559;Vitor Hugo Martins;1998-02-17;2;5;3508.44;0.0;!!!INVALID_DATA!!!;RN;1.0;;1.0;;50.0;9.78;1
1560;Anna Liz Caldeira;2005-11-10;7;20;4768.97;1.0;Albuquerque;SE;0.0;1.0;1.0;;33.33;6.19;2
1561;Hellena Pimenta;2005-12-27;2;9;1427.15;1.0;Oliveira do Norte;MT;1.0;1.0;0.0;;0.0;2.31;2
1562;Benício Araújo;2003-04-15;1;14;4471.56;1.0;Moura;ES;1.0;1.0;0.0;;0.0;;0
1563;Sophie Pires;1996-08-13;8;18;2583.89;0.0;Cirino de Goiás;;0.0;0.0;1.0;Maiores blanditiis consequuntur impedit excepturi accusantium natus.;71.43;6.73;3
1564;Luiz Gustavo Siqueira;;4;13;0.0;;!!!INVALID_DATA!!!;PB;1.0;1.0;0.0;;50.0;6.55;1
1565;Caleb Alves;1998-02-27;5;14;2167.68;0.0;!!!INVALID_DATA!!!;AL;1.0;;1.0;;33.33;8.48;1
1566;Luigi Lopes;1996-08-31;9;12;2473.1;0.0;Castro;AP;1.0;0.0;1.0;;;8.77;1
1567;Fernanda Lima;2000-08-08;4;17;4661.48;0.0;Pereira da Praia;AM;1.0;1.0;0.0;Quisquam veniam deserunt a voluptatum sequi excepturi.;33.33;5.19;2
1568;Dr. Henrique Casa Grande;2000-08-12;1;7;3222.27;1.0;Correia;AC;0.0;0.0;1.0;Magnam aperiam temporibus quibusdam.;33.33;7.99;1
1569;Olívia Montenegro;1996-07-08;2;17;887.04;1.0;Sousa de Fonseca;MS;0.0;1.0;1.0;;33.33;1.98;1
1570;!!!INVALID_DATA!!!;2000-10-18;4;19;1041.09;0.0;Costa das Pedras;GO;1.0;1.0;1.0;;20.0;;0
1571;Hadassa Gonçalves;2003-12-16;4;9;516.93;0.0;Melo;GO;0.0;1.0;1.0;;60.0;1.83;1
1572;;1997-07-11;4;8;2979.14;0.0;Aragão;SC;1.0;;0.0;;33.33;;0
1573;Sabrina Fonseca;1997-02-03;9;5;1106.71;0.0;Nogueira do Amparo;AL;1.0;1.0;1.0;Veniam dicta est commodi alias voluptatibus accusantium dolor.;0.0;;0
1574;Benício da Costa;1999-04-30;1;1;3419.14;1.0;Ribeiro do Sul;ES;0.0;0.0;1.0;Ad voluptas aliquam non nesciunt ab.;100.0;5.1;3
1575;Maria Alice Montenegro;2000-11-04;1;20;4546.85;;Cassiano do Oeste;PA;0.0;0.0;1.0;;75.0;;0
1576;Cecilia das Neves;1999-03-08;6;12;1994.01;1.0;Sales;MG;0.0;0.0;1.0;;33.33;;0
1577;Enrico Brito;1995-06-14;1;20;3757.14;1.0;Nunes de Goiás;SC;0.0;0.0;0.0;;75.0;;0
1578;Mariane Araújo;2003-02-20;4;17;3247.52;1.0;Abreu de da Rocha;SC;0.0;1.0;1.0;;50.0;;0
1579;Isadora da Paz;1997-04-11;7;2;2998.52;0.0;Montenegro;GO;1.0;0.0;0.0;;20.0;1.07;1
1580;Stella Novais;1995-02-24;9;15;814.15;0.0;Lima da Prata;RN;0.0;0.0;0.0;;50.0;6.24;2
1581;Laura Araújo;2003-03-28;6;11;3386.08;1.0;Aragão da Serra;MT;0.0;1.0;0.0;;33.33;2.83;4
1582;Srta. Catarina Santos;2000-10-20;2;16;2958.38;0.0;Cunha Paulista;SP;0.0;0.0;1.0;At nobis temporibus accusamus.;0.0;5.68;1
1583;Mateus Leão;2005-02-01;8;13;2458.62;0.0;da Mota;XX;0.0;0.0;0.0;Laudantium blanditiis dolorem magnam consequuntur.;100.0;8.14;2
1584;;2005-07-25;6;10;1657.52;0.0;Mendes da Prata;AC;0.0;1.0;0.0;;0.0;4.15;2
1585;Bruno Cassiano;2006-10-18;1;3;1734.81;0.0;XXXXXXXXXXXXXXXXXXXXXXXXXXXXXXXXXXXXXXXXXXXXXXXXXXXXXXXXXXXX;MS;;0.0;0.0;;50.0;6.9;4
1586;Asafe Santos;2005-05-12;3;16;4761.14;1.0;Pimenta;DF;1.0;0.0;1.0;;;3.37;2
1587;Luiz Henrique Pacheco;2004-07-17;10;19;1066.12;0.0;Monteiro;PA;1.0;0.0;1.0;Perferendis vero incidunt voluptatem corporis quas voluptates soluta.;100.0;2.21;1
1588;Pedro Miguel da Paz;2003-02-15;3;4;3801.29;1.0;Araújo;AL;1.0;1.0;0.0;;80.0;0.95;1
1589;Dra. Isabel Moreira;2001-08-29;10;13;4430.05;0.0;Alves;MT;0.0;1.0;1.0;;33.33;4.0;3
1590;Antônio Castro;1997-12-19;7;5;2905.57;0.0;Cunha;PB;1.0;1.0;1.0;;0.0;8.79;1
1591;André da Costa;2004-02-14;4;17;2972.84;0.0;Cavalcante de Santos;AL;1.0;0.0;0.0;;100.0;0.28;1
1592;Dante Freitas;2005-12-28;3;18;2702.56;1.0;;RJ;1.0;0.0;0.0;Commodi laudantium error necessitatibus eum deserunt.;50.0;2.88;1
1593;Srta. Maria Julia Almeida;1996-11-03;4;12;1677.4;0.0;da Cunha;AL;0.0;1.0;0.0;;57.14;2.13;1
1594;Luan Barbosa;1999-04-14;2;11;2214.8;0.0;Mendes;AC;1.0;1.0;0.0;Itaque harum porro veritatis perferendis.;100.0;2.49;2
1595;Ana Sophia Viana;1998-11-05;10;1;1410.99;0.0;Peixoto;GO;0.0;0.0;1.0;;80.0;2.8;2
1596;Apollo Lima;2004-12-17;6;3;3087.27;0.0;Martins do Norte;AP;0.0;;0.0;Non nostrum labore et distinctio magni totam aperiam.;100.0;4.53;2
1597;Kevin Duarte;2005-10-01;2;5;;0.0;Martins do Oeste;ES;0.0;1.0;0.0;;0.0;;0
1598;Dr. João Pedro Pacheco;2005-06-25;10;16;0.0;1.0;Lima;AC;0.0;1.0;0.0;;80.0;4.49;3
1599;Dr. Kevin Fonseca;1997-03-17;5;1;1350.61;0.0;da Luz;RO;0.0;0.0;;;16.67;5.63;2
1600;Sra. Bianca Pires;1999-10-29;5;11;3107.87;1.0;!!!INVALID_DATA!!!;!!;0.0;0.0;1.0;;75.0;4.01;1
1601;Sra. Mariana da Mata;2003-03-23;5;16;1919.96;0.0;Correia da Mata;AP;1.0;1.0;0.0;Voluptatum ratione temporibus repellendus reprehenderit in.;50.0;0.86;1
1602;Maria Julia Abreu;2000-01-28;10;4;4990.42;0.0;Albuquerque;MT;1.0;1.0;0.0;;42.86;6.45;3
1603;Lavínia Cavalcanti;2007-01-31;8;5;1572.65;1.0;Cassiano;SE;1.0;0.0;0.0;;50.0;6.59;2
1604;XXXXXXXXXXXXXXXXXXXXXXXXXXXXXXXXXXXXXXXXXXXXXXXXXXXXXXXXXXXXXXXXXXXXXXXXXXXXXXXXXXXXXXXXXXXXXXXXXXXXXXXXXXXXXX;2004-03-10;5;3;1828.21;0.0;da Rosa;PA;0.0;1.0;1.0;;0.0;4.58;2
1605;Raul Pires;;8;16;2747.45;0.0;Brito de Castro;PI;0.0;1.0;0.0;!!!INVALID_DATA!!!;33.33;5.81;3
1606;Giovanna Lima;2007-01-09;7;15;;1.0;Pereira;TO;1.0;1.0;0.0;;33.33;;0
1607;Sabrina Sales;1994-05-19;7;18;2623.87;1.0;Silva;RS;0.0;0.0;0.0;;100.0;;0
1608;Olívia Almeida;1998-08-19;7;6;2811.59;0.0;XXXXXXXXXXXXXXXXXXXXXXXXXXXXXXXXXXXXXXXXXXXXXXXXXXXXXXXXXXXX;AM;0.0;0.0;1.0;;75.0;6.63;2
1609;Dr. Davi Lucca da Cruz;2004-03-22;1;3;2910.12;0.0;!!!INVALID_DATA!!!;PA;1.0;0.0;0.0;;33.33;4.84;3
1610;Sr. Enrico da Cunha;1996-09-01;2;3;4867.08;1.0;Borges do Sul;PE;1.0;0.0;1.0;Voluptatibus unde quae quae.;25.0;3.47;3
1611;Dr. Luiz Otávio Teixeira;2003-08-17;9;2;1561.71;0.0;Carvalho de Vargas;PA;0.0;1.0;1.0;;33.33;0.85;1
1612;Mariah da Cunha;1996-05-15;8;4;4338.51;1.0;XXXXXXXXXXXXXXXXXXXXXXXXXXXXXXXXXXXXXXXXXXXXXXXXXXXXXXXXXXXX;AL;1.0;0.0;0.0;Molestiae aspernatur aperiam totam laboriosam.;33.33;3.99;4
1613;XXXXXXXXXXXXXXXXXXXXXXXXXXXXXXXXXXXXXXXXXXXXXXXXXXXXXXXXXXXXXXXXXXXXXXXXXXXXXXXXXXXXXXXXXXXXXXXXXXXXXXXXXXXXXX;1995-06-08;10;17;4037.2;1.0;Martins;RJ;0.0;0.0;0.0;Reprehenderit earum rerum similique necessitatibus eum nobis.;;;0
1614;Caio Lopes;1995-09-08;4;1;3514.03;0.0;Moraes;RO;0.0;1.0;0.0;;66.67;3.48;3
1615;Ana Cecília Correia;2006-01-10;10;10;4418.03;0.0;Peixoto da Praia;AL;1.0;0.0;0.0;;75.0;4.89;2
1616;Bella Viana;2005-05-26;6;16;1969.34;1.0;Silveira;PE;0.0;0.0;0.0;;0.0;4.62;2
1617;Zoe Casa Grande;2006-03-06;3;8;2144.0;1.0;Sousa;RR;0.0;1.0;0.0;;50.0;2.42;2
1618;Nicole Pinto;2003-12-27;2;18;0.0;0.0;Lopes;RN;1.0;1.0;1.0;Repudiandae odio illum nostrum dolores aliquam nostrum iste.;100.0;5.13;3
1619;Liam Sales;2000-07-23;5;20;638.56;1.0;Macedo;AC;0.0;1.0;1.0;;40.0;4.94;1
1620;Dr. Luiz Miguel Rios;;3;5;3662.33;;XXXXXXXXXXXXXXXXXXXXXXXXXXXXXXXXXXXXXXXXXXXXXXXXXXXXXXXXXXXX;MT;1.0;0.0;0.0;Commodi cum pariatur commodi alias perferendis.;25.0;6.18;3
1621;Diego Moraes;2001-01-29;1;11;2893.82;1.0;Cavalcanti da Serra;PR;1.0;1.0;0.0;;100.0;5.37;3
1622;Luísa Novais;1998-12-07;4;14;2960.87;0.0;da Costa;CE;0.0;1.0;1.0;;50.0;7.74;3
1623;Benício Martins;1999-11-08;10;10;2972.92;1.0;Ribeiro Verde;PE;0.0;1.0;0.0;Animi velit ratione accusantium.;25.0;;0
1624;Apollo Ramos;2001-10-21;8;15;0.0;0.0;Rezende;RJ;0.0;0.0;0.0;Quam atque ullam et eveniet ratione quos.;25.0;8.45;1
1625;João Vitor Pereira;2004-02-28;10;19;2327.58;1.0;Mendonça;XX;;1.0;0.0;;75.0;8.93;4
1626;Heloísa Brito;2003-01-09;10;17;3011.96;1.0;Araújo de Rezende;RS;1.0;1.0;1.0;;100.0;6.02;2
1627;Sra. Maria Luiza Silveira;2004-07-08;5;9;4977.01;0.0;Almeida;MT;0.0;1.0;1.0;;50.0;3.8;1
1628;Ian Gonçalves;2004-10-31;8;2;3285.26;0.0;Peixoto do Amparo;CE;1.0;0.0;1.0;;50.0;5.95;2
1629;Maysa Pimenta;1998-11-16;2;9;1129.17;0.0;Viana do Oeste;PB;1.0;1.0;0.0;;0.0;4.33;2
1630;Luigi Sousa;2000-08-07;10;10;710.93;1.0;Nascimento;PR;;0.0;1.0;Dolor cum laborum aliquam assumenda autem ipsa.;66.67;;0
1631;Fernanda Mendonça;2003-06-29;5;12;3440.7;0.0;das Neves;PE;1.0;0.0;0.0;;50.0;5.47;2
1632;Felipe Leão;;1;3;2007.47;0.0;Cunha;PR;1.0;0.0;1.0;;50.0;2.01;1
1633;Bryan da Rosa;1998-12-30;4;17;508.6;0.0;Oliveira das Flores;RR;0.0;0.0;1.0;;0.0;4.76;2
1634;Isis da Cunha;2003-04-17;7;19;2219.13;1.0;Rezende;PE;1.0;0.0;0.0;;50.0;4.38;2
1635;!!!INVALID_DATA!!!;1996-03-01;6;19;1985.69;0.0;Farias;MS;1.0;0.0;1.0;Natus quae cumque exercitationem.;0.0;7.84;1
1636;Yasmin Campos;1997-01-03;10;18;1198.96;1.0;Albuquerque da Serra;MA;0.0;1.0;0.0;;75.0;9.77;1
1637;Asafe Cavalcante;2001-11-07;8;4;4800.92;0.0;Rodrigues;BA;0.0;1.0;1.0;;25.0;3.34;2
1638;Ravy da Costa;2001-12-18;6;14;2197.49;0.0;da Luz;AC;0.0;1.0;0.0;;0.0;4.67;1
1639;Maria Julia da Luz;1995-06-13;6;5;3659.99;;Melo do Galho;BA;0.0;1.0;0.0;;50.0;;0
1640;Lara Correia;1996-10-27;1;1;1915.55;0.0;XXXXXXXXXXXXXXXXXXXXXXXXXXXXXXXXXXXXXXXXXXXXXXXXXXXXXXXXXXXX;RN;0.0;1.0;1.0;;66.67;3.06;2
1641;XXXXXXXXXXXXXXXXXXXXXXXXXXXXXXXXXXXXXXXXXXXXXXXXXXXXXXXXXXXXXXXXXXXXXXXXXXXXXXXXXXXXXXXXXXXXXXXXXXXXXXXXXXXXXX;1995-12-16;1;17;4857.71;1.0;Marques do Oeste;ES;1.0;0.0;0.0;;40.0;6.5;3
1642;Emanuella Peixoto;1999-08-22;7;18;3455.8;1.0;Leão do Amparo;RS;;0.0;1.0;;33.33;;0
1643;Marcela Jesus;2000-06-03;3;17;2044.71;0.0;Vargas da Serra;ES;1.0;0.0;0.0;Maxime ipsum quasi est eaque voluptates.;50.0;;0
1644;Isaac Cassiano;1997-02-18;6;9;669.14;1.0;da Cruz da Prata;PR;1.0;1.0;0.0;;100.0;;0
1645;Lorenzo Barros;1996-05-31;1;19;841.82;0.0;Pastor de Aragão;;1.0;0.0;0.0;Amet tenetur ullam ullam vel.;100.0;1.01;2
1646;Antonella Cavalcante;1996-05-27;5;1;4613.59;1.0;da Luz do Campo;DF;0.0;1.0;1.0;Tempora enim error soluta culpa dolores.;100.0;1.33;1
1647;Eduardo Oliveira;1997-11-30;10;9;4803.95;1.0;;MT;1.0;0.0;1.0;;0.0;6.36;1
1648;Liam Borges;2005-04-23;7;18;637.79;1.0;Novais;RS;1.0;0.0;0.0;;40.0;;0
1649;!!!INVALID_DATA!!!;2003-10-20;2;16;3511.77;0.0;!!!INVALID_DATA!!!;!!;1.0;0.0;1.0;;75.0;4.47;2
1650;;2003-04-16;10;7;3956.34;0.0;Monteiro do Amparo;PA;0.0;1.0;1.0;;33.33;8.64;1
1651;Sr. Benício Correia;1999-07-06;1;19;2962.99;1.0;Nunes;SC;1.0;;0.0;;0.0;3.72;3
1652;Luiz Miguel Sá;1995-04-25;9;17;1566.62;1.0;Pastor;AM;0.0;1.0;0.0;;50.0;;0
1653;!!!INVALID_DATA!!!;1994-11-02;9;8;2616.15;0.0;Montenegro Verde;RS;1.0;1.0;0.0;;50.0;7.38;2
1654;Luísa Martins;1995-04-19;6;5;1345.19;0.0;!!!INVALID_DATA!!!;PB;1.0;0.0;0.0;;50.0;4.26;2
1655;Dr. Rael Câmara;1997-04-06;4;13;1452.26;1.0;Sales de Guerra;MS;1.0;0.0;0.0;;28.57;2.31;1
1656;Yago Cavalcanti;2002-07-24;5;17;2630.95;1.0;Novaes;AP;1.0;0.0;0.0;;33.33;9.13;1
1657;Esther Pastor;1995-06-01;6;16;3383.02;0.0;Alves de Goiás;DF;0.0;0.0;1.0;;75.0;6.93;3
1658;Augusto Nogueira;2001-02-19;4;4;4300.42;0.0;Dias do Oeste;MA;1.0;0.0;1.0;;25.0;6.55;2
1659;Ana Carolina Pereira;1998-10-19;5;7;4324.34;0.0;Lopes;MT;0.0;0.0;1.0;Inventore similique et tempora quisquam ut.;60.0;5.99;3
1660;Helena da Costa;1998-03-10;2;1;3023.9;1.0;Câmara de Gonçalves;RO;0.0;0.0;0.0;;100.0;;0
1661;Maria Vitória Costa;2003-05-24;6;4;4872.62;1.0;!!!INVALID_DATA!!!;DF;0.0;1.0;1.0;;66.67;7.52;1
1662;Zoe Costa;1998-08-17;2;16;2434.59;1.0;!!!INVALID_DATA!!!;RS;1.0;1.0;1.0;;80.0;0.79;1
1663;Mariana Leão;2002-03-16;4;6;2450.27;0.0;Abreu do Galho;AM;0.0;1.0;0.0;;0.0;5.21;1
1664;Maria Eduarda Moreira;1999-09-18;8;16;2852.8;1.0;Rezende;MG;1.0;0.0;0.0;;60.0;8.3;1
1665;Dr. Benjamin Camargo;2000-01-28;10;8;2480.92;0.0;Vasconcelos das Flores;RJ;0.0;0.0;1.0;;0.0;3.17;2
1666;Benjamin Caldeira;2006-12-31;9;6;4482.28;1.0;Carvalho das Flores;GO;0.0;1.0;0.0;;100.0;6.69;2
1667;Maria Laura Guerra;1997-02-06;3;10;3564.87;1.0;da Rosa;PE;0.0;1.0;0.0;;0.0;8.28;1
1668;Emilly Peixoto;1999-09-30;9;14;2100.63;1.0;Borges;SC;;0.0;;;100.0;5.26;6
1669;Emanuel da Costa;2002-06-24;6;19;4441.44;0.0;;PA;1.0;1.0;1.0;;40.0;8.88;1
1670;Valentina Correia;2007-03-30;6;6;1850.34;0.0;Moura;!!;1.0;1.0;1.0;;100.0;4.72;1
1671;Bárbara Ferreira;2002-08-10;2;19;3553.68;1.0;Carvalho dos Dourados;AP;1.0;0.0;1.0;;50.0;9.1;2
1672;Dra. Maria Eduarda Abreu;2004-06-03;1;3;889.4;1.0;Oliveira das Flores;AC;;0.0;0.0;;50.0;0.41;2
1673;Renan Casa Grande;1998-04-03;2;18;3195.54;1.0;Silveira de Vasconcelos;CE;0.0;0.0;1.0;Occaecati quos eaque a veritatis.;60.0;6.19;2
1674;Antonella Mendonça;2006-12-29;4;1;2100.88;1.0;!!!INVALID_DATA!!!;PB;0.0;1.0;1.0;;50.0;;0
1675;!!!INVALID_DATA!!!;1998-11-22;5;13;3406.28;1.0;Mendonça de Sousa;MG;1.0;1.0;1.0;;;;0
1676;Léo da Conceição;;5;4;2315.53;1.0;Borges de Goiás;RR;1.0;0.0;1.0;;;4.87;2
1677;Srta. Yasmin Correia;2004-04-04;6;6;4470.15;0.0;Cavalcante;AP;1.0;0.0;1.0;Magnam totam placeat magnam.;50.0;4.09;6
1678;Lara Gonçalves;1994-08-03;10;4;2799.57;1.0;Barbosa de da Cunha;PA;1.0;0.0;1.0;;100.0;;0
1679;Ana Sophia Aparecida;;9;3;2470.97;0.0;Ferreira;!!;0.0;0.0;0.0;;60.0;;0
1680;;2006-08-18;7;2;3583.34;1.0;Mendonça;XX;1.0;0.0;1.0;Suscipit veniam ullam totam.;42.86;8.01;1
1681;Srta. Marina da Rocha;2006-08-25;6;17;728.88;1.0;Cavalcante;MT;1.0;1.0;0.0;;0.0;2.97;1
1682;Benjamim Barbosa;2003-05-04;6;9;1232.83;1.0;Barros do Galho;RJ;;1.0;0.0;;50.0;9.03;1
1683;!!!INVALID_DATA!!!;2001-11-02;8;16;1558.04;1.0;Abreu do Galho;PB;0.0;1.0;1.0;;66.67;2.97;1
1684;Dr. Apollo Câmara;2000-05-13;10;6;3609.66;1.0;Martins de da Rocha;SP;0.0;0.0;1.0;;100.0;2.93;2
1685;Aurora Moraes;2002-08-15;4;2;3505.17;1.0;Azevedo de Cunha;!!;1.0;1.0;0.0;;66.67;5.6;1
1686;Antônio Pimenta;2001-05-19;1;15;3673.52;1.0;Fogaça;DF;1.0;1.0;0.0;;60.0;1.99;2
1687;Felipe Porto;1996-01-22;10;5;3112.65;1.0;Vasconcelos da Serra;TO;0.0;1.0;0.0;;25.0;;0
1688;Dra. Melina Silveira;1999-03-13;7;15;1973.36;0.0;Novaes Grande;SC;0.0;0.0;0.0;;66.67;5.59;2
1689;Maria Liz Ramos;1996-10-19;10;13;3098.91;0.0;Guerra da Prata;PE;1.0;1.0;0.0;;100.0;9.22;1
1690;!!!INVALID_DATA!!!;1996-12-09;9;13;3675.79;1.0;Rezende;MA;1.0;1.0;1.0;;33.33;4.26;3
1691;Dr. Vitor Hugo Duarte;2004-04-11;8;17;3411.92;0.0;Costela;SE;1.0;1.0;0.0;;33.33;;0
1692;Daniela Fogaça;1995-02-28;4;17;0.0;0.0;da Luz;RR;1.0;1.0;0.0;;50.0;2.92;2
1693;Fernando Caldeira;;10;3;2341.41;0.0;Marques;!!;1.0;1.0;1.0;;57.14;2.44;2
1694;Alana Vargas;2002-02-03;4;8;862.14;1.0;Castro;TO;1.0;1.0;0.0;;;5.53;4
1695;Maria Luiza Sousa;1998-05-30;10;14;2050.35;0.0;XXXXXXXXXXXXXXXXXXXXXXXXXXXXXXXXXXXXXXXXXXXXXXXXXXXXXXXXXXXX;ES;0.0;0.0;1.0;Error voluptatem at fugiat quam ipsa.;66.67;5.4;2
1696;Lorena Ribeiro;1994-12-03;8;14;1252.81;1.0;XXXXXXXXXXXXXXXXXXXXXXXXXXXXXXXXXXXXXXXXXXXXXXXXXXXXXXXXXXXX;AP;1.0;1.0;0.0;;33.33;6.78;2
1697;Raul da Conceição;1997-06-28;5;3;2648.53;0.0;Nunes;AP;0.0;1.0;0.0;Sequi delectus suscipit reiciendis.;50.0;4.4;2
1698;Maria Júlia Sousa;2002-06-06;7;3;3927.93;1.0;Santos;AL;1.0;0.0;1.0;;60.0;3.7;3
1699;Davi Lucca Sousa;2002-09-09;10;17;3581.68;1.0;Oliveira de Moura;SP;1.0;;0.0;;20.0;9.05;2
1700;Vicente Marques;1994-08-04;2;17;1704.44;1.0;Costa de Goiás;CE;0.0;1.0;1.0;;50.0;;0
1701;Dra. Mariane Siqueira;1999-05-02;7;14;1081.6;1.0;Martins do Amparo;SC;1.0;1.0;1.0;Delectus saepe voluptate eveniet.;;;0
1702;;2003-12-05;9;5;4365.37;1.0;Cirino;PE;0.0;0.0;0.0;;33.33;5.02;3
1703;Luara Cunha;2001-02-25;2;10;4155.98;0.0;Lima;RO;0.0;1.0;1.0;;100.0;0.52;2
1704;Eduardo Camargo;1999-04-06;6;7;1295.47;1.0;Correia;RS;0.0;1.0;0.0;;25.0;4.97;3
1705;Rafael Macedo;2006-01-10;8;19;781.56;1.0;Gomes;AM;1.0;1.0;1.0;Vero eaque esse natus.;50.0;9.78;1
1706;Anthony Gabriel Fogaça;1995-05-20;4;15;2926.86;0.0;Rezende do Amparo;PI;0.0;0.0;1.0;;25.0;1.81;1
1707;Bento Pinto;1997-12-25;3;3;1085.49;1.0;Cirino de Almeida;MG;1.0;0.0;1.0;Hic voluptate explicabo cupiditate ipsum amet cupiditate.;50.0;6.33;2
1708;Sarah Montenegro;2003-04-19;7;6;4860.56;0.0;da Mota Grande;GO;0.0;1.0;1.0;;100.0;6.18;2
1709;!!!INVALID_DATA!!!;1996-01-24;8;12;1063.44;0.0;Araújo;AC;0.0;1.0;1.0;;33.33;3.98;2
1710;Sra. Luana Cirino;1997-01-30;2;5;2498.97;0.0;Moreira da Prata;GO;1.0;1.0;0.0;!!!INVALID_DATA!!!;60.0;;0
1711;Maya Lopes;2004-01-16;4;6;2513.32;1.0;Gomes da Prata;RS;1.0;1.0;0.0;;100.0;;0
1712;Oliver Pacheco;2002-01-09;4;2;1408.7;1.0;Cassiano;DF;0.0;0.0;0.0;;40.0;;0
1713;Luiza Camargo;1999-05-21;1;12;1686.21;1.0;Costa Paulista;SE;0.0;0.0;0.0;;50.0;;0
1714;;2004-07-31;4;12;1319.83;0.0;Pastor do Oeste;AM;0.0;1.0;0.0;;25.0;8.08;1
1715;Dr. Asafe Vargas;2005-04-17;9;2;2056.03;1.0;da Rocha das Flores;RN;1.0;1.0;1.0;;100.0;9.6;1
1716;Marina Martins;2006-07-01;2;19;3328.37;1.0;Nogueira de Cirino;MS;1.0;0.0;1.0;;37.5;;0
1717;!!!INVALID_DATA!!!;1996-09-22;8;7;0.0;1.0;Sá Grande;PA;0.0;0.0;1.0;Pariatur labore rerum eligendi exercitationem.;66.67;;0
1718;Srta. Camila Vargas;1995-11-22;3;13;4406.14;1.0;Pimenta Paulista;SC;0.0;0.0;0.0;;100.0;1.22;3
1719;Davi Luiz Guerra;2006-01-10;4;19;4749.86;0.0;Vieira;SE;0.0;1.0;0.0;;0.0;5.51;3
1720;Cauê Freitas;;1;10;;;da Cunha de Goiás;SE;1.0;0.0;1.0;;100.0;9.44;2
1721;Lucas Gabriel Albuquerque;;10;17;3629.44;1.0;;SC;1.0;0.0;1.0;;40.0;;0
1722;Antonella da Paz;2004-05-23;2;12;3745.96;0.0;da Cruz Alegre;TO;1.0;1.0;0.0;;100.0;;0
1723;Murilo Cavalcante;2001-06-23;3;7;4916.35;0.0;Monteiro;MA;1.0;1.0;1.0;;66.67;6.33;2
1724;Theo Sá;2001-09-13;7;1;858.79;0.0;Pereira do Amparo;MT;0.0;0.0;0.0;;100.0;;0
1725;XXXXXXXXXXXXXXXXXXXXXXXXXXXXXXXXXXXXXXXXXXXXXXXXXXXXXXXXXXXXXXXXXXXXXXXXXXXXXXXXXXXXXXXXXXXXXXXXXXXXXXXXXXXXXX;;3;9;825.21;1.0;Fernandes de Goiás;BA;1.0;0.0;1.0;Quisquam in aliquam impedit et autem nam.;100.0;;0
1726;Srta. Hadassa Garcia;2004-06-03;2;12;4808.42;0.0;Silveira de Barros;PR;1.0;1.0;0.0;;50.0;1.54;1
1727;Joana Alves;2007-03-31;4;14;0.0;0.0;Novaes Verde;PE;0.0;0.0;0.0;;40.0;5.58;2
1728;Luna Guerra;1998-12-29;3;13;3711.9;1.0;XXXXXXXXXXXXXXXXXXXXXXXXXXXXXXXXXXXXXXXXXXXXXXXXXXXXXXXXXXXX;TO;0.0;1.0;1.0;;66.67;6.16;1
1729;Eduarda da Conceição;2001-02-06;3;3;1792.25;0.0;Silveira Alegre;MS;0.0;0.0;0.0;;66.67;1.54;2
1730;Pedro Henrique Cardoso;2004-02-04;6;13;1092.81;0.0;Teixeira;MS;0.0;1.0;0.0;;50.0;6.56;2
1731;João Miguel Viana;2001-09-14;10;16;1754.93;0.0;Melo;MS;1.0;1.0;1.0;;60.0;6.71;3
1732;Dra. Fernanda Siqueira;1996-08-31;2;4;4504.76;1.0;Viana do Oeste;MG;0.0;0.0;1.0;;50.0;0.8;2
1733;Maria Sophia Ferreira;;10;12;3616.07;1.0;Moura;PA;0.0;1.0;1.0;;25.0;2.2;1
1734;!!!INVALID_DATA!!!;2006-12-22;8;20;1240.38;1.0;Novais da Mata;XX;1.0;0.0;1.0;;75.0;;0
1735;Lorena Guerra;2005-06-21;8;15;3517.91;0.0;Lopes da Serra;;0.0;0.0;0.0;;;3.34;1
1736;Enzo Gabriel Mendonça;2005-07-07;6;12;3309.77;1.0;Vieira;!!;0.0;0.0;0.0;;50.0;3.74;1
1737;Sr. Anthony da Cunha;1999-11-02;5;19;;1.0;Macedo;PA;0.0;1.0;1.0;;33.33;;0
1738;Marcelo Souza;1996-08-17;9;1;1281.12;1.0;Sousa;CE;0.0;;;;0.0;6.56;1
1739;Arthur Ramos;2000-08-18;9;11;3847.25;0.0;Novaes;MG;0.0;0.0;1.0;;0.0;5.78;2
1740;Carlos Eduardo da Mata;2001-06-04;4;9;1677.03;1.0;da Cruz;PI;0.0;0.0;1.0;Sint dolore aperiam qui pariatur sit.;0.0;4.52;2
1741;Daniel Moraes;2003-07-30;10;11;2193.25;;Guerra;MG;1.0;0.0;0.0;Alias reprehenderit totam eos.;0.0;;0
1742;Dr. Gabriel Pires;2005-03-31;5;14;2653.97;0.0;Cirino;!!;1.0;0.0;0.0;;50.0;;0
1743;;2003-09-06;10;5;639.93;0.0;da Mota dos Dourados;MS;1.0;1.0;0.0;;25.0;4.29;1
1744;Milena Ramos;2002-07-22;1;10;1429.03;0.0;!!!INVALID_DATA!!!;PE;1.0;0.0;1.0;;0.0;6.49;1
1745;Giovanna Carvalho;1995-11-04;6;17;542.26;0.0;da Rosa;RO;1.0;1.0;1.0;;33.33;4.96;1
1746;Bárbara Almeida;1997-02-23;1;15;629.47;1.0;Câmara;CE;0.0;;0.0;;66.67;;0
1747;Lunna Ribeiro;2004-12-11;6;4;0.0;0.0;da Costa de Minas;MS;1.0;;0.0;XXXXXXXXXXXXXXXXXXXXXXXXXXXXXXXXXXXXXXXXXXXXXXXXXXXXXXXXXXXXXXXXXXXXXXXXXXXXXXXXXXXXXXXXXXXXXXXXXXXXXXXXXXXXXXXXXXXXXXXXXXXXXXXXXXXXXXXXXXXXXXXXXXXXXXXXXXXXXXXXXXXXXXXXXXXXXXXXXXXXXXXXXXXXXXXXXXXXXXXXXXXXXXXXXX;100.0;7.7;1
1748;Valentina Cirino;1998-07-12;10;20;3948.98;1.0;Cardoso Verde;XX;1.0;0.0;1.0;Id expedita perferendis fugit hic asperiores.;66.67;3.68;2
1749;Yago Gonçalves;2001-09-03;4;14;2559.26;1.0;!!!INVALID_DATA!!!;MT;1.0;1.0;1.0;;100.0;3.05;1
1750;Joana Rios;2004-11-08;4;14;991.04;1.0;Gomes;RR;0.0;0.0;0.0;Dolore dolorem dolorem sit minus ab assumenda dolore.;50.0;7.03;1
1751;Manuela Marques;2001-07-29;1;5;4137.25;0.0;Costela;GO;0.0;0.0;;XXXXXXXXXXXXXXXXXXXXXXXXXXXXXXXXXXXXXXXXXXXXXXXXXXXXXXXXXXXXXXXXXXXXXXXXXXXXXXXXXXXXXXXXXXXXXXXXXXXXXXXXXXXXXXXXXXXXXXXXXXXXXXXXXXXXXXXXXXXXXXXXXXXXXXXXXXXXXXXXXXXXXXXXXXXXXXXXXXXXXXXXXXXXXXXXXXXXXXXXXXXXXXXXXX;0.0;0.98;1
1752;Isabel Pacheco;2000-06-21;4;10;3194.73;0.0;Campos do Campo;AC;1.0;0.0;0.0;Eius sunt odit.;33.33;4.85;2
1753;Daniel Leão;2003-07-24;3;17;2539.85;1.0;Cirino;PE;1.0;1.0;1.0;;33.33;5.28;4
1754;Henry Araújo;2003-05-12;5;2;1404.06;0.0;Porto;CE;1.0;1.0;1.0;;66.67;4.74;1
1755;Luiz Miguel Rocha;1996-11-18;9;19;1278.16;1.0;Caldeira do Campo;AC;1.0;0.0;1.0;;100.0;;0
1756;Benjamim da Mata;1997-10-20;1;8;2448.09;;Cunha de Minas;BA;0.0;1.0;0.0;;0.0;4.64;3
1757;João Pedro Farias;2001-07-19;10;9;2394.87;0.0;da Mota de Borges;RO;0.0;1.0;1.0;;66.67;9.88;1
1758;XXXXXXXXXXXXXXXXXXXXXXXXXXXXXXXXXXXXXXXXXXXXXXXXXXXXXXXXXXXXXXXXXXXXXXXXXXXXXXXXXXXXXXXXXXXXXXXXXXXXXXXXXXXXXX;1999-12-04;5;10;4626.26;1.0;Câmara do Sul;PR;1.0;1.0;1.0;Deserunt fugit perspiciatis necessitatibus repellendus illum praesentium ipsa.;66.67;;0
1759;Liam Lima;2002-03-07;5;19;3694.49;1.0;Cardoso da Praia;CE;0.0;0.0;0.0;;0.0;7.46;2
1760;!!!INVALID_DATA!!!;2007-04-08;3;4;4844.71;1.0;Rezende;MT;0.0;1.0;0.0;;100.0;5.36;1
1761;!!!INVALID_DATA!!!;2000-05-11;3;9;1534.34;1.0;Monteiro;BA;0.0;0.0;1.0;;66.67;5.12;2
1762;Theo Pacheco;2004-12-28;4;20;1377.85;0.0;Camargo;TO;1.0;1.0;1.0;;66.67;2.51;1
1763;Sophia Cirino;2002-11-26;3;14;4693.62;1.0;Silveira;XX;0.0;0.0;1.0;;25.0;6.77;1
1764;Dr. Caio Rodrigues;1995-09-27;1;6;4630.95;1.0;da Luz;XX;1.0;0.0;1.0;;40.0;7.6;1
1765;Maitê Aragão;1996-09-11;5;12;4943.95;0.0;Moraes;XX;1.0;0.0;1.0;;75.0;9.39;1
1766;João Lucas Carvalho;1996-12-31;3;18;3978.03;0.0;Peixoto;DF;1.0;0.0;1.0;;0.0;;0
1767;Gael Rodrigues;1998-03-23;5;4;1508.91;0.0;da Cruz de Siqueira;MG;0.0;0.0;1.0;;66.67;;0
1768;Luiza Guerra;1998-07-01;6;16;4442.4;0.0;Souza;RJ;0.0;0.0;1.0;;60.0;2.96;1
1769;Pietra Macedo;2003-12-14;4;10;1280.81;0.0;Pereira dos Dourados;AM;1.0;0.0;1.0;Est quae corporis maxime impedit eligendi.;50.0;4.91;2
1770;Sra. Kamilly Rezende;2006-08-18;10;14;1876.09;0.0;Ramos;XX;0.0;0.0;0.0;;50.0;6.21;1
1771;Aylla Melo;2002-01-09;6;17;1079.21;1.0;da Paz de Guerra;PE;0.0;1.0;1.0;;33.33;;0
1772;Srta. Eduarda Nunes;1996-06-11;4;3;997.71;1.0;Pereira;AM;0.0;0.0;1.0;;33.33;5.73;2
1773;Kaique Pacheco;2004-05-19;10;8;601.11;0.0;da Cruz;SE;0.0;1.0;1.0;;66.67;;0
1774;Letícia Peixoto;2004-05-29;10;8;523.35;0.0;Sales;MG;0.0;0.0;0.0;;0.0;9.11;1
1775;Lucas Gabriel Leão;2003-12-02;3;10;1870.94;1.0;Ramos;SE;1.0;1.0;0.0;Ut fugit esse aspernatur.;25.0;2.75;1
1776;XXXXXXXXXXXXXXXXXXXXXXXXXXXXXXXXXXXXXXXXXXXXXXXXXXXXXXXXXXXXXXXXXXXXXXXXXXXXXXXXXXXXXXXXXXXXXXXXXXXXXXXXXXXXXX;2006-12-21;10;19;4561.37;1.0;Santos;MG;;1.0;0.0;;33.33;;0
1777;Sra. Maria Julia Campos;1995-05-04;3;13;4207.46;1.0;Sousa Grande;AM;0.0;1.0;;Rerum commodi sint accusamus.;0.0;1.56;2
1778;Theodoro Gomes;2000-09-20;3;20;4857.58;0.0;Ramos;PI;0.0;0.0;1.0;;40.0;4.46;3
1779;Benjamin Cassiano;2002-07-31;6;5;2180.67;1.0;Macedo;TO;1.0;0.0;0.0;;0.0;;0
1780;Dante da Conceição;2004-09-24;1;19;3531.38;1.0;Alves;RN;0.0;0.0;1.0;;0.0;6.14;2
1781;Mariah Ferreira;2002-06-07;1;13;4417.68;1.0;Sampaio;AP;0.0;0.0;1.0;Eius neque quasi labore sint.;50.0;5.41;2
1782;Emanuelly Azevedo;2001-10-27;9;2;1980.05;1.0;Oliveira dos Dourados;SC;0.0;0.0;1.0;;83.33;6.04;2
1783;Ravi Ribeiro;2004-01-09;5;11;3110.43;0.0;Porto de Casa Grande;AC;0.0;1.0;0.0;;100.0;4.64;1
1784;!!!INVALID_DATA!!!;1999-10-16;6;8;954.46;0.0;;AL;0.0;0.0;1.0;;66.67;1.57;1
1785;XXXXXXXXXXXXXXXXXXXXXXXXXXXXXXXXXXXXXXXXXXXXXXXXXXXXXXXXXXXXXXXXXXXXXXXXXXXXXXXXXXXXXXXXXXXXXXXXXXXXXXXXXXXXXX;2005-08-11;2;4;0.0;0.0;Garcia de Minas;;1.0;1.0;1.0;Recusandae at debitis consectetur molestias.;66.67;5.26;2
1786;Lorena Pires;2003-06-26;9;14;1618.32;0.0;Abreu;RS;0.0;0.0;1.0;;100.0;4.99;1
1787;Rodrigo Rocha;1999-06-05;2;6;2964.33;0.0;da Mota de Alves;BA;0.0;1.0;0.0;;50.0;5.57;2
1788;Caroline Albuquerque;2001-12-13;2;11;;1.0;Cassiano da Serra;PI;1.0;1.0;1.0;;50.0;5.91;2
1789;!!!INVALID_DATA!!!;2006-05-15;8;18;3449.39;1.0;Monteiro;MT;0.0;0.0;0.0;;100.0;2.74;2
1790;Thiago Câmara;2004-11-09;1;17;1092.9;1.0;Pacheco de Machado;PE;1.0;0.0;1.0;;50.0;4.51;2
1791;Juliana Fogaça;2000-01-31;3;1;2158.41;0.0;Moraes;SC;0.0;1.0;1.0;;50.0;2.75;2
1792;;2000-04-03;8;9;2185.92;1.0;Gonçalves;PR;1.0;0.0;1.0;;50.0;3.83;3
1793;Sr. Francisco Vieira;2002-09-17;7;2;1831.4;1.0;Cavalcanti da Praia;MS;1.0;0.0;0.0;;80.0;4.11;2
1794;Enzo Sampaio;2003-05-06;4;9;2858.62;1.0;Macedo das Pedras;AC;1.0;0.0;1.0;;100.0;5.16;3
1795;Bárbara Nunes;1999-11-23;9;7;2399.44;1.0;;PE;1.0;1.0;0.0;;75.0;;0
1796;Srta. Ana Lívia Pinto;2002-04-10;5;3;4121.46;1.0;Ramos;MT;1.0;0.0;1.0;;33.33;7.21;4
1797;Josué Lopes;2003-07-19;1;8;3324.54;1.0;Mendes;PE;0.0;0.0;1.0;Quod explicabo porro eos quidem nam excepturi.;66.67;7.8;1
1798;Dr. Lorenzo Pereira;2002-04-11;8;13;2301.31;1.0;Souza de Souza;MS;1.0;0.0;1.0;;75.0;7.61;2
1799;Levi Campos;1996-04-05;10;16;3463.38;1.0;Silva;RR;;0.0;0.0;;0.0;;0
1800;Clara Silveira;1998-01-05;5;4;1114.55;0.0;da Conceição do Amparo;MG;1.0;0.0;1.0;;100.0;9.35;1
1801;Luiza Nascimento;2005-08-10;3;11;1304.54;1.0;Cardoso de Fogaça;SC;0.0;0.0;1.0;;33.33;1.72;1
1802;José Miguel Fogaça;2001-08-27;5;20;847.86;1.0;Camargo;RJ;0.0;1.0;0.0;;50.0;6.29;1
1803;Ana Cecília da Conceição;2003-07-28;9;7;1812.76;0.0;Guerra;MA;1.0;1.0;1.0;;100.0;0.18;1
1804;Rafaela Gomes;1999-07-24;4;20;0.0;0.0;das Neves da Praia;PA;0.0;1.0;1.0;;60.0;0.36;1
1805;Esther Nogueira;2002-07-25;1;11;1013.46;0.0;Santos;PE;1.0;1.0;0.0;Beatae commodi aliquid quam fuga odit unde nam.;20.0;;0
1806;Kevin Macedo;2005-10-31;2;8;3510.64;1.0;;PB;0.0;1.0;1.0;;66.67;4.87;2
1807;Antônio Cirino;2002-05-23;7;6;3629.17;1.0;da Luz do Galho;AC;0.0;0.0;0.0;;50.0;;0
1808;Benjamim Mendes;2000-11-19;9;15;2802.4;1.0;Montenegro;AC;1.0;0.0;0.0;;66.67;;0
1809;Luna Pacheco;1997-07-09;9;10;3287.4;1.0;Farias;RO;1.0;0.0;0.0;;0.0;3.08;2
1810;;2002-09-22;7;8;4244.17;1.0;Siqueira;PI;1.0;0.0;1.0;;0.0;6.44;4
1811;Raul Rezende;1999-07-05;2;12;2518.57;1.0;das Neves do Sul;PR;1.0;1.0;1.0;;66.67;8.88;1
1812;Juliana Monteiro;2004-07-02;8;3;0.0;1.0;Pires de Minas;!!;0.0;0.0;1.0;;25.0;5.06;2
1813;Ravy Sousa;2005-05-16;10;8;0.0;1.0;Gomes do Campo;SC;0.0;1.0;0.0;;75.0;2.15;1
1814;Srta. Bella Carvalho;1994-10-31;8;12;3867.38;0.0;Aparecida do Campo;AM;0.0;0.0;1.0;;40.0;6.32;3
1815;Srta. Ana Beatriz da Conceição;2005-05-17;2;17;1371.78;1.0;Teixeira do Norte;AC;1.0;0.0;1.0;;80.0;5.74;1
1816;Milena da Mota;2006-05-15;9;8;1260.57;0.0;!!!INVALID_DATA!!!;PB;1.0;0.0;0.0;;25.0;5.19;3
1817;Fernando Almeida;1995-09-11;6;4;793.17;1.0;Cunha;AL;1.0;0.0;1.0;;66.67;5.22;1
1818;Isabela Caldeira;2001-07-25;1;11;2175.08;0.0;Aragão;AM;1.0;0.0;;;75.0;6.2;1
1819;Emilly Novaes;2003-03-22;8;19;528.84;;Teixeira Alegre;AP;1.0;1.0;1.0;;66.67;;0
1820;Joana Moraes;1999-12-06;7;13;2879.15;1.0;Andrade de Cunha;RN;1.0;0.0;1.0;;33.33;8.9;1
1821;Maria Luiza Novaes;1998-12-24;2;19;3892.6;1.0;Guerra;PI;0.0;0.0;1.0;;25.0;;0
1822;Stephany Cirino;2001-09-02;9;18;4067.67;1.0;Casa Grande do Galho;RN;1.0;0.0;0.0;;50.0;4.15;4
1823;Ayla Ferreira;1997-05-07;8;16;1874.81;0.0;Pimenta;MS;0.0;1.0;1.0;;0.0;7.96;1
1824;Yasmin Marques;1995-05-14;3;14;873.82;1.0;Sousa;MT;0.0;1.0;0.0;;0.0;2.64;1
1825;Isaac Vieira;1996-08-06;1;5;4983.39;0.0;Peixoto das Pedras;CE;1.0;0.0;1.0;;0.0;;0
1826;Sr. Otto Melo;1995-07-13;3;13;3041.56;1.0;Guerra;PA;0.0;0.0;;;66.67;4.95;2
1827;Maria Alice Cirino;1997-12-21;4;14;4307.58;0.0;XXXXXXXXXXXXXXXXXXXXXXXXXXXXXXXXXXXXXXXXXXXXXXXXXXXXXXXXXXXX;;0.0;0.0;1.0;;100.0;8.72;1
1828;Ana Vitória Barbosa;1995-03-05;3;20;4760.63;0.0;Nunes do Sul;TO;0.0;1.0;0.0;;100.0;1.75;1
1829;!!!INVALID_DATA!!!;2002-04-14;3;13;2010.8;0.0;Nunes;PR;1.0;0.0;1.0;;;;0
1830;Cecilia Costa;2002-09-16;10;13;2818.2;0.0;Almeida;GO;1.0;0.0;0.0;Impedit culpa laboriosam amet dolorum.;0.0;;0
1831;Pedro Henrique da Mota;1995-04-13;10;18;1341.9;0.0;Gomes;PR;1.0;1.0;0.0;;66.67;5.45;1
1832;Cauã Teixeira;2002-08-10;4;9;4943.79;1.0;da Mota;MG;0.0;1.0;1.0;;100.0;8.72;1
1833;Liz Mendonça;2004-09-23;4;4;3466.48;0.0;Borges;DF;0.0;0.0;0.0;;0.0;8.29;1
1834;Arthur Miguel Souza;2000-03-06;9;17;729.14;1.0;da Cunha Grande;MS;1.0;1.0;1.0;;50.0;5.45;1
1835;Yasmin Teixeira;1999-03-29;1;8;2174.82;0.0;Montenegro;MS;0.0;1.0;0.0;;100.0;3.03;1
1836;Juliana Alves;1996-09-07;4;10;2205.4;0.0;!!!INVALID_DATA!!!;TO;0.0;0.0;1.0;;50.0;8.59;3
1837;Enrico Silveira;1995-11-22;3;18;0.0;0.0;Marques dos Dourados;ES;0.0;1.0;0.0;;66.67;7.79;1
1838;Rafael Fernandes;1995-05-27;1;14;1823.14;0.0;Jesus;AC;0.0;1.0;0.0;;0.0;;0
1839;Vicente Viana;2003-09-20;9;19;4620.48;0.0;Leão;TO;0.0;0.0;0.0;;60.0;4.49;4
1840;Carolina Borges;2000-07-10;6;5;2746.98;0.0;Costela;MS;0.0;1.0;1.0;;100.0;2.27;1
1841;Sophia Melo;1997-04-04;10;12;3767.83;1.0;Monteiro;RR;0.0;0.0;0.0;Praesentium sequi nesciunt velit accusamus.;33.33;;0
1842;Ana Sophia Freitas;1994-09-29;10;16;2294.75;1.0;Sales do Sul;RR;0.0;1.0;1.0;;100.0;3.5;1
1843;Benjamin Brito;2007-04-18;10;20;1327.18;0.0;Leão;SP;0.0;0.0;1.0;Quo nulla nulla asperiores nulla.;66.67;2.22;3
1844;Bianca Lopes;2005-01-05;8;10;787.64;1.0;Viana do Norte;PR;0.0;0.0;0.0;;100.0;4.96;1
1845;Isabela Teixeira;2004-08-24;9;7;1258.75;1.0;Guerra;PI;0.0;1.0;0.0;;20.0;3.76;2
1846;Maria Clara Duarte;1999-11-26;6;14;3950.44;1.0;Casa Grande;AC;0.0;0.0;1.0;;60.0;;0
1847;!!!INVALID_DATA!!!;2003-04-23;10;19;2440.11;1.0;;AM;0.0;0.0;1.0;Autem saepe qui deserunt.;100.0;0.72;1
1848;Daniel da Rosa;1996-03-22;8;14;4792.52;0.0;Campos;MS;0.0;1.0;0.0;Et illum nam in non voluptas quis.;0.0;;0
1849;Sarah Macedo;2004-04-16;3;7;1680.71;0.0;!!!INVALID_DATA!!!;AP;0.0;0.0;0.0;;50.0;1.51;2
1850;Marcelo Sales;1994-05-15;9;19;2252.47;0.0;Dias do Amparo;DF;1.0;0.0;1.0;;100.0;8.35;2
1851;Luara Mendonça;2005-09-19;10;13;4058.08;1.0;Peixoto;PR;1.0;0.0;;;100.0;6.06;3
1852;Sra. Júlia Castro;2005-07-08;8;9;1649.11;0.0;da Paz;SC;1.0;0.0;0.0;;100.0;;0
1853;Vitor Hugo Rodrigues;2007-03-05;4;8;2537.77;0.0;Sá das Flores;DF;0.0;0.0;1.0;;33.33;0.94;1
1854;Bárbara Souza;1996-04-27;10;20;4859.58;0.0;Abreu;SC;0.0;0.0;1.0;Deserunt veritatis illo eaque vel suscipit dolorum.;100.0;8.36;1
1855;Eloá Siqueira;1995-06-18;2;1;1645.08;1.0;da Luz;RS;0.0;0.0;1.0;;66.67;3.46;4
1856;Fernanda Almeida;1995-02-21;5;2;2508.47;0.0;Vasconcelos;RN;0.0;1.0;0.0;;80.0;3.4;4
1857;Bella Ribeiro;2004-07-09;4;14;1398.01;1.0;Campos da Serra;MT;0.0;0.0;0.0;;0.0;0.98;1
1858;Guilherme da Cruz;1999-06-27;1;12;1985.04;0.0;Jesus da Praia;;1.0;0.0;0.0;;0.0;9.16;1
1859;Thomas Sá;2004-05-31;5;20;1271.1;0.0;!!!INVALID_DATA!!!;ES;1.0;1.0;1.0;;100.0;;0
1860;Dra. Maria Eduarda Casa Grande;2001-03-29;10;8;1858.85;0.0;da Mata de da Mata;;0.0;0.0;1.0;;40.0;6.02;1
1861;Murilo Peixoto;1995-09-11;9;7;768.4;1.0;Guerra;GO;1.0;1.0;1.0;;;7.03;2
1862;Sophia Pastor;2002-06-16;1;13;4871.2;0.0;Peixoto;MT;1.0;0.0;1.0;Laborum laudantium quas fugiat earum.;42.86;4.32;3
1863;Sra. Ana Lívia Barbosa;1994-08-05;9;4;1719.92;0.0;Fogaça da Praia;AP;0.0;1.0;0.0;;16.67;3.51;3
1864;Maria Campos;1998-07-23;5;6;1360.81;0.0;Leão;SP;1.0;0.0;1.0;Laborum atque explicabo.;0.0;5.69;2
1865;Luigi da Conceição;2003-09-06;2;5;1040.62;1.0;Novais de Minas;AL;0.0;0.0;0.0;;25.0;0.14;1
1866;Rodrigo Duarte;1994-10-05;6;15;2275.15;1.0;Cardoso;BA;0.0;0.0;0.0;;50.0;5.08;1
1867;Rael Fonseca;1994-07-26;4;14;3554.01;0.0;Cardoso Verde;TO;1.0;1.0;1.0;;16.67;;0
1868;Sofia Moraes;2000-11-23;3;4;3926.61;1.0;Costa da Mata;SC;0.0;1.0;1.0;;50.0;;0
1869;Antony Cassiano;1996-04-29;6;2;3538.97;1.0;Cardoso;MT;0.0;1.0;1.0;Sint magni error perferendis.;0.0;3.19;4
1870;Theo Sampaio;2005-05-04;5;12;4845.98;0.0;da Mata de Carvalho;XX;1.0;0.0;0.0;;60.0;1.25;1
1871;Henry Gabriel Gonçalves;2003-05-04;2;17;654.8;1.0;Lopes;RJ;1.0;0.0;0.0;;33.33;;0
1872;Srta. Luna Azevedo;1996-10-25;5;4;4625.16;1.0;Campos;RO;0.0;1.0;0.0;Tempora nisi aut ipsa ab sunt dolorem.;0.0;7.25;2
1873;Manuella Jesus;2001-12-25;1;3;707.97;0.0;Lima de Souza;AC;1.0;0.0;0.0;;50.0;5.17;1
1874;Diogo Cavalcante;2003-04-12;9;17;0.0;1.0;Garcia;BA;1.0;0.0;1.0;;75.0;5.78;3
1875;Caio Cavalcanti;1997-04-19;1;6;1659.74;1.0;Câmara de Nunes;SE;1.0;1.0;1.0;;60.0;6.87;1
1876;Murilo Fernandes;2006-04-03;9;4;2479.94;0.0;da Costa de Goiás;MS;1.0;0.0;1.0;;;4.16;3
1877;Yan Silva;2005-06-05;2;17;1220.96;1.0;Oliveira;RR;0.0;1.0;1.0;;50.0;;0
1878;Maitê Machado;2006-04-15;4;8;4535.53;0.0;Nascimento;AM;0.0;0.0;0.0;;;7.36;1
1879;Marcos Vinicius Vargas;1998-05-20;7;7;3700.04;0.0;Cirino Paulista;XX;1.0;0.0;1.0;Eos aspernatur vel earum id delectus.;100.0;0.68;1
1880;Joana Cavalcanti;;6;11;3111.94;1.0;Ferreira;PA;1.0;1.0;1.0;Quis laboriosam odio porro deserunt asperiores ab.;50.0;6.05;2
1881;Hadassa da Paz;2002-02-28;5;2;3223.64;1.0;da Cunha de Barbosa;PR;1.0;0.0;1.0;;0.0;1.94;1
1882;Ana Laura Rocha;2003-01-03;9;10;3233.68;1.0;Araújo;AP;0.0;1.0;0.0;;50.0;6.7;2
1883;Ana Carolina Aragão;2003-06-16;1;12;3494.09;1.0;Melo de Goiás;AP;1.0;1.0;1.0;;50.0;3.18;2
1884;Cecília Gonçalves;1999-05-25;1;14;1473.36;1.0;Santos;MT;0.0;0.0;;;33.33;0.29;1
1885;Dra. Eloá Abreu;2005-08-27;10;13;4681.68;1.0;da Costa da Serra;ES;1.0;0.0;0.0;;0.0;1.95;1
1886;Ian Siqueira;2001-06-08;2;9;3105.68;0.0;Leão;TO;0.0;0.0;0.0;;0.0;1.47;2
1887;João Vitor Machado;2006-04-27;2;8;1570.91;1.0;Cirino;MS;1.0;0.0;1.0;;50.0;4.24;1
1888;Pedro Henrique Rios;2006-11-09;3;13;683.24;0.0;Gonçalves de Rodrigues;TO;0.0;0.0;1.0;;66.67;5.43;3
1889;Sophia Pacheco;2001-08-28;6;15;859.78;1.0;XXXXXXXXXXXXXXXXXXXXXXXXXXXXXXXXXXXXXXXXXXXXXXXXXXXXXXXXXXXX;PR;0.0;1.0;0.0;;0.0;4.26;1
1890;Sra. Lorena da Cruz;1998-09-20;9;3;0.0;1.0;Pacheco de Minas;SP;1.0;0.0;1.0;;;4.93;1
1891;Mathias Rezende;1999-12-02;10;20;1529.37;0.0;Santos;RO;1.0;1.0;1.0;;0.0;1.21;1
1892;Luiz Fernando da Mata;1998-07-19;9;4;1620.74;0.0;Campos;ES;1.0;0.0;1.0;;40.0;4.78;3
1893;Dr. João Guilherme Rezende;1999-01-04;9;6;3994.91;1.0;Abreu;PR;0.0;0.0;1.0;;75.0;6.98;2
1894;Liam Porto;2004-10-13;3;3;4572.23;1.0;Andrade de Castro;MT;0.0;1.0;0.0;;60.0;4.04;2
1895;Catarina Barros;2005-11-28;6;11;4725.16;0.0;Pastor do Oeste;PA;1.0;0.0;1.0;;33.33;5.84;2
1896;Dr. Vitor Teixeira;2003-10-13;9;10;1810.3;1.0;Araújo de Goiás;RN;1.0;1.0;0.0;;66.67;3.72;3
1897;Ana Costela;1994-06-06;9;19;4902.03;1.0;Moraes;RO;0.0;0.0;0.0;Sapiente repellat odio error.;33.33;8.69;1
1898;Maria Silveira;1999-09-25;5;2;2947.74;0.0;Silva;RO;0.0;0.0;0.0;;100.0;6.03;2
1899;Liz Garcia;1996-10-13;8;1;1978.13;1.0;da Conceição de Cunha;BA;1.0;0.0;0.0;;80.0;6.31;6
1900;Juan Araújo;2005-03-06;2;8;4150.22;0.0;XXXXXXXXXXXXXXXXXXXXXXXXXXXXXXXXXXXXXXXXXXXXXXXXXXXXXXXXXXXX;AC;0.0;1.0;1.0;;50.0;;0
1901;XXXXXXXXXXXXXXXXXXXXXXXXXXXXXXXXXXXXXXXXXXXXXXXXXXXXXXXXXXXXXXXXXXXXXXXXXXXXXXXXXXXXXXXXXXXXXXXXXXXXXXXXXXXXXX;;2;13;3527.14;1.0;da Cunha do Sul;CE;1.0;1.0;0.0;;70.0;;0
1902;Gabriela Cardoso;2001-08-28;2;6;1996.18;0.0;Rodrigues dos Dourados;SE;1.0;1.0;1.0;;0.0;1.01;1
1903;;2005-09-21;5;13;4834.54;1.0;Silveira do Galho;GO;0.0;0.0;1.0;Consequuntur repellat eveniet beatae.;0.0;8.17;2
1904;Liam Melo;1997-04-08;5;19;4621.19;0.0;Jesus de Viana;MA;0.0;1.0;0.0;;60.0;3.13;2
1905;Francisco Martins;1995-05-17;1;2;1869.86;;da Cruz da Praia;AL;1.0;1.0;0.0;Quod ducimus cupiditate.;37.5;5.98;4
1906;Eduarda da Costa;1999-09-24;3;20;3732.08;0.0;Martins;PR;0.0;0.0;1.0;;100.0;7.12;1
1907;Melina da Cunha;2003-08-04;9;11;4080.18;1.0;Sales;RO;1.0;1.0;1.0;;66.67;4.87;3
1908;Lucca Cassiano;1996-10-04;6;15;1407.32;1.0;Souza de Pimenta;AC;0.0;0.0;0.0;;40.0;;0
1909;João Lucas Cunha;;3;1;864.06;1.0;da Rosa;PB;0.0;1.0;1.0;;0.0;9.2;1
1910;Carolina Macedo;2004-10-09;4;8;532.28;0.0;Borges Paulista;;1.0;0.0;0.0;;80.0;;0
1911;XXXXXXXXXXXXXXXXXXXXXXXXXXXXXXXXXXXXXXXXXXXXXXXXXXXXXXXXXXXXXXXXXXXXXXXXXXXXXXXXXXXXXXXXXXXXXXXXXXXXXXXXXXXXXX;2001-09-23;8;20;2653.94;1.0;Rodrigues;AM;1.0;0.0;1.0;;50.0;;0
1912;Maria Clara Farias;2004-04-11;6;8;3816.4;1.0;Marques do Sul;SC;0.0;0.0;1.0;;20.0;8.59;2
1913;Isabel Machado;2003-03-18;4;14;1359.64;0.0;Carvalho Grande;;1.0;0.0;0.0;;75.0;9.55;1
1914;Lívia Freitas;2003-03-05;3;6;2743.1;1.0;Vieira da Serra;AC;0.0;1.0;1.0;;42.86;3.83;1
1915;Evelyn Araújo;2006-07-23;8;10;2686.13;1.0;Moreira da Mata;TO;0.0;1.0;0.0;;33.33;6.84;3
1916;José Cavalcanti;2006-06-22;1;19;0.0;1.0;Vargas Alegre;MT;1.0;1.0;1.0;;0.0;5.38;4
1917;João Pedro Cassiano;2007-01-30;2;2;2066.88;0.0;Alves;;1.0;1.0;0.0;;25.0;8.38;1
1918;Isis Nogueira;2001-04-14;7;2;3675.98;1.0;Martins;PE;1.0;0.0;0.0;Facere aliquam voluptate quasi excepturi.;100.0;4.04;2
1919;Pietra Dias;1997-11-11;7;1;2235.82;1.0;Vieira;TO;0.0;;1.0;;100.0;5.26;3
1920;Dr. Theodoro Siqueira;1995-08-20;3;19;4722.5;1.0;Sales;MG;0.0;0.0;1.0;;40.0;3.23;4
1921;Fernando Freitas;1995-09-24;4;6;2276.2;1.0;Leão da Mata;MS;0.0;1.0;0.0;Quae officia occaecati porro nostrum nesciunt ipsum optio.;0.0;3.98;3
1922;João Pedro Aparecida;2001-10-22;10;7;4268.1;1.0;Teixeira;SP;1.0;0.0;0.0;;33.33;6.77;4
1923;Sr. Anthony Pacheco;1998-10-28;5;2;2960.08;1.0;;RN;0.0;1.0;1.0;;100.0;;0
1924;Luiza Rezende;2000-12-07;1;9;1219.31;0.0;Fogaça;PE;0.0;0.0;0.0;;75.0;5.12;2
1925;Alícia Azevedo;2003-11-24;7;19;4195.09;0.0;Cavalcante;AC;1.0;0.0;0.0;Qui sapiente similique eius nostrum.;66.67;5.03;3
1926;Lucas Gabriel Cirino;2006-02-28;7;17;3804.58;0.0;Barros;PE;0.0;1.0;1.0;;33.33;5.02;1
1927;Raquel Guerra;2004-10-03;8;10;1385.22;;da Cruz;AM;1.0;0.0;0.0;;0.0;9.39;1
1928;Rafaela da Cruz;;10;19;4003.79;1.0;Pires do Galho;PI;1.0;0.0;0.0;;100.0;3.7;2
1929;Lucas Mendes;2005-06-24;7;14;2825.61;0.0;Gonçalves;GO;1.0;0.0;;;33.33;6.16;2
1930;Hadassa Pastor;1998-09-05;5;16;2652.81;0.0;Vieira da Mata;MA;1.0;1.0;0.0;;50.0;1.5;1
1931;Srta. Isabelly Nogueira;1996-02-06;8;4;1373.58;0.0;Peixoto;MS;0.0;1.0;1.0;;25.0;7.9;1
1932;Brenda Fernandes;1996-11-27;8;12;3838.51;1.0;Campos;TO;1.0;1.0;1.0;;100.0;7.61;1
1933;Srta. Alana Andrade;2001-09-12;3;16;4089.48;1.0;Souza de Duarte;SE;0.0;1.0;1.0;;50.0;8.61;2
1934;XXXXXXXXXXXXXXXXXXXXXXXXXXXXXXXXXXXXXXXXXXXXXXXXXXXXXXXXXXXXXXXXXXXXXXXXXXXXXXXXXXXXXXXXXXXXXXXXXXXXXXXXXXXXXX;1998-04-29;4;10;2419.38;1.0;Marques de Cavalcante;AL;1.0;0.0;0.0;Placeat sed natus molestias.;100.0;3.75;1
1935;Dra. Isadora Correia;1998-04-16;10;14;2881.5;0.0;Leão;BA;1.0;1.0;1.0;;50.0;7.6;1
1936;;2002-09-02;1;18;2531.62;0.0;Silva;RS;1.0;1.0;0.0;;50.0;4.33;1
1937;Luiz Gustavo Marques;1996-04-15;3;16;1785.05;1.0;Camargo;MS;1.0;0.0;1.0;;0.0;8.73;2
1938;Júlia Macedo;1994-07-26;9;9;4782.5;1.0;Sampaio;PE;1.0;1.0;1.0;;100.0;7.66;2
1939;Bianca Rios;1997-09-14;7;20;1646.29;1.0;Pereira de Brito;RO;1.0;1.0;1.0;;66.67;4.26;3
1940;Maria Helena Machado;2003-02-24;4;15;3087.69;0.0;;MS;1.0;0.0;0.0;;33.33;4.99;1
1941;Dr. Brayan da Rocha;2006-05-08;7;14;2146.79;1.0;da Paz Alegre;MG;0.0;1.0;0.0;Suscipit voluptates similique soluta enim laborum.;60.0;5.65;1
1942;Maria Fernanda Viana;2001-08-03;7;15;1405.15;0.0;Almeida do Sul;GO;0.0;0.0;1.0;;0.0;;0
1943;Ana Carolina Albuquerque;1997-03-04;5;5;1498.11;0.0;Costa de Rodrigues;CE;0.0;1.0;0.0;;0.0;5.07;2
1944;Allana Pires;2005-10-24;9;12;3093.27;1.0;Costela de da Rocha;SE;1.0;0.0;1.0;;40.0;6.64;2
1945;Lívia Sampaio;2005-10-26;9;14;2835.18;0.0;Garcia;GO;0.0;0.0;1.0;Inventore doloribus recusandae ut fugiat est in.;0.0;9.64;1
1946;Maria Laura Nogueira;2003-12-06;2;7;3305.3;1.0;Garcia;AP;0.0;1.0;1.0;;50.0;5.54;1
1947;;2001-06-23;9;1;1297.35;0.0;Araújo das Pedras;MA;0.0;0.0;0.0;;60.0;;0
1948;Ana Clara Alves;1996-06-30;9;8;3346.32;0.0;Pimenta de Cavalcante;RS;1.0;0.0;0.0;;40.0;5.85;2
1949;Sophie Mendonça;2003-10-17;4;14;555.94;1.0;Silveira;GO;1.0;0.0;0.0;;33.33;9.11;1
1950;Enzo Machado;1997-11-29;5;20;1589.74;1.0;Machado;SP;0.0;0.0;1.0;;50.0;3.04;2
1951;Dra. Liz Mendes;1994-08-16;4;15;1487.86;0.0;Andrade do Galho;RS;1.0;0.0;0.0;;0.0;2.37;1
1952;Sra. Ana Clara Monteiro;1996-03-04;9;10;3737.15;1.0;das Neves;MT;0.0;1.0;0.0;;0.0;9.71;1
1953;Sabrina Almeida;2005-09-05;3;11;4079.35;0.0;Cunha;BA;;1.0;1.0;;75.0;;0
1954;!!!INVALID_DATA!!!;1998-10-30;4;6;4484.41;1.0;Macedo de Minas;XX;0.0;1.0;1.0;Repellat vel laborum quas corrupti odit.;33.33;4.05;2
1955;Melina da Rocha;2005-01-23;6;10;1691.79;0.0;Porto;SE;1.0;1.0;1.0;;50.0;4.29;2
1956;Enzo Moura;1996-09-20;5;8;3209.82;1.0;Costa do Oeste;MA;0.0;0.0;1.0;;100.0;2.89;1
1957;Emanuella Siqueira;2000-07-22;8;3;1363.9;1.0;Aparecida da Prata;SC;1.0;1.0;0.0;Eveniet tempora esse porro facilis nam in.;0.0;;0
1958;Luiz Felipe Fogaça;2001-05-23;1;13;519.05;0.0;da Conceição de Carvalho;SP;0.0;1.0;1.0;;33.33;0.57;1
1959;André da Cunha;1997-08-20;6;6;4706.82;1.0;da Costa das Flores;PR;1.0;1.0;0.0;;66.67;4.48;2
1960;Marcela Siqueira;2005-11-26;7;3;2069.88;1.0;Sousa;AP;1.0;1.0;1.0;;66.67;9.39;1
1961;Manuela Moraes;1998-02-03;4;5;1957.03;1.0;da Mata;GO;1.0;1.0;1.0;;75.0;6.11;2
1962;Dr. Ian da Cruz;1994-05-07;8;16;4122.18;1.0;Brito;PE;1.0;0.0;0.0;;0.0;4.92;2
1963;Sra. Letícia Farias;1996-11-05;2;4;1042.58;1.0;Pimenta das Flores;AM;1.0;0.0;1.0;Earum porro sit cumque facilis corporis cumque.;50.0;;0
1964;Ana Beatriz Jesus;2001-09-03;8;4;3203.72;1.0;Cardoso;TO;0.0;0.0;0.0;Quasi eius est iste magni unde accusamus.;;0.25;1
1965;Dra. Isabella Garcia;;1;1;919.85;1.0;Castro;RJ;1.0;1.0;0.0;;60.0;5.72;2
1966;Noah da Rosa;1995-05-06;8;3;3837.67;0.0;Vieira de Minas;DF;1.0;1.0;0.0;;50.0;6.01;4
1967;Pietro Camargo;2004-10-21;7;2;852.53;0.0;Silveira do Amparo;DF;0.0;1.0;0.0;;0.0;;0
1968;Ian Costela;1994-10-02;4;16;2006.66;1.0;Ribeiro;BA;1.0;0.0;0.0;;100.0;5.21;3
1969;Bárbara da Rosa;2001-08-05;7;7;1330.26;1.0;Macedo;AP;0.0;0.0;0.0;;75.0;9.25;1
1970;Olívia Barbosa;1995-09-29;5;4;1847.45;0.0;Castro de Minas;MG;0.0;1.0;0.0;Dolorem modi molestiae dignissimos nesciunt similique.;25.0;0.77;1
1971;Gael Henrique Oliveira;2005-03-09;1;4;4117.61;0.0;Rezende;PI;0.0;0.0;0.0;;50.0;;0
1972;João Guilherme Albuquerque;1996-10-04;4;2;700.07;0.0;Pastor;PB;1.0;0.0;1.0;Quis ab repellendus incidunt exercitationem quibusdam corrupti.;40.0;;0
1973;Matteo Araújo;;1;1;1205.53;1.0;Santos;BA;0.0;0.0;1.0;;;;0
1974;Luiz Henrique da Cruz;2006-12-25;6;3;4672.04;0.0;da Mata;AP;0.0;1.0;0.0;;66.67;;0
1975;Stella Cavalcanti;1997-10-28;8;11;1533.92;0.0;Câmara de Rios;AC;1.0;0.0;0.0;;33.33;;0
1976;Bryan da Conceição;1994-12-16;4;15;2737.6;1.0;Nascimento do Amparo;RS;1.0;0.0;0.0;;50.0;2.81;2
1977;Davi Miguel Monteiro;1997-08-25;5;7;0.0;1.0;Martins de Fogaça;CE;1.0;0.0;0.0;Fuga cum nemo harum pariatur modi laboriosam minus.;50.0;3.91;5
1978;Sra. Ágatha Guerra;2004-02-21;6;1;2180.65;1.0;Lopes;;0.0;0.0;1.0;;33.33;4.74;2
1979;Dra. Manuella Brito;2005-04-04;5;1;1247.46;0.0;da Rosa da Mata;XX;0.0;1.0;0.0;Voluptatum incidunt beatae excepturi corporis excepturi optio harum.;100.0;7.46;3
1980;Sarah das Neves;2005-04-15;4;17;3692.65;;Silva da Praia;AC;1.0;1.0;0.0;;50.0;8.25;2
1981;Dra. Júlia Cirino;2005-11-16;7;13;1673.84;1.0;Andrade do Galho;PI;1.0;1.0;0.0;;80.0;8.71;1
1982;Mirella da Mata;2006-06-05;8;14;3092.3;1.0;Casa Grande;MS;0.0;1.0;1.0;;33.33;2.8;4
1983;Antonella Alves;1998-04-12;7;1;1442.62;0.0;Rios da Serra;AM;0.0;1.0;0.0;;33.33;4.98;2
1984;Dr. Luan Lima;1995-09-16;6;6;3758.08;0.0;Pacheco;PI;1.0;0.0;1.0;;;1.86;1
1985;Aurora Moura;2005-11-26;6;13;3252.43;0.0;Novais;RN;0.0;0.0;0.0;;50.0;2.88;1
1986;Beatriz Peixoto;2000-07-31;7;14;4927.27;0.0;Cirino das Pedras;PR;0.0;0.0;1.0;;0.0;8.45;1
1987;XXXXXXXXXXXXXXXXXXXXXXXXXXXXXXXXXXXXXXXXXXXXXXXXXXXXXXXXXXXXXXXXXXXXXXXXXXXXXXXXXXXXXXXXXXXXXXXXXXXXXXXXXXXXXX;2003-03-04;2;18;2044.52;0.0;!!!INVALID_DATA!!!;ES;0.0;0.0;1.0;;100.0;6.91;2
1988;Lavínia Caldeira;2000-12-15;2;2;0.0;0.0;Rios de Goiás;CE;1.0;1.0;0.0;;100.0;0.74;1
1989;Rafaela Martins;2005-09-13;8;3;1081.96;1.0;da Costa dos Dourados;MA;0.0;0.0;1.0;;;5.54;2
1990;Maysa Nascimento;2002-09-26;9;16;835.52;1.0;Dias de Vieira;PE;0.0;0.0;0.0;;100.0;;0
1991;Murilo Pacheco;1996-06-16;6;6;3291.34;1.0;Andrade;!!;0.0;0.0;1.0;;60.0;2.44;1
1992;Melina Costela;1995-01-02;5;8;3418.73;1.0;Fernandes do Sul;CE;1.0;0.0;0.0;;;2.55;2
1993;Sofia Rezende;2002-08-18;5;12;4710.3;0.0;Aparecida de Albuquerque;AM;0.0;0.0;1.0;Id aperiam numquam.;50.0;4.24;3
1994;Dr. Theo Freitas;2004-09-23;1;20;698.36;1.0;Cavalcanti Alegre;PE;1.0;0.0;1.0;XXXXXXXXXXXXXXXXXXXXXXXXXXXXXXXXXXXXXXXXXXXXXXXXXXXXXXXXXXXXXXXXXXXXXXXXXXXXXXXXXXXXXXXXXXXXXXXXXXXXXXXXXXXXXXXXXXXXXXXXXXXXXXXXXXXXXXXXXXXXXXXXXXXXXXXXXXXXXXXXXXXXXXXXXXXXXXXXXXXXXXXXXXXXXXXXXXXXXXXXXXXXXXXXXX;50.0;5.69;5
1995;Emanuel Almeida;2005-10-08;7;3;603.82;0.0;Viana de Borges;GO;1.0;0.0;0.0;;25.0;0.19;1
1996;Mathias Fernandes;2005-08-08;9;17;3613.76;1.0;Sousa;PI;1.0;0.0;1.0;;50.0;4.58;1
1997;Ryan da Luz;2007-01-10;2;13;546.36;1.0;Gomes;MA;0.0;0.0;1.0;;100.0;1.51;1
1998;Melina Martins;2004-07-26;10;17;2258.96;1.0;Azevedo;XX;1.0;1.0;0.0;;50.0;2.99;2
1999;XXXXXXXXXXXXXXXXXXXXXXXXXXXXXXXXXXXXXXXXXXXXXXXXXXXXXXXXXXXXXXXXXXXXXXXXXXXXXXXXXXXXXXXXXXXXXXXXXXXXXXXXXXXXXX;1995-11-19;5;11;2172.65;1.0;Azevedo do Amparo;!!;0.0;0.0;1.0;Architecto officiis laboriosam rem.;25.0;6.78;2
2000;Enzo Gabriel Nogueira;2005-05-13;10;20;4097.2;1.0;Nascimento da Mata;MT;1.0;1.0;0.0;;0.0;2.57;1
2001;Sara Leão;1999-09-21;2;16;1429.72;0.0;Pacheco Paulista;PE;1.0;1.0;1.0;;50.0;5.58;2
2002;Fernanda Cunha;2004-10-16;6;14;4254.14;;Camargo do Sul;PI;0.0;1.0;0.0;;50.0;7.67;2
2003;Gabriela Gonçalves;1997-01-16;6;10;2979.18;1.0;Barros do Norte;AP;1.0;0.0;0.0;;28.57;4.24;3
2004;Sra. Olivia Pinto;1995-10-01;6;1;2136.8;0.0;Teixeira de Novais;AC;1.0;0.0;;;25.0;3.21;4
2005;Asafe Cunha;1998-04-07;4;1;4635.64;1.0;Siqueira de Minas;PE;0.0;0.0;1.0;Repellat voluptates excepturi quo quidem.;16.67;4.97;4
2006;Antônio Sales;2003-10-20;5;13;4708.28;1.0;Ribeiro de Goiás;CE;1.0;1.0;0.0;;75.0;5.8;1
2007;Manuela Rezende;2004-11-15;8;11;2757.94;1.0;Pereira de Fogaça;PI;0.0;1.0;0.0;;50.0;1.05;1
2008;Nathan da Paz;2006-02-18;6;7;3322.45;1.0;Peixoto;AL;;0.0;1.0;;40.0;0.68;1
2009;Gustavo Henrique Barbosa;2000-02-17;6;18;1043.66;1.0;Melo;AL;0.0;1.0;1.0;;100.0;5.15;3
2010;Asafe Marques;2000-12-31;3;11;1843.18;0.0;Fonseca;MS;1.0;0.0;1.0;;100.0;8.43;1
2011;Maitê Cardoso;2000-07-06;4;14;3630.6;0.0;Oliveira do Norte;DF;0.0;0.0;1.0;Iste esse corrupti sequi.;80.0;2.48;1
2012;Gabriel Garcia;2002-05-27;6;9;4578.21;0.0;Costela;RR;0.0;1.0;1.0;;60.0;5.68;2
2013;João Lucas Vieira;2000-05-09;4;12;3712.32;0.0;Caldeira;RO;0.0;0.0;0.0;;33.33;5.04;4
2014;Fernanda Carvalho;2002-12-26;10;9;2556.82;1.0;Costela;TO;1.0;1.0;1.0;Pariatur necessitatibus perspiciatis est id quibusdam.;16.67;;0
2015;Srta. Clara Rocha;;4;11;2751.97;1.0;Azevedo de Cunha;RS;0.0;0.0;0.0;;60.0;;0
2016;Matheus Câmara;1998-06-05;3;20;4746.42;0.0;Martins;ES;;1.0;0.0;;0.0;5.77;2
2017;Caio Fogaça;1998-11-07;5;18;4096.01;0.0;Cavalcante da Serra;PI;1.0;1.0;0.0;;50.0;4.99;5
2018;Gabriela Vasconcelos;2005-04-25;4;15;2165.03;1.0;Barbosa;RR;0.0;0.0;1.0;;40.0;1.38;2
2019;Ana Júlia Lima;2004-05-24;8;14;2157.17;;Silveira da Mata;TO;1.0;1.0;0.0;Cumque cupiditate nesciunt aliquid veniam ducimus.;66.67;3.85;2
2020;Francisco Abreu;2006-06-29;10;14;3465.59;0.0;Gonçalves;PE;1.0;0.0;0.0;;33.33;;0
2021;;1998-05-08;7;9;850.92;1.0;Guerra;MG;1.0;1.0;0.0;;0.0;2.72;2
2022;Luana da Rosa;2007-03-06;1;16;3152.81;1.0;Pereira;PI;0.0;1.0;0.0;;33.33;4.09;2
2023;Evelyn Barbosa;1994-07-14;7;13;3490.54;0.0;;PB;1.0;0.0;0.0;;0.0;4.05;1
2024;Ryan Ramos;2004-08-21;4;13;2812.13;1.0;da Mata;XX;0.0;0.0;0.0;;100.0;5.68;2
2025;Dr. Theo Mendonça;2002-05-02;4;13;2129.8;0.0;Carvalho das Flores;;1.0;1.0;1.0;;100.0;7.91;2
2026;Marcos Vinicius Sousa;2001-05-26;4;1;959.18;0.0;Farias;TO;1.0;0.0;0.0;;0.0;6.14;2
2027;Breno Garcia;1998-06-21;7;1;2049.32;1.0;Barros do Campo;PR;0.0;0.0;1.0;Aliquam quos quisquam suscipit.;100.0;5.13;2
2028;Elisa Andrade;2002-04-08;4;1;3103.12;0.0;Nascimento Verde;RJ;0.0;0.0;1.0;Cumque soluta itaque facilis vel minima.;100.0;6.18;2
2029;Julia Caldeira;2006-06-28;3;3;3121.33;1.0;Oliveira;RR;0.0;0.0;0.0;Voluptas perspiciatis in.;50.0;6.37;2
2030;Sarah Casa Grande;2004-04-11;6;11;4329.99;1.0;Ribeiro;CE;0.0;0.0;0.0;;100.0;;0
2031;Maria Júlia Melo;2003-09-09;5;13;777.85;1.0;da Mota Alegre;AL;1.0;;0.0;;0.0;;0
2032;Larissa Cavalcante;2006-01-07;8;18;3459.77;;Rodrigues;PI;0.0;0.0;1.0;;40.0;5.34;3
2033;Maysa Siqueira;1998-10-18;6;9;1988.4;1.0;Gomes;TO;0.0;1.0;0.0;;71.43;6.67;2
2034;Sra. Maria Eduarda Jesus;2003-12-16;10;16;1825.5;1.0;;AP;0.0;1.0;1.0;;50.0;8.38;1
2035;Caroline Lopes;2000-11-09;10;18;3461.83;1.0;Fonseca;PR;1.0;1.0;0.0;;50.0;0.02;1
2036;Isaque Caldeira;2002-03-11;4;8;936.54;0.0;Jesus de Fogaça;TO;1.0;1.0;1.0;Quas quibusdam perferendis nisi occaecati beatae neque eligendi.;50.0;5.76;2
2037;Lucas Porto;1996-11-01;1;7;1515.62;1.0;Araújo de Aragão;SE;1.0;0.0;0.0;;50.0;4.15;2
2038;Marcelo Caldeira;1998-11-24;6;2;4501.07;1.0;Novais do Oeste;RS;0.0;0.0;1.0;XXXXXXXXXXXXXXXXXXXXXXXXXXXXXXXXXXXXXXXXXXXXXXXXXXXXXXXXXXXXXXXXXXXXXXXXXXXXXXXXXXXXXXXXXXXXXXXXXXXXXXXXXXXXXXXXXXXXXXXXXXXXXXXXXXXXXXXXXXXXXXXXXXXXXXXXXXXXXXXXXXXXXXXXXXXXXXXXXXXXXXXXXXXXXXXXXXXXXXXXXXXXXXXXXX;;4.81;1
2039;Marcela Ferreira;2006-12-15;5;19;3513.94;;Costela do Campo;PR;1.0;1.0;0.0;;75.0;6.39;1
2040;Olivia Costa;;7;5;1687.15;;Jesus da Prata;MS;1.0;0.0;0.0;;66.67;5.45;3
2041;Giovanna Macedo;1996-06-16;2;6;1789.41;0.0;Peixoto;AL;0.0;1.0;0.0;;50.0;;0
2042;Ana Sophia Macedo;2001-05-17;1;3;613.45;1.0;Pinto;SE;1.0;0.0;0.0;;33.33;4.76;2
2043;Luiz Henrique Oliveira;1998-10-06;10;6;1910.0;1.0;Aparecida da Praia;!!;0.0;0.0;0.0;;66.67;7.84;1
2044;Juan Cavalcante;2000-07-05;10;16;1453.49;0.0;Sá;PE;1.0;0.0;;;75.0;;0
2045;Emanuella Pereira;1999-05-01;5;16;0.0;0.0;Sales;PA;1.0;1.0;1.0;;;;0
2046;Vitória Nunes;;5;2;3441.35;0.0;Caldeira de Goiás;PE;0.0;1.0;0.0;;20.0;;0
2047;Manuela da Cunha;2002-03-19;6;7;2132.18;1.0;Farias;MA;1.0;0.0;0.0;;;4.17;3
2048;Lorena Marques;1995-08-08;6;19;3282.09;0.0;Costela;RN;0.0;1.0;1.0;;100.0;;0
2049;Hadassa Costa;2000-03-04;5;12;4362.34;1.0;Campos de Brito;AM;;0.0;0.0;;0.0;2.03;1
2050;Emilly Costela;2001-11-20;10;8;4330.61;0.0;Costa;AL;0.0;1.0;;;100.0;3.47;2
2051;Maria Isis Andrade;2004-10-01;6;19;643.71;0.0;XXXXXXXXXXXXXXXXXXXXXXXXXXXXXXXXXXXXXXXXXXXXXXXXXXXXXXXXXXXX;SE;0.0;1.0;0.0;;33.33;6.3;2
2052;Luiz Fernando da Mota;1995-08-17;1;9;2624.76;0.0;Freitas dos Dourados;RO;1.0;1.0;1.0;;40.0;6.05;3
2053;Marina Jesus;2001-11-27;1;1;3453.87;0.0;Siqueira do Campo;SC;1.0;0.0;1.0;;50.0;5.28;2
2054;Maria Vitória Câmara;2006-02-24;5;4;3898.74;0.0;Marques;RR;0.0;1.0;0.0;;33.33;3.27;5
2055;XXXXXXXXXXXXXXXXXXXXXXXXXXXXXXXXXXXXXXXXXXXXXXXXXXXXXXXXXXXXXXXXXXXXXXXXXXXXXXXXXXXXXXXXXXXXXXXXXXXXXXXXXXXXXX;2003-12-14;5;9;;1.0;Andrade de Minas;GO;;0.0;0.0;;66.67;;0
2056;Ana Laura Cassiano;1996-03-18;4;18;3926.82;1.0;da Costa;MS;0.0;0.0;0.0;;33.33;;0
2057;Luiz Fernando Machado;2000-12-07;4;6;2552.76;0.0;Costela;AM;0.0;0.0;0.0;Corrupti quisquam vitae quibusdam non labore error.;0.0;2.3;1
2058;!!!INVALID_DATA!!!;2003-11-13;7;11;1060.78;1.0;Azevedo do Campo;ES;0.0;1.0;0.0;Id consequuntur voluptatum dicta numquam perferendis amet.;66.67;5.56;5
2059;Heloisa da Luz;1994-11-22;8;18;1680.09;1.0;Novais das Pedras;DF;1.0;1.0;0.0;Et optio officia aperiam magnam.;40.0;5.9;4
2060;Lorenzo Castro;2003-09-23;2;1;3500.32;0.0;Ribeiro;RS;1.0;0.0;1.0;;100.0;4.48;2
2061;Luana Moraes;2001-11-11;2;3;4306.98;0.0;Souza de Cardoso;RO;0.0;0.0;0.0;;25.0;8.51;1
2062;!!!INVALID_DATA!!!;2003-03-17;1;6;0.0;1.0;Sousa;MS;0.0;1.0;;Eos sequi molestiae.;50.0;2.35;3
2063;Mateus Gomes;2001-06-22;3;19;1364.29;0.0;XXXXXXXXXXXXXXXXXXXXXXXXXXXXXXXXXXXXXXXXXXXXXXXXXXXXXXXXXXXX;RO;0.0;1.0;0.0;Facere possimus laborum qui illum dolor veniam accusamus.;0.0;;0
2064;Felipe Gonçalves;1996-01-16;7;19;4632.36;1.0;Camargo de Rios;AP;1.0;0.0;0.0;;75.0;4.97;1
2065;Ana Clara Pires;2005-01-07;10;11;685.63;0.0;Nogueira;RJ;1.0;0.0;0.0;;20.0;4.95;3
2066;Mariah Rocha;1998-06-19;9;11;3050.17;0.0;Araújo das Flores;XX;1.0;1.0;0.0;;100.0;6.16;1
2067;Bella Almeida;2007-01-06;4;11;874.4;0.0;Vieira;SP;0.0;0.0;1.0;Iusto beatae assumenda ullam optio.;;0.17;1
2068;Henry Pereira;2002-03-07;6;12;4979.72;1.0;Correia;SP;0.0;1.0;0.0;;0.0;3.0;2
2069;Dra. Beatriz Fogaça;2001-11-20;10;17;1152.07;0.0;da Paz;AM;1.0;1.0;1.0;;66.67;7.01;1
2070;Emanuelly Moreira;;10;19;1248.92;0.0;Camargo;CE;0.0;0.0;1.0;;33.33;6.37;3
2071;Maria Julia Rodrigues;2006-12-05;9;2;2129.75;0.0;Jesus de Teixeira;RS;1.0;1.0;1.0;;50.0;6.86;3
2072;Sr. Luiz Felipe Souza;;9;17;2751.83;;da Rosa;MA;1.0;0.0;0.0;;66.67;;0
2073;Leonardo Ramos;2005-12-16;9;5;3745.51;1.0;Silva de Camargo;;1.0;0.0;0.0;;66.67;7.45;3
2074;Sra. Maria Cecília Albuquerque;1998-01-15;8;5;4441.43;1.0;Rodrigues;PE;0.0;0.0;1.0;Excepturi consequuntur eligendi deleniti officiis non rerum.;0.0;;0
2075;Rodrigo Caldeira;2004-05-18;1;1;4916.33;0.0;Costela;MA;0.0;0.0;1.0;;100.0;9.12;1
2076;Maria Luiza Borges;2000-06-10;7;16;635.36;0.0;Farias da Prata;RN;0.0;0.0;1.0;;100.0;1.6;1
2077;Maria Isis Mendes;1999-02-12;8;9;2839.56;1.0;Cunha;MS;0.0;1.0;0.0;;50.0;0.17;1
2078;Benjamim Ribeiro;;4;2;4209.04;1.0;Gomes;AC;0.0;0.0;0.0;Commodi numquam modi harum unde dolor possimus.;33.33;4.62;1
2079;XXXXXXXXXXXXXXXXXXXXXXXXXXXXXXXXXXXXXXXXXXXXXXXXXXXXXXXXXXXXXXXXXXXXXXXXXXXXXXXXXXXXXXXXXXXXXXXXXXXXXXXXXXXXXX;1996-08-07;9;16;4832.87;1.0;Novaes;MA;1.0;1.0;0.0;;50.0;2.64;1
2080;Gabriel Caldeira;2002-05-30;1;7;599.65;1.0;Ramos Paulista;MG;1.0;0.0;0.0;;;4.86;4
2081;Sra. Maria Júlia Dias;2006-05-12;2;1;3393.84;0.0;Nogueira Alegre;PR;0.0;0.0;0.0;;100.0;2.35;2
2082;Heloisa Cavalcante;1996-07-12;6;17;0.0;0.0;Carvalho de Minas;RN;0.0;0.0;1.0;;0.0;1.46;2
2083;João Pedro Nascimento;2004-02-21;2;1;3115.48;0.0;Jesus das Flores;RO;0.0;0.0;;Saepe mollitia libero quod.;60.0;8.52;1
2084;Srta. Alexia Lima;1999-01-05;2;10;1630.71;0.0;;MS;0.0;0.0;0.0;;66.67;;0
2085;Sr. Levi Pastor;1999-06-20;10;15;2690.09;0.0;Azevedo do Sul;AC;1.0;0.0;1.0;Occaecati necessitatibus sit voluptate dicta vero occaecati quo.;100.0;3.39;1
2086;Emanuelly Barbosa;1996-02-05;6;14;2926.18;0.0;Cavalcante de Minas;MG;1.0;1.0;1.0;;80.0;4.96;3
2087;Eduardo da Paz;2005-11-04;1;17;1154.05;0.0;da Luz;MT;1.0;0.0;;;75.0;8.94;1
2088;João Gabriel Macedo;;8;5;3182.11;0.0;Lima de Lima;RJ;1.0;0.0;0.0;;85.71;9.39;1
2089;Maria Liz Cassiano;1998-08-06;2;9;4791.64;0.0;Farias da Praia;RR;0.0;1.0;0.0;;80.0;;0
2090;Mariane Sales;2004-09-28;7;10;2621.94;0.0;Brito;ES;0.0;1.0;0.0;Nisi maxime odio ad.;100.0;2.24;2
2091;André Macedo;1995-08-13;7;2;3072.66;1.0;Rios;DF;0.0;;;;22.22;;0
2092;Ravy Porto;1998-12-02;8;4;3807.86;0.0;XXXXXXXXXXXXXXXXXXXXXXXXXXXXXXXXXXXXXXXXXXXXXXXXXXXXXXXXXXXX;;0.0;0.0;0.0;;44.44;;0
2093;Theodoro da Paz;1998-09-25;10;7;1669.77;0.0;Moura;DF;1.0;1.0;1.0;;;3.11;2
2094;Clarice Nascimento;1997-06-30;10;17;2200.52;0.0;Viana de Costa;MG;0.0;0.0;0.0;XXXXXXXXXXXXXXXXXXXXXXXXXXXXXXXXXXXXXXXXXXXXXXXXXXXXXXXXXXXXXXXXXXXXXXXXXXXXXXXXXXXXXXXXXXXXXXXXXXXXXXXXXXXXXXXXXXXXXXXXXXXXXXXXXXXXXXXXXXXXXXXXXXXXXXXXXXXXXXXXXXXXXXXXXXXXXXXXXXXXXXXXXXXXXXXXXXXXXXXXXXXXXXXXXX;100.0;1.53;3
2095;Maria Helena Nascimento;2000-01-17;7;15;572.54;1.0;Montenegro;DF;0.0;1.0;0.0;;50.0;4.01;2
2096;Arthur Mendes;2002-07-15;7;19;4088.99;0.0;Cardoso Grande;PI;0.0;1.0;0.0;;;7.05;2
2097;Sofia da Cunha;1997-05-07;3;15;3306.29;1.0;Costa de Cassiano;DF;1.0;0.0;1.0;;50.0;7.55;2
2098;Antonella Martins;2006-08-12;8;3;980.84;0.0;!!!INVALID_DATA!!!;MG;1.0;1.0;1.0;;50.0;2.37;2
2099;Lucas Vieira;2003-10-09;6;8;3552.47;0.0;da Costa dos Dourados;RS;1.0;0.0;0.0;;57.14;2.64;2
2100;Sofia Campos;;7;3;3603.86;0.0;Nogueira;DF;1.0;0.0;0.0;;50.0;4.05;1
2101;Valentim Siqueira;1996-01-07;1;1;3671.69;1.0;da Rosa da Serra;XX;1.0;0.0;0.0;;33.33;2.8;4
2102;Dr. João Vitor da Rocha;2003-02-23;1;2;1943.23;1.0;Costela do Amparo;DF;0.0;1.0;0.0;;100.0;6.46;1
2103;Marcos Vinicius da Conceição;1996-01-01;7;7;3809.5;1.0;Vasconcelos;MA;0.0;0.0;1.0;;66.67;8.47;1
2104;XXXXXXXXXXXXXXXXXXXXXXXXXXXXXXXXXXXXXXXXXXXXXXXXXXXXXXXXXXXXXXXXXXXXXXXXXXXXXXXXXXXXXXXXXXXXXXXXXXXXXXXXXXXXXX;2001-03-05;5;18;1089.03;;Peixoto;PB;0.0;1.0;0.0;!!!INVALID_DATA!!!;75.0;9.88;1
2105;;1998-10-28;5;2;4079.39;1.0;Andrade;RS;1.0;1.0;1.0;;66.67;5.09;1
2106;Camila Viana;2000-12-12;6;9;1688.45;1.0;Gonçalves de Minas;PB;;0.0;0.0;A excepturi hic possimus vitae voluptatem mollitia.;100.0;5.8;4
2107;Maysa Fogaça;2002-08-01;10;8;3659.3;1.0;Sousa de Pinto;AC;1.0;0.0;0.0;;0.0;7.92;2
2108;Nathan Almeida;2002-07-23;9;1;2859.76;1.0;Campos dos Dourados;MG;0.0;0.0;1.0;;66.67;7.26;2
2109;Evelyn Ramos;1998-08-01;4;18;4445.03;0.0;Vasconcelos;PB;1.0;0.0;1.0;;75.0;1.19;1
2110;Luiz Henrique Caldeira;1995-02-27;5;9;4826.82;1.0;Melo;PR;1.0;0.0;1.0;;25.0;5.26;2
2111;Lorena Aparecida;1998-02-26;7;15;3059.04;0.0;Borges;XX;1.0;0.0;1.0;!!!INVALID_DATA!!!;0.0;7.2;2
2112;Breno Casa Grande;1995-10-10;9;3;548.47;;Novaes;PA;1.0;1.0;0.0;;25.0;4.61;1
2113;Melissa Camargo;2002-03-07;3;7;2295.63;1.0;Nunes;ES;0.0;0.0;;;100.0;;0
2114;Otto Silveira;;8;7;1261.82;1.0;Gonçalves do Amparo;PA;1.0;0.0;1.0;;40.0;5.82;1
2115;Emanuelly Camargo;2006-12-24;1;5;715.95;1.0;da Paz das Pedras;MG;1.0;1.0;1.0;;40.0;6.69;1
2116;Maria Isis Almeida;1998-01-21;8;7;2672.68;1.0;das Neves;BA;1.0;1.0;1.0;;33.33;4.94;3
2117;Manuela Marques;1995-09-05;3;6;949.99;1.0;Araújo do Amparo;;1.0;0.0;0.0;;0.0;8.55;1
2118;Natália Melo;1996-12-24;5;17;2391.02;1.0;da Costa de Jesus;PA;0.0;0.0;0.0;;100.0;;0
2119;;2005-10-20;1;1;3051.15;0.0;Aragão das Flores;RN;1.0;;1.0;;33.33;2.11;2
2120;Nicolas Pereira;2006-07-26;3;16;0.0;0.0;Rezende dos Dourados;AL;0.0;1.0;1.0;;0.0;3.59;2
2121;Isabel Aparecida;2001-07-02;7;14;4568.35;1.0;Peixoto;DF;1.0;0.0;1.0;;50.0;6.63;2
2122;Zoe Cirino;2005-11-08;9;13;4073.57;0.0;Porto;PI;1.0;0.0;0.0;;0.0;3.43;1
2123;Gustavo Henrique Rodrigues;2005-09-22;8;9;1753.14;1.0;Sales dos Dourados;PE;1.0;0.0;0.0;Vel dolorum error ea.;50.0;4.31;2
2124;Dr. Pietro Souza;2006-03-13;3;8;3197.58;1.0;da Conceição;SC;1.0;0.0;1.0;Nisi voluptatum non dicta unde assumenda aliquam.;50.0;4.8;2
2125;Murilo Sales;1995-10-29;9;18;3104.91;0.0;Marques de Fernandes;BA;1.0;1.0;1.0;;0.0;5.05;2
2126;Antônio Teixeira;2000-11-02;3;7;2108.44;0.0;Pacheco das Pedras;MA;0.0;0.0;0.0;;50.0;;0
2127;Dr. Nathan Rezende;2001-06-22;2;13;3875.28;0.0;Rocha;RN;1.0;1.0;1.0;;0.0;7.61;1
2128;Sofia Nascimento;2003-07-03;1;11;3363.09;0.0;Câmara;SC;1.0;1.0;0.0;;50.0;2.4;1
2129;Laís Monteiro;1999-02-04;9;16;971.72;0.0;Ferreira de Machado;PI;0.0;0.0;0.0;;66.67;2.68;2
2130;Melina Casa Grande;1996-10-26;10;1;2086.33;1.0;Camargo;RJ;1.0;;1.0;;50.0;3.14;1
2131;Mariah Campos;1996-05-31;4;5;1561.8;0.0;Teixeira;MT;0.0;0.0;1.0;;60.0;2.09;4
2132;Pietra Cassiano;2003-04-11;4;20;3708.9;1.0;Fogaça;MT;0.0;1.0;0.0;;50.0;3.21;2
2133;Dra. Maria Helena da Cruz;1998-01-05;6;9;3767.38;1.0;Rocha;PA;1.0;1.0;0.0;;50.0;4.51;3
2134;Eduardo da Costa;2000-02-24;3;3;4662.87;0.0;Campos;AP;1.0;1.0;0.0;!!!INVALID_DATA!!!;75.0;;0
2135;Breno Sá;1994-05-04;10;14;1694.69;0.0;Nascimento;GO;1.0;;0.0;;50.0;2.72;1
2136;Maria Helena Costela;2002-08-26;2;19;3282.34;0.0;Novaes;MA;0.0;1.0;1.0;;0.0;;0
2137;Carolina Aparecida;1997-03-01;6;2;1038.79;1.0;Jesus Alegre;PB;0.0;0.0;0.0;;80.0;2.92;2
2138;Allana Vieira;2004-06-22;4;10;1602.58;1.0;Campos de Goiás;SE;0.0;0.0;;;50.0;3.95;3
2139;Maria Helena Costa;2006-03-01;7;10;2468.15;1.0;Andrade Paulista;ES;0.0;0.0;1.0;;75.0;4.84;5
2140;Sr. Vinicius Albuquerque;1996-11-21;9;18;3854.57;0.0;Peixoto Alegre;RO;0.0;0.0;1.0;;66.67;7.59;2
2141;Alana Montenegro;;3;14;2031.93;0.0;XXXXXXXXXXXXXXXXXXXXXXXXXXXXXXXXXXXXXXXXXXXXXXXXXXXXXXXXXXXX;TO;1.0;1.0;0.0;;20.0;6.8;2
2142;;2000-02-25;2;14;2432.98;1.0;Farias;XX;0.0;1.0;0.0;;100.0;3.19;2
2143;Sr. Yuri Santos;1996-05-31;7;10;1669.54;0.0;XXXXXXXXXXXXXXXXXXXXXXXXXXXXXXXXXXXXXXXXXXXXXXXXXXXXXXXXXXXX;RR;0.0;1.0;1.0;;0.0;;0
2144;;1997-07-12;4;10;2645.08;0.0;Carvalho;;1.0;1.0;1.0;Nostrum expedita ratione nesciunt sed hic.;0.0;8.0;2
2145;Bryan Lima;2005-11-08;6;12;;1.0;Lopes da Prata;SE;0.0;0.0;0.0;;75.0;5.03;1
2146;Ravi Costa;2000-05-23;4;18;2907.25;0.0;Andrade de Rezende;;1.0;1.0;0.0;;0.0;9.0;1
2147;Bruna Cassiano;2000-12-02;7;12;4984.52;0.0;Novaes;SP;0.0;0.0;0.0;;40.0;6.22;4
2148;Heloísa Barbosa;1998-04-03;5;16;3761.5;1.0;Cirino;AM;1.0;0.0;0.0;;75.0;5.24;3
2149;Henry Gabriel Silveira;2002-02-26;1;4;4309.65;0.0;Caldeira;PA;0.0;0.0;1.0;;60.0;7.97;2
2150;Enrico Rodrigues;2004-09-26;8;6;1829.71;1.0;;PB;0.0;0.0;0.0;;16.67;;0
2151;Cauã Rios;2001-11-16;2;15;4882.84;0.0;Castro;;0.0;1.0;0.0;;50.0;3.9;2
2152;Juan Almeida;2004-09-26;2;8;1830.12;1.0;Pacheco da Praia;MG;0.0;;0.0;Deleniti quis vitae fugit ut.;25.0;9.36;1
2153;Vitor Hugo Moura;2003-10-01;5;6;3444.57;0.0;Rezende;SP;1.0;1.0;0.0;;33.33;2.23;2
2154;Daniel Albuquerque;2001-08-23;2;19;3915.16;0.0;Sousa;PB;1.0;1.0;0.0;;0.0;7.77;2
2155;Sr. Benjamin Pimenta;1997-09-14;10;17;2436.15;1.0;Rios Verde;PI;0.0;0.0;0.0;Debitis amet incidunt architecto expedita.;0.0;;0
2156;Dra. Julia Sales;2001-12-30;1;3;764.26;0.0;Freitas;MT;1.0;0.0;1.0;Explicabo voluptas consequatur facilis magni porro.;57.14;1.23;1
2157;Diogo Gonçalves;1997-08-10;4;16;1421.97;1.0;XXXXXXXXXXXXXXXXXXXXXXXXXXXXXXXXXXXXXXXXXXXXXXXXXXXXXXXXXXXX;ES;1.0;0.0;1.0;;20.0;4.43;2
2158;Zoe Farias;2000-06-20;1;20;2176.17;0.0;Moraes;PB;1.0;1.0;1.0;;75.0;6.69;1
2159;Anna Liz da Rosa;1995-10-20;6;11;2050.49;1.0;Almeida do Amparo;PE;0.0;0.0;1.0;;100.0;5.14;1
2160;Mateus Nascimento;1994-11-06;2;10;512.39;0.0;Castro Grande;SP;;;1.0;;50.0;6.82;2
2161;Sra. Gabrielly Vieira;1995-12-09;8;3;756.95;0.0;Brito;BA;1.0;0.0;1.0;;50.0;3.18;2
2162;Liam da Rocha;1998-09-08;4;14;3552.13;1.0;das Neves;MS;0.0;1.0;1.0;Possimus unde voluptatem consectetur.;100.0;8.54;1
2163;Alícia Vieira;1999-07-07;3;11;4939.63;0.0;Souza;PR;1.0;1.0;0.0;Blanditiis dolorum officia.;20.0;6.28;1
2164;Julia Brito;;5;17;;0.0;Pinto de Mendes;;0.0;1.0;1.0;Totam reprehenderit deleniti voluptatum excepturi nesciunt.;16.67;8.03;3
2165;Isaac Pacheco;2006-08-26;6;12;4468.87;0.0;Barbosa;SC;1.0;1.0;1.0;;;4.9;1
2166;;2006-02-24;1;6;2398.71;1.0;da Rocha de da Paz;RO;;0.0;1.0;;66.67;6.68;2
2167;Cauã Mendonça;1997-11-27;2;3;1660.64;0.0;Araújo;AM;0.0;0.0;1.0;;50.0;2.22;2
2168;Isis Barros;1998-04-27;1;3;0.0;1.0;da Cunha;;1.0;1.0;0.0;;66.67;3.27;2
2169;!!!INVALID_DATA!!!;2000-02-04;4;10;4150.82;1.0;Cunha do Galho;MT;0.0;1.0;1.0;;0.0;2.43;1
2170;Maria Vitória Sá;2004-02-28;6;14;2030.16;0.0;Alves das Pedras;DF;0.0;1.0;1.0;;66.67;5.98;2
2171;Srta. Brenda Duarte;2003-04-12;1;5;4835.0;1.0;da Costa do Oeste;AC;1.0;;1.0;;33.33;8.6;1
2172;Rhavi da Luz;2001-01-02;7;18;4496.97;1.0;Melo;PB;1.0;1.0;0.0;;50.0;2.35;3
2173;Pietra Rios;2004-04-16;8;19;3757.56;1.0;da Mota do Amparo;RS;1.0;0.0;0.0;Blanditiis possimus laborum animi.;0.0;;0
2174;Mariana Abreu;1994-09-18;6;3;3572.78;1.0;da Mota de Nogueira;GO;1.0;1.0;1.0;;0.0;0.25;1
2175;Sra. Luara Sampaio;2001-05-02;7;1;3796.36;0.0;Albuquerque;MS;1.0;1.0;1.0;;0.0;4.54;2
2176;Maria Eduarda Freitas;2001-01-09;4;11;547.59;1.0;Moura das Pedras;MA;1.0;0.0;1.0;;0.0;4.93;3
2177;!!!INVALID_DATA!!!;2004-04-09;6;9;2120.3;0.0;Machado Verde;PB;1.0;0.0;0.0;;66.67;6.75;1
2178;Eloah Lopes;1995-12-06;5;9;858.39;1.0;Santos da Praia;!!;1.0;0.0;1.0;;100.0;8.75;2
2179;Yago Souza;1996-10-02;3;13;4767.12;1.0;Vasconcelos;MS;0.0;1.0;0.0;Nesciunt illo culpa itaque.;22.22;2.52;2
2180;Isis Ferreira;1997-08-04;7;17;4326.06;;Vieira de Fernandes;RR;0.0;0.0;1.0;Modi reiciendis exercitationem nulla adipisci atque.;66.67;;0
2181;Marcelo Castro;1999-11-03;7;3;4239.81;0.0;Brito de Cunha;AM;0.0;1.0;0.0;;37.5;;0
2182;Antônio Silveira;1996-02-12;5;15;0.0;0.0;da Cruz;SC;1.0;1.0;0.0;;0.0;6.47;3
2183;Ryan Sales;1998-07-31;3;20;3508.68;1.0;Caldeira;RO;0.0;1.0;1.0;;50.0;0.75;1
2184;Ravi Lucca Santos;1999-10-18;8;3;3921.26;0.0;Melo;DF;0.0;1.0;0.0;;71.43;6.29;1
2185;Vitória da Paz;1995-08-25;9;11;2002.39;0.0;Aragão da Mata;CE;0.0;0.0;1.0;;50.0;6.89;2
2186;Ana Luiza Carvalho;1999-11-03;6;3;2502.57;0.0;Nascimento de Dias;RO;;1.0;1.0;XXXXXXXXXXXXXXXXXXXXXXXXXXXXXXXXXXXXXXXXXXXXXXXXXXXXXXXXXXXXXXXXXXXXXXXXXXXXXXXXXXXXXXXXXXXXXXXXXXXXXXXXXXXXXXXXXXXXXXXXXXXXXXXXXXXXXXXXXXXXXXXXXXXXXXXXXXXXXXXXXXXXXXXXXXXXXXXXXXXXXXXXXXXXXXXXXXXXXXXXXXXXXXXXXX;55.56;8.62;1
2187;Maria Cecília Gonçalves;1995-02-19;3;20;4844.72;1.0;Aragão Alegre;RJ;0.0;0.0;1.0;Ea possimus temporibus repudiandae.;33.33;4.22;1
2188;Henry Gabriel Camargo;1998-05-03;9;1;3860.52;1.0;XXXXXXXXXXXXXXXXXXXXXXXXXXXXXXXXXXXXXXXXXXXXXXXXXXXXXXXXXXXX;;1.0;0.0;0.0;;50.0;1.97;1
2189;Hadassa Freitas;1999-12-21;10;17;1414.94;0.0;Pastor;RJ;;1.0;0.0;;40.0;7.02;2
2190;Alícia Ribeiro;2002-04-24;10;18;4099.77;0.0;Brito;RR;0.0;0.0;0.0;;50.0;8.6;1
2191;Dr. Arthur Oliveira;1994-04-30;5;16;3644.08;1.0;Guerra;SC;0.0;1.0;1.0;Facere quia iusto unde est.;50.0;3.68;2
2192;Aurora Novais;2000-09-24;10;15;4844.8;1.0;Caldeira das Pedras;SP;1.0;0.0;0.0;A a perferendis occaecati.;75.0;3.43;3
2193;Leonardo da Rosa;2002-10-10;1;10;2654.3;;Rodrigues do Amparo;SC;0.0;0.0;0.0;;0.0;7.55;2
2194;Marina Vargas;1996-06-28;10;10;2844.92;0.0;da Paz das Flores;SC;1.0;1.0;0.0;;100.0;8.08;1
2195;Dom Moura;2002-01-17;3;4;4690.39;0.0;Alves do Oeste;SE;1.0;0.0;0.0;;0.0;5.2;1
2196;Apollo Almeida;1997-11-15;8;12;2068.46;1.0;Macedo do Campo;MG;1.0;1.0;0.0;;50.0;2.89;2
2197;Lívia Pires;2001-06-15;8;12;4387.32;0.0;Monteiro;MG;0.0;1.0;;;100.0;4.54;2
2198;Lara Porto;2005-07-02;8;1;3001.56;0.0;Cunha Verde;AM;;1.0;0.0;;50.0;;0
2199;Luiza Pacheco;2005-03-12;8;2;1091.62;1.0;Pires de Goiás;GO;0.0;1.0;1.0;;25.0;;0
2200;Otto da Rocha;2004-10-18;10;11;1748.91;0.0;Viana do Sul;SP;0.0;0.0;0.0;;100.0;8.81;1
2201;Srta. Larissa Montenegro;2006-06-30;8;6;3429.4;0.0;Mendes do Campo;SC;0.0;1.0;1.0;;25.0;2.76;2
2202;Arthur Machado;1997-11-29;2;10;1171.66;1.0;Montenegro;PE;0.0;1.0;1.0;;40.0;3.21;2
2203;Ana Clara Aragão;2001-07-18;4;18;4890.54;1.0;Correia;PR;0.0;0.0;1.0;;33.33;;0
2204;Bruno Souza;2003-06-02;3;13;4363.75;0.0;Abreu;CE;1.0;0.0;0.0;;42.86;3.91;4
2205;Heloísa Cardoso;1997-04-22;7;19;3380.52;0.0;Pires;RN;1.0;0.0;0.0;Accusantium mollitia aliquid quae.;100.0;8.46;1
2206;Marcos Vinicius Marques;2002-05-18;10;17;1838.26;1.0;Cunha;AM;1.0;0.0;1.0;Numquam minus possimus asperiores.;50.0;6.05;1
2207;Isabella Correia;2004-07-04;3;13;4665.02;0.0;da Luz dos Dourados;MT;1.0;1.0;0.0;;0.0;;0
2208;;2002-11-19;8;13;;1.0;Pinto Verde;AM;0.0;1.0;0.0;;50.0;2.62;4
2209;Ana Clara da Rocha;2002-07-19;3;16;597.78;0.0;Teixeira;RO;1.0;0.0;1.0;;33.33;5.01;1
2210;Sra. Ana Beatriz Andrade;1995-07-11;10;6;3756.09;0.0;Barros;MT;1.0;0.0;1.0;;40.0;6.3;4
2211;Yan Moraes;1999-04-27;2;16;1058.52;0.0;Fernandes do Amparo;PR;1.0;1.0;;XXXXXXXXXXXXXXXXXXXXXXXXXXXXXXXXXXXXXXXXXXXXXXXXXXXXXXXXXXXXXXXXXXXXXXXXXXXXXXXXXXXXXXXXXXXXXXXXXXXXXXXXXXXXXXXXXXXXXXXXXXXXXXXXXXXXXXXXXXXXXXXXXXXXXXXXXXXXXXXXXXXXXXXXXXXXXXXXXXXXXXXXXXXXXXXXXXXXXXXXXXXXXXXXXX;100.0;;0
2212;Samuel da Paz;1995-01-14;6;17;2500.29;0.0;Sá das Pedras;MA;0.0;1.0;1.0;Possimus deleniti tempore nemo atque consequuntur.;0.0;;0
2213;Anthony Gabriel Fernandes;2004-08-27;2;5;0.0;0.0;da Conceição do Sul;PE;1.0;0.0;;;40.0;6.19;4
2214;Sr. Guilherme Casa Grande;1996-08-07;1;5;4012.25;1.0;Silveira;RN;1.0;1.0;1.0;;40.0;7.34;1
2215;Oliver da Conceição;1996-08-27;2;7;1685.69;0.0;!!!INVALID_DATA!!!;AM;0.0;1.0;0.0;Fuga earum quas eveniet possimus sunt.;0.0;5.62;2
2216;Srta. Cecília Andrade;2004-06-07;7;6;3174.01;0.0;Peixoto das Flores;AM;0.0;0.0;0.0;;33.33;4.61;4
2217;Juan Aparecida;1999-04-11;10;8;2437.55;0.0;Caldeira de Ramos;PB;1.0;1.0;1.0;;75.0;1.71;3
2218;Francisco da Rosa;2000-02-12;4;8;2271.01;1.0;Castro;AL;1.0;0.0;1.0;;100.0;4.32;7
2219;Dra. Bella Silva;1996-10-12;1;8;1847.44;0.0;Pacheco;AL;1.0;0.0;0.0;Cupiditate excepturi quam numquam libero vel doloribus.;100.0;5.02;3
2220;Carolina Borges;;6;17;1142.44;0.0;Vasconcelos Alegre;RS;0.0;0.0;0.0;;50.0;;0
2221;Brenda Abreu;1998-07-11;3;9;1199.74;0.0;Castro Paulista;BA;0.0;0.0;1.0;;66.67;;0
2222;Srta. Ana Liz Melo;1997-07-14;6;4;603.04;1.0;Guerra do Sul;MG;0.0;0.0;1.0;;100.0;8.52;3
2223;Murilo Carvalho;1997-11-24;6;11;3709.02;1.0;Novais;MG;0.0;1.0;1.0;;50.0;6.04;2
2224;Gustavo Pires;2002-06-26;9;18;2104.66;1.0;Alves;TO;0.0;1.0;1.0;;33.33;;0
2225;!!!INVALID_DATA!!!;2005-10-02;9;15;2915.47;0.0;Oliveira;RR;0.0;1.0;0.0;;100.0;6.49;1
2226;Luiz Felipe Campos;1994-09-02;4;11;4122.67;0.0;Melo da Prata;AC;1.0;1.0;1.0;;75.0;6.9;4
2227;André Borges;2004-09-27;6;15;1469.01;0.0;Sampaio da Mata;SP;1.0;1.0;0.0;;60.0;;0
2228;Luiz Otávio Rocha;2001-09-17;5;11;4320.38;1.0;Moraes;MT;1.0;;0.0;Ut vel nemo expedita ad nisi.;33.33;7.7;1
2229;Vitor Hugo Alves;2005-07-11;1;11;1572.1;1.0;Fonseca;MA;0.0;0.0;1.0;;100.0;9.01;2
2230;Vitor Vasconcelos;2000-07-15;7;20;3913.96;1.0;Fogaça;;1.0;0.0;1.0;Accusantium omnis fuga velit provident quod.;50.0;6.19;4
2231;Otávio Garcia;2005-08-05;6;10;546.7;0.0;Almeida;!!;1.0;0.0;0.0;;0.0;6.57;2
2232;Davi Lucca Vargas;1999-12-09;8;3;598.14;1.0;Costela;RN;1.0;0.0;0.0;;0.0;7.55;1
2233;Ana Luiza Andrade;2006-11-27;4;5;4999.82;0.0;Oliveira de Goiás;RN;1.0;0.0;0.0;Inventore amet ipsam.;40.0;9.21;1
2234;Esther Rios;2006-10-21;10;6;3052.7;1.0;Cunha;ES;;1.0;1.0;;0.0;1.97;1
2235;Anthony da Costa;2000-10-15;10;14;913.83;0.0;Novais dos Dourados;SP;1.0;;1.0;;50.0;;0
2236;Lara Melo;;10;9;1286.23;0.0;Novais;SE;0.0;0.0;1.0;;40.0;4.75;4
2237;Eduardo Borges;2006-09-26;7;14;629.75;1.0;Camargo;CE;1.0;0.0;0.0;;0.0;5.17;1
2238;Caleb Fonseca;1995-02-27;8;4;1598.66;1.0;Almeida das Flores;RR;0.0;1.0;0.0;Eius est optio dolorem beatae.;;5.2;2
2239;XXXXXXXXXXXXXXXXXXXXXXXXXXXXXXXXXXXXXXXXXXXXXXXXXXXXXXXXXXXXXXXXXXXXXXXXXXXXXXXXXXXXXXXXXXXXXXXXXXXXXXXXXXXXXX;1996-10-27;3;7;1191.72;1.0;Lopes;AM;1.0;0.0;0.0;;0.0;8.23;1
2240;Pietra Freitas;1997-05-29;10;9;4396.82;1.0;;AM;1.0;0.0;0.0;;100.0;7.88;4
2241;Dr. José Miguel Alves;1998-09-02;5;2;2806.55;0.0;Santos;MS;1.0;;1.0;Voluptatem temporibus sit et reprehenderit.;50.0;;0
2242;Antônio Mendes;1997-01-21;3;4;1006.31;0.0;Gomes;AC;1.0;0.0;;;33.33;;0
2243;Luiz Gustavo da Rocha;2005-08-19;7;19;4535.24;0.0;Lopes da Praia;AP;0.0;1.0;1.0;;33.33;3.21;2
2244;Leandro Rocha;2000-11-09;5;6;4038.25;1.0;Borges;RJ;0.0;0.0;0.0;;0.0;6.14;3
2245;Mariah Pires;1999-12-29;3;18;3351.04;1.0;Martins;PA;0.0;0.0;0.0;Magni ipsum consequuntur rerum.;75.0;2.33;1
2246;Ana Sophia Jesus;2001-10-01;9;20;2358.39;0.0;Souza;SC;0.0;1.0;0.0;Reiciendis reprehenderit eaque vitae voluptatibus.;0.0;6.76;1
2247;Isabella Peixoto;2004-05-02;5;13;1276.65;0.0;Machado da Mata;PB;1.0;0.0;0.0;;50.0;3.0;1
2248;Anna Liz Nunes;2002-10-24;6;16;3767.89;0.0;Garcia;PI;;0.0;1.0;;80.0;;0
2249;Sr. Valentim Araújo;1994-09-18;2;16;0.0;0.0;Costela de Dias;PA;0.0;0.0;1.0;;100.0;4.26;3
2250;Maria Eduarda Câmara;1998-01-02;3;9;;0.0;Cavalcanti de Azevedo;AM;0.0;0.0;0.0;;33.33;;0
2251;Cauê Barbosa;;2;6;2386.93;0.0;Cardoso;AL;1.0;0.0;1.0;;25.0;4.74;3
2252;Dr. Lucas da Costa;1996-04-08;6;13;4043.18;0.0;Aparecida de Minas;CE;1.0;0.0;1.0;;50.0;;0
2253;Fernando Casa Grande;2000-09-11;5;1;2755.82;1.0;Rocha do Amparo;SC;1.0;1.0;0.0;;100.0;4.06;3
2254;Allana Sampaio;2001-06-25;9;5;;0.0;Câmara;;1.0;1.0;0.0;;33.33;6.49;3
2255;João Lucas Montenegro;1994-11-30;5;19;2806.42;1.0;Ferreira das Flores;SC;0.0;0.0;1.0;;100.0;3.34;1
2256;Isaque Nogueira;2003-12-05;4;4;3384.59;0.0;!!!INVALID_DATA!!!;!!;0.0;1.0;1.0;;50.0;;0
2257;Henry Oliveira;2000-08-08;4;7;4768.86;0.0;Novaes;XX;1.0;1.0;0.0;Suscipit reprehenderit voluptatibus quibusdam assumenda dolore.;60.0;4.52;3
2258;Thiago Pinto;2003-02-23;6;13;;1.0;Rezende Grande;GO;1.0;1.0;1.0;Et est ducimus repellendus nostrum dolores odio esse.;66.67;;0
2259;Luigi Ribeiro;2004-08-17;5;14;4960.73;1.0;Macedo do Amparo;RJ;1.0;0.0;1.0;;75.0;9.36;1
2260;Sophie Costa;2005-03-16;9;15;2951.14;1.0;Freitas Paulista;MS;0.0;;0.0;;100.0;;0
2261;Dr. Théo Jesus;2001-05-23;1;20;3815.58;1.0;Teixeira Grande;RS;0.0;0.0;1.0;;0.0;4.18;2
2262;Juan Duarte;2006-08-08;4;15;1699.5;1.0;da Mata;DF;0.0;;1.0;;33.33;0.97;1
2263;Olivia Cavalcanti;2001-08-08;4;3;4213.22;0.0;da Rosa;CE;1.0;1.0;0.0;;100.0;3.85;2
2264;Maria Helena Farias;2005-01-16;2;8;2305.31;1.0;Duarte;TO;0.0;0.0;1.0;;0.0;4.44;3
2265;XXXXXXXXXXXXXXXXXXXXXXXXXXXXXXXXXXXXXXXXXXXXXXXXXXXXXXXXXXXXXXXXXXXXXXXXXXXXXXXXXXXXXXXXXXXXXXXXXXXXXXXXXXXXXX;1999-06-06;6;2;2606.02;1.0;Leão de Fogaça;GO;0.0;1.0;0.0;;50.0;;0
2266;Valentim Mendonça;2001-11-06;5;18;1204.05;0.0;Sá de da Luz;MA;1.0;0.0;0.0;;25.0;4.73;3
2267;Ravy Marques;2001-05-08;5;17;822.76;1.0;Vasconcelos;RJ;0.0;1.0;1.0;;50.0;5.58;1
2268;Maria Alice Siqueira;2005-08-17;7;8;2036.77;1.0;XXXXXXXXXXXXXXXXXXXXXXXXXXXXXXXXXXXXXXXXXXXXXXXXXXXXXXXXXXXX;!!;1.0;0.0;0.0;;33.33;7.57;1
2269;Ana Luiza Melo;2004-07-09;8;3;0.0;1.0;Pereira do Sul;RR;0.0;1.0;1.0;Natus adipisci officia suscipit.;66.67;8.5;1
2270;Eduarda Borges;2005-11-16;10;16;1903.62;1.0;Araújo;ES;0.0;0.0;1.0;;;7.44;1
2271;XXXXXXXXXXXXXXXXXXXXXXXXXXXXXXXXXXXXXXXXXXXXXXXXXXXXXXXXXXXXXXXXXXXXXXXXXXXXXXXXXXXXXXXXXXXXXXXXXXXXXXXXXXXXXX;2005-09-27;9;7;1240.69;0.0;Garcia de Goiás;RS;0.0;1.0;1.0;;50.0;6.6;4
2272;Helena Caldeira;1996-04-14;1;5;955.3;1.0;Mendonça;RS;1.0;0.0;0.0;;100.0;6.17;4
2273;Srta. Clara Brito;1996-06-25;4;9;4320.94;1.0;Campos de Barros;PE;1.0;1.0;1.0;XXXXXXXXXXXXXXXXXXXXXXXXXXXXXXXXXXXXXXXXXXXXXXXXXXXXXXXXXXXXXXXXXXXXXXXXXXXXXXXXXXXXXXXXXXXXXXXXXXXXXXXXXXXXXXXXXXXXXXXXXXXXXXXXXXXXXXXXXXXXXXXXXXXXXXXXXXXXXXXXXXXXXXXXXXXXXXXXXXXXXXXXXXXXXXXXXXXXXXXXXXXXXXXXXX;66.67;4.83;3
2274;Samuel Barbosa;2000-12-22;6;18;3430.18;1.0;Garcia;PB;0.0;1.0;0.0;;50.0;;0
2275;Amanda Vargas;1997-08-14;2;2;1937.46;1.0;Pires de Garcia;MA;1.0;0.0;0.0;;50.0;6.5;5
2276;Igor Garcia;1995-03-08;5;2;620.83;1.0;Jesus de Pimenta;SC;1.0;0.0;0.0;;33.33;4.23;2
2277;Sr. Eduardo Nunes;2001-03-26;4;12;4929.88;1.0;Borges do Campo;ES;0.0;0.0;1.0;;50.0;4.22;3
2278;Ian Monteiro;2003-11-22;2;5;2843.77;0.0;Vargas;XX;1.0;0.0;1.0;;100.0;;0
2279;Pedro Lucas Pastor;1997-05-09;7;7;1948.1;0.0;Jesus;CE;0.0;1.0;1.0;;50.0;2.81;3
2280;Davi Luiz Fernandes;1994-07-18;3;20;1710.12;1.0;Vargas do Amparo;DF;0.0;0.0;0.0;;60.0;;0
2281;Henry Gabriel Barbosa;1994-08-01;2;15;3824.8;0.0;Fogaça;RS;1.0;1.0;0.0;;40.0;1.35;2
2282;Antonella Andrade;2005-08-13;8;1;544.28;0.0;Sousa de Costela;AL;1.0;1.0;1.0;Mollitia eum vel.;50.0;1.75;1
2283;Luiz Otávio Novaes;1995-09-04;2;19;0.0;1.0;Machado Grande;SE;0.0;1.0;1.0;Ipsa molestias repellat recusandae quidem.;100.0;3.42;4
2284;Ana Cecília da Mata;2002-02-18;8;2;4530.44;0.0;Silveira;RR;0.0;0.0;1.0;Repellat aperiam vel impedit iusto.;33.33;;0
2285;Danilo Sá;1994-05-06;4;13;3554.5;0.0;Azevedo do Galho;MS;1.0;1.0;0.0;;50.0;;0
2286;Raquel Garcia;2002-08-24;3;9;4980.03;0.0;Mendes;RO;0.0;1.0;0.0;;33.33;8.79;2
2287;Thomas Porto;2000-05-14;8;13;4754.93;0.0;!!!INVALID_DATA!!!;XX;0.0;1.0;1.0;;;2.87;2
2288;Sophie Moreira;1998-12-18;2;8;1615.08;1.0;Peixoto das Pedras;PB;1.0;1.0;1.0;;25.0;7.11;1
2289;Amanda Vieira;2002-07-26;8;15;1390.74;1.0;Cassiano de da Mata;!!;1.0;0.0;1.0;;40.0;6.48;2
2290;Maria Luiza Correia;2005-07-24;3;17;1171.38;0.0;Sousa de Goiás;PB;1.0;1.0;1.0;;50.0;;0
2291;João Campos;2006-11-09;6;8;1239.71;0.0;da Rosa;PR;0.0;0.0;1.0;;60.0;7.52;4
2292;;2004-08-06;10;19;3949.78;0.0;!!!INVALID_DATA!!!;MT;0.0;1.0;1.0;;100.0;5.9;2
2293;Ana Júlia Silveira;1999-01-08;5;15;1914.87;0.0;Albuquerque;SP;1.0;1.0;0.0;;20.0;;0
2294;João Vitor das Neves;2000-03-03;5;12;3384.23;1.0;Dias das Pedras;PA;1.0;1.0;1.0;Aspernatur recusandae sit harum quam.;25.0;1.07;1
2295;!!!INVALID_DATA!!!;2000-01-06;6;12;1277.97;0.0;XXXXXXXXXXXXXXXXXXXXXXXXXXXXXXXXXXXXXXXXXXXXXXXXXXXXXXXXXXXX;AP;0.0;0.0;1.0;Quam numquam dolor quos minima.;100.0;4.63;4
2296;Augusto Azevedo;2004-12-19;9;19;2342.12;1.0;Nunes;RO;1.0;1.0;0.0;;0.0;1.85;3
2297;Carolina Freitas;2000-12-25;1;3;3929.62;0.0;Dias;ES;0.0;1.0;0.0;;66.67;5.72;2
2298;Larissa Casa Grande;1997-09-07;6;13;994.71;0.0;Rocha;PA;0.0;0.0;0.0;;33.33;;0
2299;Maria Eduarda Monteiro;1996-09-18;2;9;1607.13;0.0;Albuquerque de Montenegro;PI;0.0;1.0;1.0;;75.0;5.15;1
2300;José Dias;1999-03-18;9;1;2864.91;1.0;Aparecida de Sousa;MA;1.0;0.0;0.0;;40.0;;0
2301;João Pedro da Rosa;1997-10-03;6;14;1623.58;1.0;Rodrigues;RS;1.0;0.0;0.0;;0.0;7.13;2
2302;Kaique Marques;1995-01-16;10;4;1868.46;1.0;Vargas do Sul;SE;1.0;1.0;0.0;Adipisci soluta ipsa ab aperiam.;0.0;2.49;2
2303;Caio Vargas;2006-02-21;5;14;1143.38;0.0;Novais do Sul;;0.0;0.0;0.0;;50.0;;0
2304;Dr. Marcelo Ribeiro;2002-08-13;6;5;4531.42;1.0;Moraes;RN;1.0;0.0;1.0;Exercitationem suscipit aspernatur expedita accusantium asperiores necessitatibus.;0.0;;0
2305;Levi Cirino;1995-11-19;4;18;2507.32;1.0;da Conceição;TO;0.0;1.0;1.0;;0.0;9.3;1
2306;Srta. Kamilly Câmara;1999-02-05;4;7;4159.77;0.0;Moura do Galho;BA;0.0;;1.0;;16.67;2.14;2
2307;Lorenzo Aragão;2003-11-26;3;3;4486.39;1.0;Borges;PA;1.0;1.0;0.0;;100.0;5.34;2
2308;Catarina Ramos;2002-12-29;5;12;3254.22;1.0;Carvalho;TO;1.0;1.0;0.0;;75.0;3.88;3
2309;Guilherme da Luz;1997-06-07;7;18;0.0;1.0;;AM;1.0;1.0;0.0;;50.0;;0
2310;Danilo Moreira;;5;16;1064.05;0.0;Fogaça do Galho;CE;1.0;0.0;0.0;;50.0;5.6;1
2311;Melissa Fogaça;2006-07-03;10;3;1967.3;0.0;da Paz;RS;1.0;1.0;1.0;;50.0;;0
2312;Mariane Caldeira;1999-07-29;6;19;3665.54;0.0;Azevedo Grande;RS;0.0;1.0;0.0;;25.0;;0
2313;Sra. Elisa Dias;2000-10-12;2;11;3858.99;0.0;!!!INVALID_DATA!!!;MS;1.0;0.0;1.0;;50.0;5.11;3
2314;Dr. Noah Siqueira;1996-04-02;8;5;3013.08;0.0;Novais do Sul;RO;1.0;1.0;1.0;;0.0;4.99;6
2315;Olívia Ferreira;2000-06-03;5;13;2678.12;0.0;!!!INVALID_DATA!!!;DF;1.0;0.0;0.0;;50.0;;0
2316;Hellena Sousa;2002-06-07;3;4;4739.99;;Pastor;CE;0.0;1.0;1.0;;80.0;2.09;1
2317;Srta. Maria Souza;1995-12-25;6;4;4494.25;0.0;;DF;0.0;0.0;1.0;Suscipit eos deserunt est labore libero ratione.;42.86;6.49;2
2318;Marcelo Dias;;3;10;4682.62;1.0;Brito de Garcia;MA;1.0;;1.0;;16.67;6.04;2
2319;;2002-06-26;6;1;3925.13;0.0;Silveira;MA;0.0;0.0;1.0;;0.0;6.41;4
2320;Kaique Rodrigues;;1;8;4498.23;0.0;Leão;SP;0.0;1.0;1.0;;50.0;6.79;2
2321;Ana Julia da Mata;2000-11-17;2;15;0.0;0.0;;AP;1.0;1.0;1.0;;;0.63;1
2322;Dra. Lorena Araújo;2005-05-20;9;2;2240.04;0.0;Gonçalves;SE;0.0;0.0;1.0;;;4.2;2
2323;Maria Sophia Vieira;1995-07-02;5;2;1824.59;1.0;XXXXXXXXXXXXXXXXXXXXXXXXXXXXXXXXXXXXXXXXXXXXXXXXXXXXXXXXXXXX;XX;1.0;1.0;0.0;;33.33;2.92;1
2324;Zoe Cavalcante;;7;2;1176.1;0.0;Cunha;PE;1.0;1.0;1.0;;75.0;3.07;3
2325;Yasmin Fernandes;1999-06-29;10;2;1046.71;0.0;Freitas;MT;1.0;0.0;0.0;;33.33;0.31;1
2326;Heloísa Correia;2004-09-21;8;1;1679.13;0.0;Oliveira de Farias;MA;1.0;0.0;1.0;;;9.6;1
2327;Eloah Albuquerque;;4;6;1108.53;1.0;Pires;AM;1.0;0.0;0.0;Harum placeat nihil dolor esse consequuntur enim.;33.33;;0
2328;Maria Isis Carvalho;2002-09-06;2;15;4590.49;1.0;!!!INVALID_DATA!!!;PR;1.0;1.0;1.0;;0.0;5.35;2
2329;Maria Flor Martins;2005-07-12;7;19;3082.68;1.0;Fernandes Verde;MA;1.0;1.0;0.0;Facilis cupiditate consequatur dicta.;66.67;5.35;2
2330;Henry Gabriel Sá;2003-07-26;7;15;4135.69;1.0;Monteiro;BA;1.0;;1.0;;50.0;4.02;2
2331;Ana Luiza Dias;1994-08-13;7;3;0.0;0.0;Aparecida de Goiás;PR;0.0;0.0;0.0;;75.0;2.82;1
2332;Isis da Paz;2006-08-09;9;4;3187.74;0.0;da Rosa;SE;1.0;0.0;1.0;;0.0;5.3;2
2333;!!!INVALID_DATA!!!;2004-05-06;1;4;3499.14;0.0;Câmara de Costa;RJ;1.0;0.0;0.0;Perferendis maxime voluptate molestiae.;75.0;5.51;5
2334;Joana da Paz;2006-04-24;5;14;3932.8;1.0;da Conceição;PE;0.0;0.0;1.0;;0.0;5.75;4
2335;Letícia Sampaio;2005-03-02;2;13;3528.86;0.0;Oliveira;SE;0.0;1.0;1.0;;50.0;8.02;2
2336;Srta. Ana Caldeira;1997-10-25;9;11;3088.59;1.0;Fogaça de Goiás;!!;0.0;1.0;1.0;;42.86;6.52;1
2337;Anthony Mendonça;1998-01-15;1;3;3507.11;0.0;Borges da Praia;;1.0;0.0;0.0;;100.0;;0
2338;Dr. Yago Jesus;2001-12-29;7;6;735.35;1.0;Mendes;DF;1.0;0.0;1.0;;66.67;;0
2339;Laís Aragão;;7;10;2510.06;1.0;Machado;RR;0.0;1.0;1.0;;66.67;5.08;5
2340;Sra. Hadassa Rios;1997-12-20;5;17;0.0;0.0;Costela;ES;1.0;1.0;0.0;Nam ipsum alias.;14.29;8.52;1
2341;!!!INVALID_DATA!!!;2006-06-06;1;3;1237.74;1.0;Viana das Flores;MA;0.0;1.0;0.0;;60.0;3.72;2
2342;Melissa Moraes;2007-03-30;1;8;2469.99;1.0;Ferreira;TO;1.0;0.0;0.0;;0.0;0.83;1
2343;Mateus Cavalcanti;2002-10-13;5;18;3312.0;0.0;Nunes do Oeste;SE;1.0;0.0;0.0;;0.0;2.21;2
2344;Maria Liz Sampaio;2006-09-21;3;5;2036.73;1.0;Barbosa Paulista;DF;1.0;1.0;1.0;;57.14;4.45;1
2345;Thomas da Paz;2000-01-28;3;16;972.48;0.0;Marques Alegre;MA;0.0;0.0;1.0;;100.0;3.24;1
2346;Sr. Rafael Rezende;1995-07-29;9;1;1292.63;1.0;Brito da Praia;MA;0.0;1.0;0.0;;50.0;3.33;3
2347;Cecilia Cirino;2001-09-15;4;3;2907.59;1.0;da Mota de Leão;AC;0.0;1.0;0.0;;0.0;6.64;1
2348;Sr. José Miguel Siqueira;2001-04-03;2;11;3936.32;1.0;Pinto de Pinto;BA;1.0;1.0;1.0;Eligendi hic laudantium ipsam temporibus voluptate nam suscipit.;33.33;9.57;1
2349;!!!INVALID_DATA!!!;2005-06-26;3;9;4707.08;1.0;da Costa de Sampaio;BA;0.0;0.0;0.0;;40.0;9.25;1
2350;Vicente Almeida;2000-03-06;2;3;1553.9;0.0;Moura de Cassiano;GO;1.0;0.0;0.0;;50.0;8.14;2
2351;Emanuelly Carvalho;2001-04-24;2;12;1871.13;0.0;;RJ;0.0;0.0;0.0;Repudiandae expedita delectus.;50.0;0.25;1
2352;Helena Pacheco;2005-08-28;10;8;4421.56;0.0;Andrade do Norte;GO;0.0;1.0;0.0;;75.0;6.6;2
2353;Guilherme Castro;1997-03-11;9;8;543.06;0.0;da Rosa;GO;0.0;1.0;0.0;;50.0;9.81;1
2354;Sr. Levi Correia;2002-06-04;6;20;3026.8;1.0;Cardoso dos Dourados;SE;1.0;0.0;0.0;;;;0
2355;Antonella Ribeiro;1996-06-08;4;20;4052.48;1.0;Montenegro;RO;1.0;0.0;1.0;;85.71;6.94;1
2356;Gabriela Casa Grande;1999-10-05;2;20;1521.9;1.0;Ramos;SP;1.0;1.0;1.0;;50.0;;0
2357;Maria Luísa Novais;2002-05-15;7;5;944.92;0.0;Ramos Alegre;XX;0.0;1.0;1.0;;50.0;4.25;4
2358;Ana Luiza da Conceição;2007-03-23;5;5;2853.39;0.0;Macedo Alegre;PE;1.0;1.0;0.0;Expedita magnam aliquam magni excepturi.;50.0;0.03;1
2359;João Gabriel Moreira;2006-07-14;9;7;2874.46;0.0;Nunes;MG;1.0;1.0;1.0;;100.0;;0
2360;Henry da Rosa;2004-07-30;1;1;;1.0;Silveira;GO;0.0;1.0;1.0;;66.67;6.93;1
2361;Clarice Nogueira;2004-01-17;4;16;1416.51;0.0;!!!INVALID_DATA!!!;RS;0.0;0.0;0.0;;50.0;8.88;1
2362;Dr. Marcelo Rezende;2004-03-11;2;5;1414.03;0.0;Vasconcelos de Ferreira;PB;0.0;0.0;1.0;;60.0;5.87;1
2363;Otto Fernandes;1996-11-13;3;2;4359.51;1.0;Campos;RR;0.0;0.0;0.0;;50.0;9.64;1
2364;Yan da Rocha;1996-09-29;5;20;2816.58;1.0;Cunha;AM;0.0;1.0;1.0;;100.0;6.39;1
2365;Mathias Vargas;1996-11-13;6;5;2699.98;1.0;Nascimento das Pedras;SC;0.0;0.0;1.0;;60.0;4.45;2
2366;Emanuella Souza;2001-01-02;1;11;3648.51;0.0;Vasconcelos do Norte;ES;1.0;0.0;1.0;;50.0;6.53;2
2367;Rael Fogaça;1995-10-31;2;19;3794.27;1.0;;BA;1.0;1.0;1.0;;50.0;4.48;4
2368;Sra. Ana Cecília Pereira;2005-01-09;5;11;3961.47;0.0;Vieira;MT;1.0;1.0;1.0;;75.0;5.36;2
2369;Gael Alves;2006-01-03;7;10;1559.4;1.0;Rocha de Mendes;PR;1.0;0.0;1.0;;25.0;8.29;1
2370;Sofia Ribeiro;1998-06-10;8;9;3277.85;1.0;Rios;RR;0.0;1.0;0.0;;100.0;5.19;3
2371;!!!INVALID_DATA!!!;2005-06-25;10;17;2570.2;1.0;Pereira;PA;0.0;1.0;1.0;Excepturi in nisi optio odio.;100.0;;0
2372;Mariana Monteiro;2003-08-19;6;10;3608.54;0.0;Cirino;SC;0.0;1.0;1.0;;66.67;5.96;3
2373;Maria Cecília Mendes;2006-11-01;1;8;501.66;1.0;Oliveira;AP;0.0;1.0;0.0;;0.0;4.4;1
2374;Sr. Lucca Cirino;2005-11-18;4;9;0.0;0.0;Porto;AM;0.0;;1.0;;0.0;0.11;1
2375;Ana Beatriz Teixeira;2003-01-11;8;15;775.12;0.0;Novaes Paulista;MG;0.0;1.0;1.0;;0.0;;0
2376;Brenda Porto;1996-03-19;2;5;4605.26;0.0;Cassiano;SC;0.0;0.0;0.0;;100.0;5.58;2
2377;;2000-03-01;4;18;2639.32;0.0;Costa de Minas;GO;1.0;0.0;0.0;;66.67;4.09;1
2378;Henry Brito;2000-01-27;3;3;2167.35;1.0;Fogaça das Flores;AL;0.0;1.0;1.0;;75.0;6.04;4
2379;Carolina da Paz;1997-06-25;5;4;4490.39;1.0;Caldeira;RJ;0.0;1.0;1.0;;0.0;2.07;1
2380;Sabrina Cassiano;1994-11-05;8;16;4210.3;0.0;Melo do Norte;PA;1.0;0.0;0.0;;33.33;;0
2381;João Vitor Carvalho;1995-09-29;9;11;2836.95;1.0;Alves da Prata;AC;1.0;1.0;;;100.0;4.5;3
2382;Maria Alice da Mata;1996-04-10;7;8;971.96;1.0;Aragão;BA;0.0;1.0;1.0;;0.0;4.55;2
2383;Leonardo Borges;1996-10-20;3;10;706.24;0.0;Casa Grande;RJ;0.0;1.0;0.0;;50.0;;0
2384;Amanda Caldeira;2002-08-09;10;11;2337.69;1.0;Costa;MG;0.0;0.0;0.0;;60.0;8.93;1
2385;Rafaela Machado;1996-04-26;6;2;3866.29;0.0;!!!INVALID_DATA!!!;RN;1.0;0.0;0.0;;50.0;2.05;1
2386;Luigi Pereira;2000-08-06;2;18;501.58;1.0;Rodrigues;PE;1.0;1.0;0.0;;66.67;5.42;3
2387;Lívia Souza;1995-05-16;1;12;4088.87;1.0;Garcia;DF;1.0;0.0;0.0;;57.14;6.29;4
2388;Maria Alice Correia;1998-07-28;7;19;4972.68;0.0;Rios;MS;1.0;0.0;0.0;;100.0;3.05;2
2389;Maitê Silva;2000-08-31;1;1;3947.68;1.0;Almeida;!!;0.0;0.0;0.0;Odit ducimus doloribus iusto.;100.0;5.07;3
2390;Josué Oliveira;2007-02-16;9;2;1102.97;1.0;Rocha de Farias;RR;1.0;1.0;0.0;Consectetur nostrum soluta magnam.;50.0;5.88;2
2391;Dra. Eloah Pinto;1996-06-26;10;16;3652.52;0.0;Oliveira do Amparo;RJ;1.0;0.0;1.0;Ab perferendis iusto ab veritatis.;25.0;4.37;1
2392;Sofia Lopes;1999-05-25;9;13;2410.72;1.0;Monteiro;TO;0.0;1.0;0.0;;50.0;3.01;2
2393;Arthur Pinto;2001-07-27;7;16;2558.83;1.0;Alves;AM;0.0;1.0;0.0;Eligendi similique eum ducimus atque.;66.67;7.52;1
2394;Lucas Pastor;1998-08-24;7;19;2235.21;1.0;Jesus;DF;1.0;0.0;0.0;Officiis fugiat sequi esse ut esse modi.;57.14;3.38;2
2395;Vinicius Vieira;2006-04-25;9;3;3646.1;0.0;;CE;0.0;1.0;0.0;;66.67;;0
2396;Dr. Alexandre Borges;;9;8;2009.83;1.0;Cavalcanti da Serra;XX;0.0;1.0;1.0;;75.0;6.42;5
2397;João Felipe Siqueira;2003-03-02;6;5;2603.69;1.0;Carvalho;PE;1.0;1.0;0.0;;75.0;6.39;1
2398;Dra. Sara da Mata;2004-11-15;6;6;4919.71;0.0;Farias de Siqueira;AP;0.0;1.0;0.0;;33.33;6.26;2
2399;Pedro Henrique da Cruz;1998-12-22;1;6;1938.57;1.0;Fernandes;XX;1.0;1.0;1.0;;71.43;6.19;3
2400;!!!INVALID_DATA!!!;1998-09-13;1;20;2666.62;1.0;Jesus;RO;0.0;0.0;0.0;Iusto odit placeat illum delectus fugit facilis.;100.0;3.28;3
2401;Anthony Gomes;1997-07-07;5;2;672.47;0.0;Peixoto das Flores;DF;1.0;1.0;1.0;;75.0;6.92;1
2402;Yuri Ribeiro;2004-12-28;7;11;0.0;0.0;Ribeiro do Amparo;MS;1.0;0.0;1.0;;75.0;5.29;2
2403;Josué Nascimento;2005-05-14;6;18;1147.85;0.0;Leão Paulista;RR;0.0;1.0;1.0;Et numquam laudantium corrupti.;100.0;;0
2404;Cecília Garcia;1999-09-11;10;11;4640.27;0.0;Dias do Amparo;GO;0.0;1.0;0.0;;0.0;;0
2405;Enzo Garcia;1997-11-30;2;10;4536.93;1.0;Alves;DF;;1.0;1.0;;25.0;6.07;3
2406;Helena Montenegro;;4;5;;1.0;da Mata de Guerra;;0.0;0.0;0.0;;0.0;0.09;1
2407;Antonella Rodrigues;2006-07-01;4;19;0.0;0.0;Nunes;RS;1.0;1.0;0.0;;50.0;6.01;3
2408;Maria Eduarda Lopes;;4;17;4221.39;0.0;da Paz do Oeste;PE;0.0;1.0;1.0;;100.0;0.07;1
2409;Theodoro Porto;2003-09-18;5;13;3342.11;1.0;Costela;AL;0.0;0.0;1.0;;33.33;5.86;1
2410;Alícia Casa Grande;1995-06-09;9;12;1827.64;0.0;Freitas;ES;1.0;1.0;0.0;;100.0;;0
2411;Asafe Costa;2002-04-18;5;8;2599.48;0.0;Brito Grande;RN;1.0;0.0;0.0;;60.0;2.45;4
2412;Pietro Camargo;2006-02-20;3;16;1858.22;0.0;Garcia;SP;1.0;0.0;1.0;;50.0;4.94;2
2413;Luara Nascimento;2006-08-22;4;19;4823.41;;Guerra;TO;0.0;0.0;0.0;;25.0;7.95;2
2414;Vitor Gabriel Silva;2003-12-09;3;13;4771.53;0.0;Freitas da Mata;PB;0.0;1.0;0.0;;50.0;8.3;2
2415;Cauê da Mota;1995-01-03;10;20;2208.18;0.0;Rodrigues;XX;1.0;1.0;0.0;;80.0;8.48;1
2416;Bryan Viana;1996-03-25;4;4;2495.88;0.0;da Rocha de Ferreira;MS;0.0;0.0;0.0;;66.67;2.6;2
2417;!!!INVALID_DATA!!!;1998-07-10;4;19;956.49;0.0;Aparecida;BA;1.0;1.0;1.0;;50.0;4.18;3
2418;Ísis da Costa;2001-11-24;4;2;1863.36;1.0;Rezende do Amparo;PI;1.0;0.0;1.0;;;1.01;2
2419;Luiz Otávio Pastor;2000-08-14;1;13;1894.76;1.0;Sá da Prata;MA;1.0;1.0;0.0;;33.33;;0
2420;Isabela Jesus;1999-09-16;10;10;2181.72;0.0;Lopes de Leão;AC;1.0;1.0;0.0;;50.0;1.44;4
2421;Juan Cavalcanti;2002-07-11;9;13;0.0;0.0;Casa Grande;RS;1.0;1.0;1.0;;60.0;5.12;1
2422;Vitor Rios;;10;4;4890.61;0.0;Vargas;AC;1.0;0.0;0.0;Corrupti non ab sunt ullam explicabo facilis veritatis.;0.0;1.7;1
2423;Maria Eduarda Garcia;2002-02-27;10;2;3970.23;1.0;Porto do Sul;AC;0.0;0.0;0.0;Veniam consequatur praesentium suscipit.;0.0;;0
2424;Sra. Aurora Lopes;1999-07-09;8;15;2359.8;1.0;Azevedo;PB;0.0;1.0;0.0;;66.67;4.71;8
2425;Kevin Câmara;1994-05-10;6;12;1841.03;1.0;Almeida;MG;1.0;1.0;1.0;;33.33;4.98;2
2426;Lucas Ramos;2004-08-27;3;6;3559.15;1.0;Oliveira;XX;1.0;0.0;0.0;;75.0;2.81;1
2427;Stephany Correia;1997-06-04;2;1;2738.79;1.0;Montenegro Paulista;PR;0.0;0.0;1.0;;50.0;6.75;2
2428;Agatha Pacheco;2002-11-06;7;20;2635.18;0.0;Peixoto de Pinto;PR;0.0;1.0;1.0;Dolore cupiditate harum natus accusamus velit beatae.;100.0;;0
2429;Sra. Maya da Cunha;2006-11-16;8;15;4062.69;1.0;Mendes do Campo;RJ;1.0;1.0;0.0;Quisquam non neque ratione soluta harum provident rerum.;14.29;2.43;1
2430;XXXXXXXXXXXXXXXXXXXXXXXXXXXXXXXXXXXXXXXXXXXXXXXXXXXXXXXXXXXXXXXXXXXXXXXXXXXXXXXXXXXXXXXXXXXXXXXXXXXXXXXXXXXXXX;1994-09-06;5;20;3667.47;0.0;da Rosa do Norte;MT;0.0;0.0;1.0;;50.0;8.65;1
2431;Sophie Gomes;2001-01-05;1;19;4910.67;1.0;Cunha;RN;0.0;1.0;1.0;;50.0;6.76;1
2432;Ísis Camargo;2005-11-09;6;8;4929.36;0.0;das Neves;MS;1.0;1.0;1.0;;100.0;1.3;2
2433;!!!INVALID_DATA!!!;2005-02-18;10;4;0.0;0.0;da Mata;ES;0.0;0.0;0.0;;50.0;2.69;1
2434;Marcos Vinicius Nunes;2003-09-30;9;11;3336.37;0.0;Lima;;1.0;1.0;0.0;Pariatur repellat cupiditate ab.;20.0;4.6;2
2435;Davi Luiz Abreu;2005-08-03;9;7;1526.54;0.0;Souza;ES;0.0;0.0;0.0;;0.0;6.81;2
2436;;2001-05-08;9;7;4795.62;0.0;Almeida;;1.0;0.0;1.0;;50.0;4.17;2
2437;Vitor Hugo Silva;1998-12-14;9;12;4808.55;1.0;Montenegro de Abreu;SE;0.0;1.0;0.0;Iste odio tempora.;66.67;7.11;2
2438;XXXXXXXXXXXXXXXXXXXXXXXXXXXXXXXXXXXXXXXXXXXXXXXXXXXXXXXXXXXXXXXXXXXXXXXXXXXXXXXXXXXXXXXXXXXXXXXXXXXXXXXXXXXXXX;;8;1;3962.18;1.0;Jesus de Pimenta;SC;0.0;0.0;0.0;;;9.41;1
2439;Theo Costa;2006-12-07;10;10;2510.43;1.0;Castro de Rios;PE;1.0;1.0;0.0;;100.0;;0
2440;Sr. Nathan Dias;2004-11-22;4;7;1066.72;1.0;Moura;MS;0.0;1.0;0.0;;20.0;2.49;1
2441;Yasmin Abreu;1999-03-03;3;8;4492.37;1.0;Aparecida de Goiás;ES;1.0;0.0;1.0;;50.0;4.16;3
2442;Maria Liz Macedo;2002-08-23;7;1;1881.73;1.0;Santos;CE;1.0;1.0;;;20.0;6.3;1
2443;Srta. Gabriela Novais;2001-02-11;5;19;4559.24;1.0;Guerra;!!;0.0;0.0;1.0;;83.33;2.94;3
2444;Cecilia Campos;2001-04-05;10;16;4449.18;1.0;Borges;MT;1.0;0.0;0.0;;100.0;1.45;1
2445;;2001-11-29;7;7;773.29;1.0;Oliveira;RN;0.0;0.0;1.0;;50.0;;0
2446;José Miguel Farias;2005-05-10;6;6;1269.72;1.0;Monteiro Grande;PA;0.0;1.0;0.0;;0.0;5.1;2
2447;Ágatha Viana;1997-11-30;9;15;3885.78;0.0;Barbosa;PA;1.0;1.0;1.0;;66.67;3.92;3
2448;Eloá Albuquerque;;3;16;3269.19;0.0;Viana;PB;1.0;0.0;1.0;;0.0;4.15;2
2449;Dra. Larissa Pimenta;1996-03-23;10;12;3016.19;1.0;Moreira;PI;0.0;0.0;1.0;;100.0;7.13;1
2450;Miguel Duarte;1999-05-11;6;3;647.03;1.0;Nunes de Minas;RJ;0.0;0.0;0.0;Accusantium quaerat laboriosam possimus iste.;50.0;;0
2451;Mariana Câmara;2001-09-01;3;7;2854.53;1.0;Alves das Pedras;MA;1.0;1.0;1.0;Tempora inventore error delectus tempora deleniti tempora.;50.0;;0
2452;Clara Silva;1995-07-19;6;8;837.91;1.0;Vieira de Duarte;PE;1.0;1.0;1.0;;33.33;5.05;1
2453;Samuel Montenegro;2001-01-25;3;12;961.5;0.0;Leão de Castro;MT;0.0;1.0;0.0;;66.67;3.31;2
2454;;2002-11-29;5;9;3603.67;0.0;Fogaça Grande;RO;1.0;1.0;0.0;;100.0;6.97;3
2455;Bárbara Alves;2001-07-16;6;9;2317.72;1.0;da Rocha de Gonçalves;DF;0.0;1.0;1.0;;0.0;;0
2456;Davi Camargo;1995-05-13;5;19;2601.61;1.0;Costela dos Dourados;AL;0.0;;1.0;;33.33;7.27;2
2457;Luna Rezende;1995-09-10;3;20;3931.69;0.0;Borges;BA;;1.0;0.0;;66.67;4.24;2
2458;Caleb Ferreira;2003-10-22;6;7;3230.29;1.0;Leão;AC;1.0;1.0;0.0;;0.0;4.02;4
2459;Cauã Vasconcelos;1999-11-05;2;1;1324.23;0.0;Barbosa;RJ;0.0;0.0;1.0;;66.67;3.32;3
2460;Liz Azevedo;1995-09-23;5;11;2319.02;0.0;Santos;TO;0.0;1.0;1.0;Accusantium vitae ad natus doloribus earum.;40.0;0.38;1
2461;Sr. Otávio Nunes;2003-07-23;7;13;1896.94;0.0;Fonseca;SP;1.0;0.0;1.0;;50.0;4.16;4
2462;Valentina Lima;2002-09-29;5;1;651.94;0.0;Albuquerque de Andrade;SC;1.0;0.0;0.0;;66.67;8.0;2
2463;Srta. Marcela Sousa;2000-01-29;5;1;2581.57;1.0;Cassiano;CE;0.0;1.0;1.0;Sed asperiores natus autem.;;5.27;1
2464;Fernando Peixoto;1999-07-18;2;4;1214.41;0.0;Jesus;XX;1.0;0.0;1.0;;100.0;1.51;2
2465;Thales Freitas;2001-05-13;7;11;3722.77;0.0;Carvalho;TO;1.0;0.0;1.0;;66.67;;0
2466;Daniel Martins;1994-05-27;5;4;827.4;1.0;Caldeira de Nascimento;CE;0.0;1.0;1.0;;25.0;1.91;2
2467;Theo Moura;1996-08-30;4;1;1892.69;1.0;Câmara;ES;1.0;0.0;0.0;;100.0;3.21;6
2468;Nicolas Porto;1999-08-16;3;20;4459.5;0.0;Garcia de Vasconcelos;AL;0.0;1.0;0.0;;100.0;8.65;2
2469;Maria Helena Alves;1995-12-29;2;4;4759.15;1.0;Borges do Sul;PR;0.0;0.0;1.0;;0.0;5.7;3
2470;Yuri Câmara;2006-10-14;10;16;851.46;0.0;Sales de Minas;AL;1.0;;0.0;;0.0;8.5;2
2471;Luan Vieira;2006-10-25;10;9;1687.16;0.0;Cirino;GO;1.0;1.0;1.0;;0.0;6.15;2
2472;XXXXXXXXXXXXXXXXXXXXXXXXXXXXXXXXXXXXXXXXXXXXXXXXXXXXXXXXXXXXXXXXXXXXXXXXXXXXXXXXXXXXXXXXXXXXXXXXXXXXXXXXXXXXXX;2002-11-27;10;6;4883.53;1.0;Oliveira;RN;0.0;0.0;1.0;;0.0;0.09;1
2473;;1996-03-13;1;4;743.01;0.0;Rios Paulista;PB;0.0;0.0;0.0;;0.0;6.6;3
2474;Joaquim Dias;1995-12-05;10;15;729.18;1.0;;RN;1.0;1.0;0.0;;100.0;3.39;2
2475;João Vieira;2006-02-27;10;8;2131.77;1.0;Abreu dos Dourados;RO;1.0;0.0;0.0;;100.0;3.6;2
2476;Benjamin Melo;2002-09-28;8;16;3596.45;0.0;Cassiano das Flores;RO;0.0;1.0;0.0;Inventore laudantium doloremque voluptate incidunt quaerat culpa provident.;40.0;3.36;1
2477;!!!INVALID_DATA!!!;2001-03-24;6;2;1589.9;0.0;Borges;RO;;1.0;0.0;;100.0;3.62;3
2478;Liam Gonçalves;1998-02-01;1;18;3085.74;0.0;Ribeiro das Flores;AM;1.0;1.0;1.0;;25.0;;0
2479;Erick Moraes;2002-05-15;8;19;2788.15;0.0;Castro;AL;1.0;0.0;1.0;;50.0;6.47;3
2480;Dr. Dante Santos;;5;7;4424.54;0.0;Pinto Grande;AM;0.0;1.0;0.0;;33.33;;0
2481;Alana Cavalcanti;1996-09-07;9;17;4359.44;1.0;Peixoto das Pedras;AL;0.0;0.0;1.0;;50.0;;0
2482;Maysa da Rosa;2005-08-18;3;17;3723.06;1.0;Souza;PR;1.0;1.0;0.0;;;5.12;4
2483;Srta. Clara Pimenta;;7;16;;0.0;Moreira de Albuquerque;PA;0.0;0.0;1.0;;;4.83;2
2484;Ana Carolina Duarte;2001-05-13;7;14;1292.06;1.0;Cardoso;MS;;1.0;0.0;;50.0;;0
2485;;1998-11-15;10;4;4552.11;0.0;Leão do Galho;PR;0.0;0.0;1.0;;33.33;6.01;2
2486;Diogo Silva;1997-01-28;5;7;4623.88;1.0;;SC;0.0;0.0;1.0;;50.0;1.6;2
2487;;1995-09-20;7;11;3410.05;0.0;Ribeiro;PI;1.0;0.0;1.0;;66.67;7.23;2
2488;Eduarda Souza;1997-08-13;4;16;2051.92;0.0;Macedo;RR;0.0;1.0;0.0;;0.0;;0
2489;Samuel Costa;2003-10-24;4;7;4783.93;1.0;Câmara do Norte;MA;1.0;1.0;0.0;;100.0;2.52;1
2490;Dra. Rebeca Sales;1999-11-16;10;8;1010.59;0.0;Fernandes Verde;PA;1.0;0.0;0.0;;25.0;3.32;2
2491;Amanda Costela;2007-01-25;8;3;1975.56;0.0;Fernandes;MS;0.0;0.0;1.0;;12.5;6.73;3
2492;Cecilia Borges;;4;5;4014.28;0.0;Peixoto;RO;0.0;0.0;1.0;;100.0;5.19;1
2493;Pedro Carvalho;2005-06-11;2;18;4667.64;0.0;Mendes Verde;MT;0.0;1.0;1.0;;75.0;;0
2494;XXXXXXXXXXXXXXXXXXXXXXXXXXXXXXXXXXXXXXXXXXXXXXXXXXXXXXXXXXXXXXXXXXXXXXXXXXXXXXXXXXXXXXXXXXXXXXXXXXXXXXXXXXXXXX;1995-03-17;4;18;3804.88;1.0;Nogueira do Galho;SP;0.0;1.0;1.0;;50.0;8.08;1
2495;Antony Câmara;1995-10-06;1;18;0.0;0.0;Marques;PE;0.0;0.0;1.0;;85.71;3.29;3
2496;XXXXXXXXXXXXXXXXXXXXXXXXXXXXXXXXXXXXXXXXXXXXXXXXXXXXXXXXXXXXXXXXXXXXXXXXXXXXXXXXXXXXXXXXXXXXXXXXXXXXXXXXXXXXXX;1995-02-06;10;5;1663.4;1.0;Macedo;RN;0.0;1.0;1.0;;50.0;7.79;1
2497;Melina Porto;1998-12-15;4;11;1449.39;1.0;Caldeira;AP;1.0;0.0;1.0;;50.0;8.52;1
2498;Liz Ramos;2003-01-29;5;4;1692.36;1.0;Freitas;PE;1.0;0.0;0.0;;66.67;2.91;1
2499;Joaquim Moura;2005-08-13;4;17;1486.93;1.0;Guerra;RN;1.0;1.0;1.0;;100.0;;0
2500;Yasmin Moura;2004-06-23;3;13;1546.42;0.0;Sales;CE;1.0;0.0;0.0;;50.0;4.02;5
2501;Larissa Cirino;1999-12-10;5;4;4013.28;0.0;Porto;MT;0.0;0.0;0.0;;33.33;4.12;1
2502;Kevin Pereira;1995-09-29;2;9;4674.2;1.0;Marques;SE;1.0;;0.0;;50.0;7.39;1
2503;Rafael Machado;2004-06-17;10;20;1570.26;1.0;Moreira dos Dourados;PR;0.0;1.0;0.0;;60.0;5.39;2
2504;Srta. Luara Costa;1998-12-23;6;18;;;Mendonça Paulista;MG;0.0;1.0;0.0;;33.33;;0
2505;Maria Luísa Caldeira;2001-10-27;3;20;1173.03;1.0;Andrade da Prata;XX;0.0;1.0;0.0;;0.0;1.43;1
2506;Maria Liz Macedo;2001-09-01;1;13;3473.97;1.0;Porto do Oeste;PE;1.0;0.0;1.0;;50.0;4.43;2
2507;Murilo Barbosa;2005-04-16;9;15;3664.4;1.0;Vargas;RJ;0.0;1.0;0.0;;0.0;2.7;2
2508;Aurora Alves;2004-10-14;5;4;0.0;1.0;Cardoso;PA;0.0;1.0;0.0;;50.0;8.66;1
2509;Lucca Silva;2002-02-13;4;12;3921.17;1.0;Peixoto do Galho;MA;1.0;1.0;0.0;;20.0;4.83;2
2510;Srta. Esther Brito;1996-09-26;6;3;3115.54;1.0;Nunes;ES;0.0;1.0;1.0;;66.67;2.58;3
2511;Luiz Fernando Caldeira;2004-02-17;6;1;1084.12;0.0;Almeida;ES;0.0;1.0;1.0;;40.0;8.48;3
2512;Ana da Paz;2001-11-25;10;6;0.0;1.0;Rios do Galho;RS;0.0;1.0;1.0;Incidunt nisi adipisci minus illum voluptatem possimus.;40.0;;0
2513;Pedro Lucas Duarte;;2;5;2846.72;0.0;Cunha da Prata;;0.0;1.0;1.0;;100.0;9.31;2
2514;Maria Luísa da Costa;2002-02-02;4;5;1301.55;1.0;Cunha das Pedras;PR;1.0;1.0;0.0;Fugit odio iusto deserunt.;50.0;3.06;3
2515;Ravi da Luz;2000-08-31;5;11;1203.66;0.0;Fernandes;SC;1.0;0.0;0.0;;50.0;1.03;1
2516;Srta. Alana da Rocha;1997-07-01;6;11;1076.07;0.0;Guerra;!!;1.0;0.0;0.0;;100.0;3.85;3
2517;Ana Brito;1997-11-11;9;19;2509.72;1.0;Garcia;RO;0.0;0.0;0.0;;;0.91;1
2518;Matteo Sousa;2003-10-30;4;12;;1.0;Siqueira;AC;1.0;1.0;0.0;Dolorum consequuntur ab illum quisquam commodi iste.;33.33;3.96;2
2519;Lavínia Siqueira;1996-05-20;1;9;841.01;1.0;Jesus de da Conceição;SE;;1.0;1.0;;100.0;6.37;4
2520;Sr. Danilo da Rocha;;4;14;2272.56;1.0;Silveira;DF;0.0;1.0;1.0;;0.0;5.66;3
2521;Dr. João Gabriel Azevedo;1995-08-08;3;4;2757.7;1.0;da Rosa;PE;0.0;1.0;1.0;Repellendus ab error rem nihil cum.;100.0;3.72;4
2522;Maria Isis Aragão;1998-12-21;3;10;2688.62;1.0;Vieira;TO;1.0;0.0;0.0;Enim sed suscipit totam excepturi.;50.0;8.2;1
2523;Henry Gabriel Lopes;1998-04-22;1;14;3887.25;1.0;Pimenta da Serra;ES;1.0;1.0;0.0;Praesentium iure ullam dolor est.;50.0;5.87;2
2524;Miguel Teixeira;2005-04-08;9;18;685.82;0.0;Ribeiro;!!;0.0;0.0;0.0;;0.0;;0
2525;João Vitor Silveira;1994-07-25;2;20;4747.93;0.0;Rocha da Praia;ES;0.0;1.0;0.0;;50.0;1.88;3
2526;Mateus da Paz;2005-10-05;7;6;3309.67;1.0;Gonçalves;SP;0.0;1.0;0.0;;71.43;9.39;1
2527;Levi Aparecida;2001-05-15;1;8;4274.29;1.0;Oliveira;MA;1.0;0.0;0.0;;50.0;8.24;2
2528;Sabrina Correia;2003-08-22;10;7;1011.35;0.0;Caldeira de Minas;GO;1.0;0.0;1.0;;50.0;3.37;1
2529;Maria Isis Pereira;2007-01-31;8;1;4407.83;0.0;Pacheco de Goiás;RO;1.0;0.0;1.0;;50.0;2.84;1
2530;XXXXXXXXXXXXXXXXXXXXXXXXXXXXXXXXXXXXXXXXXXXXXXXXXXXXXXXXXXXXXXXXXXXXXXXXXXXXXXXXXXXXXXXXXXXXXXXXXXXXXXXXXXXXXX;1995-11-05;1;2;2878.15;0.0;Araújo do Amparo;XX;1.0;1.0;1.0;Maxime aliquid optio quibusdam.;71.43;4.32;4
2531;Otávio da Mata;1997-02-25;10;12;3721.98;1.0;Cirino da Praia;!!;1.0;1.0;1.0;;100.0;3.64;2
2532;Dr. Gustavo Henrique Abreu;;1;1;4880.4;;Santos do Galho;PR;0.0;1.0;1.0;;;4.14;1
2533;Sra. Maria Luísa Farias;1998-02-16;5;13;3131.16;0.0;Silveira da Mata;PI;0.0;0.0;1.0;Nemo saepe totam eius.;0.0;5.68;4
2534;Aylla Pacheco;2000-10-31;8;1;4589.43;0.0;da Cunha do Amparo;PE;0.0;1.0;0.0;;66.67;2.26;4
2535;Thiago Leão;1999-08-18;2;3;;1.0;Campos;MA;1.0;0.0;0.0;;0.0;;0
2536;Matteo da Rosa;2002-12-02;7;3;2553.95;1.0;Santos do Sul;AM;0.0;0.0;1.0;;50.0;2.84;3
2537;Isabela Siqueira;1998-10-01;1;2;3245.06;0.0;Costela;DF;0.0;0.0;0.0;Tempora atque officia illum explicabo molestiae.;75.0;5.91;1
2538;Diogo Cardoso;1994-06-15;2;15;3234.96;1.0;Garcia;ES;1.0;0.0;0.0;Necessitatibus maxime iure eaque.;;2.38;1
2539;!!!INVALID_DATA!!!;;6;19;3104.3;1.0;Casa Grande de Rezende;;0.0;1.0;1.0;Tempore quod consectetur enim quos velit.;0.0;;0
2540;Sr. Yan da Paz;2005-09-05;5;19;2845.3;1.0;Montenegro;SP;0.0;1.0;1.0;;100.0;;0
2541;Lucas Gabriel Almeida;2000-04-09;5;15;3248.88;1.0;Rezende;RR;0.0;1.0;1.0;;66.67;6.26;2
2542;Dr. Asafe Fernandes;2003-12-13;9;5;1804.14;0.0;Vieira Paulista;PB;1.0;1.0;1.0;;33.33;6.06;4
2543;Otto Fernandes;1995-10-31;6;4;2323.77;0.0;Pereira;SC;0.0;0.0;0.0;Dicta repudiandae magnam eligendi qui iure.;33.33;5.47;1
2544;Stephany da Mata;2001-03-06;7;13;2695.5;0.0;Dias;AC;1.0;0.0;0.0;;25.0;3.01;1
2545;Erick Farias;2001-10-12;10;12;4003.76;0.0;Campos;PI;1.0;0.0;1.0;;0.0;6.24;3
2546;Sra. Lavínia da Rocha;2003-05-15;6;12;1628.64;0.0;Camargo;SC;1.0;0.0;1.0;;20.0;;0
2547;Gael Abreu;1997-03-11;1;7;2547.42;1.0;Nascimento;PI;0.0;1.0;1.0;;;4.73;1
2548;Raul Moreira;2005-09-02;5;16;2273.56;0.0;!!!INVALID_DATA!!!;RR;0.0;1.0;1.0;;0.0;0.97;2
2549;Kevin Rezende;1999-12-12;1;19;4442.27;0.0;Sampaio;RS;1.0;0.0;;;33.33;9.81;1
2550;!!!INVALID_DATA!!!;1995-06-14;5;20;2137.06;1.0;Fogaça de Minas;MT;0.0;0.0;0.0;;;2.86;3
2551;Oliver Rocha;2001-05-22;10;13;4258.38;1.0;Silva;PB;1.0;0.0;1.0;;50.0;3.49;2
2552;Fernando Mendonça;1997-09-09;6;16;1001.89;1.0;Souza;PA;0.0;0.0;1.0;;100.0;6.93;1
2553;Bella Sampaio;2002-04-15;5;16;3114.35;0.0;Azevedo;SP;0.0;0.0;1.0;;;5.21;4
2554;Antonella da Mota;1999-08-07;7;4;3591.72;;Albuquerque;;1.0;0.0;1.0;;50.0;4.79;2
2555;Sra. Maria Isis Melo;2002-04-12;8;20;3293.05;1.0;Machado;PB;1.0;;0.0;;50.0;;0
2556;Maria Liz Dias;;5;3;0.0;1.0;Cunha;AC;0.0;0.0;1.0;;33.33;0.04;1
2557;Sr. Gael Araújo;2001-02-03;5;14;1236.29;1.0;XXXXXXXXXXXXXXXXXXXXXXXXXXXXXXXXXXXXXXXXXXXXXXXXXXXXXXXXXXXX;PB;1.0;0.0;1.0;;50.0;9.01;1
2558;Ana Julia Teixeira;2006-09-17;6;14;3489.73;0.0;da Rosa Verde;SP;1.0;0.0;0.0;;100.0;7.73;1
2559;Rodrigo da Mota;2006-01-21;6;16;2154.4;0.0;;PE;0.0;0.0;1.0;;66.67;2.7;1
2560;Srta. Lívia da Cruz;2000-04-24;7;14;4740.54;1.0;Rocha de Leão;RJ;1.0;0.0;1.0;;100.0;3.42;1
2561;Benicio Guerra;2006-04-27;5;1;4927.61;0.0;Gomes de Caldeira;PI;1.0;0.0;1.0;Temporibus dolor distinctio delectus facere.;50.0;6.4;2
2562;Gustavo Henrique Aparecida;1996-12-25;2;5;2753.19;0.0;Moraes da Mata;PB;;0.0;1.0;;0.0;7.3;2
2563;Isabelly da Rocha;1997-07-17;7;14;4477.6;1.0;Lima de Minas;AC;0.0;0.0;1.0;;100.0;1.19;2
2564;Antônio Pimenta;1996-02-19;5;15;561.24;1.0;;PB;0.0;1.0;0.0;;50.0;3.64;1
2565;Sophia Pereira;1997-10-29;10;3;717.79;1.0;Martins Alegre;RR;1.0;0.0;1.0;;50.0;;0
2566;Ísis Barros;2002-10-16;5;7;4743.43;1.0;Freitas;SC;1.0;0.0;0.0;Ex eligendi officia.;0.0;4.63;2
2567;Luana Nunes;2003-02-27;8;1;2713.78;0.0;Correia do Norte;PA;0.0;1.0;0.0;;0.0;2.24;1
2568;Maria Julia da Mota;2001-06-07;4;7;3356.32;1.0;Borges;AM;1.0;0.0;1.0;;66.67;;0
2569;!!!INVALID_DATA!!!;1997-01-30;5;14;1047.97;1.0;Marques de Aragão;PB;0.0;0.0;1.0;;100.0;4.1;4
2570;Maria Júlia Caldeira;2007-03-24;4;13;4497.08;1.0;Câmara;!!;1.0;1.0;;;66.67;7.19;1
2571;Davi Nascimento;1998-02-16;10;4;1565.82;0.0;Novaes;AL;1.0;1.0;1.0;;100.0;3.11;2
2572;Sra. Maria Flor Sales;1995-05-31;4;13;503.4;1.0;Nascimento Paulista;BA;0.0;1.0;1.0;;33.33;;0
2573;Rhavi Rios;2003-06-24;5;13;2569.7;1.0;Pastor;MG;0.0;0.0;1.0;;100.0;7.09;2
2574;!!!INVALID_DATA!!!;1994-06-09;6;4;1131.58;0.0;Oliveira das Pedras;TO;1.0;1.0;0.0;;0.0;5.42;2
2575;Benício Almeida;1994-05-26;2;14;627.9;1.0;Nascimento de Carvalho;MA;1.0;1.0;0.0;;20.0;6.0;2
2576;Sr. Miguel Aparecida;;4;3;2349.73;1.0;;MA;0.0;0.0;0.0;;0.0;8.4;2
2577;!!!INVALID_DATA!!!;1996-02-14;5;3;3050.94;1.0;Lima;MT;1.0;1.0;1.0;;100.0;;0
2578;Noah Costela;2003-11-30;9;11;4212.09;1.0;!!!INVALID_DATA!!!;PR;0.0;1.0;1.0;;100.0;3.85;2
2579;Anthony da Luz;1995-04-22;5;13;3369.44;0.0;Viana;RS;1.0;1.0;0.0;;0.0;3.56;1
2580;Miguel Pastor;1997-11-15;4;2;4200.81;0.0;Mendonça;RR;1.0;0.0;0.0;;33.33;;0
2581;Emilly Lima;2005-02-25;2;12;1058.08;1.0;Fonseca;SP;1.0;0.0;1.0;;50.0;5.56;3
2582;Ana Clara Gomes;2006-09-03;8;8;0.0;0.0;Sá;AL;1.0;0.0;1.0;;50.0;1.28;2
2583;João Guilherme Gonçalves;2003-08-28;8;17;1563.57;0.0;Sampaio;PB;1.0;1.0;0.0;;66.67;9.14;1
2584;Pedro Lucas Barbosa;2005-01-24;1;15;3345.51;0.0;da Costa do Sul;RN;1.0;0.0;0.0;;100.0;2.13;3
2585;Benício da Mata;2005-05-13;4;20;704.01;1.0;da Mota;SE;1.0;1.0;0.0;;33.33;;0
2586;Dr. José Mendonça;2002-02-22;8;12;2761.67;1.0;Ramos Grande;MS;1.0;1.0;0.0;Nisi reiciendis distinctio aperiam.;50.0;4.09;2
2587;Davi Lucas Leão;1998-02-06;5;7;4268.87;1.0;Fonseca;AC;0.0;0.0;0.0;;100.0;4.64;1
2588;Marcelo Cardoso;1997-06-13;2;13;3483.44;1.0;Rezende da Mata;ES;0.0;0.0;0.0;;50.0;;0
2589;Luigi Freitas;2006-02-04;1;15;3560.02;1.0;da Rocha;PR;1.0;0.0;0.0;;50.0;4.77;3
2590;Ana Carolina da Mata;2005-01-18;5;3;2868.54;1.0;Carvalho do Sul;GO;1.0;1.0;1.0;;100.0;4.28;1
2591;Aurora Pacheco;2004-05-27;5;17;4958.19;1.0;Carvalho;DF;1.0;1.0;0.0;;0.0;0.34;1
2592;Luiz Otávio Castro;2002-08-14;7;18;3185.89;1.0;XXXXXXXXXXXXXXXXXXXXXXXXXXXXXXXXXXXXXXXXXXXXXXXXXXXXXXXXXXXX;MA;0.0;1.0;0.0;;66.67;9.31;1
2593;;1999-11-21;5;16;2565.19;0.0;Melo;SP;1.0;1.0;1.0;Alias quos nisi culpa minima.;50.0;8.8;2
2594;Lara das Neves;1997-11-07;10;2;3884.37;0.0;Peixoto;XX;0.0;1.0;0.0;;0.0;3.08;1
2595;Eduarda Rezende;1995-08-25;3;3;1674.94;0.0;Vieira;RJ;0.0;0.0;0.0;;50.0;1.03;2
2596;Renan da Luz;2004-02-22;8;7;2443.43;0.0;Pimenta de Farias;XX;0.0;1.0;0.0;;;5.97;3
2597;XXXXXXXXXXXXXXXXXXXXXXXXXXXXXXXXXXXXXXXXXXXXXXXXXXXXXXXXXXXXXXXXXXXXXXXXXXXXXXXXXXXXXXXXXXXXXXXXXXXXXXXXXXXXXX;;6;15;2158.57;1.0;Pastor;PR;;1.0;1.0;;33.33;8.09;1
2598;Dra. Brenda Farias;2003-06-20;8;12;3975.63;0.0;Nascimento dos Dourados;MG;0.0;1.0;0.0;;40.0;5.27;1
2599;Júlia Brito;2003-11-20;10;14;3988.22;1.0;Viana;RN;0.0;1.0;0.0;;66.67;;0
2600;Eduardo Mendonça;2006-09-08;2;8;4801.39;0.0;;AP;1.0;1.0;1.0;Laudantium aut illo accusantium.;100.0;4.14;2
2601;Ísis da Rocha;2000-09-29;10;3;3081.18;1.0;!!!INVALID_DATA!!!;MT;0.0;0.0;0.0;;75.0;6.82;1
2602;!!!INVALID_DATA!!!;1997-07-16;10;20;1889.74;1.0;Peixoto;!!;0.0;0.0;0.0;;100.0;5.89;1
2603;;1996-11-23;7;13;604.21;0.0;da Cunha do Oeste;SC;0.0;0.0;1.0;;0.0;2.13;1
2604;;1996-10-15;10;11;2267.99;0.0;Monteiro;XX;1.0;0.0;1.0;;50.0;7.56;2
2605;Theodoro Pires;1998-06-06;5;18;3281.63;0.0;Ferreira do Galho;XX;0.0;0.0;0.0;;60.0;4.41;2
2606;Laís da Conceição;;1;10;4665.82;1.0;Costa;MT;0.0;1.0;1.0;;66.67;3.12;3
2607;Pedro Miguel da Conceição;;7;9;4217.32;1.0;Moraes Paulista;MA;1.0;0.0;1.0;;0.0;2.85;2
2608;Felipe Campos;1997-12-03;10;12;4061.48;0.0;Aparecida Verde;SP;1.0;1.0;1.0;;40.0;8.06;1
2609;Bryan Almeida;1997-03-12;8;12;2994.74;0.0;;SC;1.0;0.0;0.0;;33.33;8.04;1
2610;Dra. Mariah Moraes;;8;15;2728.66;0.0;Fernandes;MA;0.0;1.0;1.0;;100.0;4.26;4
2611;Isadora Pereira;2006-10-04;4;16;4508.28;1.0;Montenegro da Praia;RN;1.0;1.0;0.0;;25.0;1.48;1
2612;André Leão;2002-01-03;1;13;1791.53;0.0;Fernandes;RJ;1.0;0.0;1.0;;0.0;8.14;1
2613;Arthur Gabriel Cassiano;2006-04-14;7;9;757.19;0.0;;MS;0.0;0.0;1.0;;66.67;5.48;3
2614;Alice Cardoso;2004-06-24;4;9;3162.74;1.0;Correia da Mata;;0.0;0.0;1.0;Reiciendis sunt tenetur accusamus porro ipsam.;0.0;;0
2615;Bruna Dias;1996-01-09;8;8;2239.84;0.0;Vargas das Pedras;AC;1.0;0.0;1.0;;;5.81;1
2616;Sr. Thales Macedo;2000-08-03;7;10;823.14;1.0;Monteiro;MS;1.0;1.0;1.0;Ea sequi temporibus delectus impedit veniam.;50.0;;0
2617;Sofia da Conceição;1996-06-22;2;15;690.4;1.0;Novaes da Praia;AM;1.0;1.0;1.0;;0.0;2.28;1
2618;Maria Laura Fogaça;2004-04-02;6;9;1093.32;0.0;Duarte;;1.0;1.0;1.0;Amet architecto alias eveniet quo accusamus occaecati rem.;33.33;3.62;2
2619;Theodoro Souza;2006-07-27;8;3;2737.98;1.0;Guerra;SE;0.0;1.0;1.0;;;5.56;3
2620;Arthur Miguel Rios;1998-03-28;5;3;1089.43;0.0;Gonçalves da Prata;AL;1.0;1.0;1.0;;50.0;5.78;3
2621;Sra. Anna Liz Caldeira;2002-11-26;1;7;4687.52;1.0;da Cruz;RN;1.0;0.0;1.0;;66.67;3.42;1
2622;Sara Jesus;1995-10-25;4;12;3715.43;1.0;Viana;RJ;1.0;1.0;1.0;;40.0;5.67;4
2623;João Pedro Montenegro;2006-11-29;3;1;3426.89;1.0;Rodrigues de Porto;PB;1.0;1.0;0.0;;100.0;;0
2624;Ian Moura;2004-04-16;1;14;3701.64;1.0;Carvalho do Norte;AM;1.0;1.0;0.0;Placeat dolor similique temporibus itaque id consequuntur at.;0.0;5.38;1
2625;Sra. Ana Beatriz Vargas;2000-06-21;2;17;2313.1;1.0;Dias do Norte;GO;0.0;1.0;1.0;;33.33;1.09;1
2626;Gabrielly Araújo;2006-07-24;5;15;3393.96;0.0;Farias Verde;RO;0.0;1.0;1.0;;66.67;4.32;5
2627;Heitor Araújo;1997-03-22;6;3;0.0;0.0;Guerra Verde;PE;0.0;0.0;1.0;;50.0;0.67;2
2628;Ana Júlia das Neves;2002-09-13;4;12;985.31;1.0;Araújo;TO;1.0;1.0;1.0;;20.0;;0
2629;Dr. Leonardo Cassiano;2002-03-22;4;11;1457.6;1.0;Ferreira da Prata;SE;;1.0;1.0;Id excepturi accusantium mollitia dicta minima.;66.67;5.28;1
2630;Natália Azevedo;;1;7;4177.76;0.0;Casa Grande;SC;0.0;0.0;1.0;;20.0;5.94;1
2631;Lorena Martins;2002-08-29;7;7;3012.83;0.0;Lopes;RJ;1.0;1.0;1.0;;33.33;5.05;2
2632;Ana Cecília Peixoto;2000-08-06;5;13;1309.43;0.0;Borges de das Neves;TO;1.0;1.0;1.0;;0.0;3.17;2
2633;Henrique Leão;1999-04-22;3;1;3008.1;0.0;Vargas;PI;1.0;0.0;1.0;;100.0;6.36;4
2634;Beatriz da Cruz;2006-06-09;6;18;2298.1;0.0;Farias dos Dourados;RR;0.0;0.0;0.0;;100.0;;0
2635;Rafaela Caldeira;2005-09-04;1;16;1192.51;0.0;da Cruz;DF;1.0;1.0;1.0;;33.33;8.2;1
2636;Melina Sousa;2007-03-13;1;4;1240.12;0.0;Costela de Goiás;RS;0.0;0.0;0.0;;50.0;;0
2637;Maria Clara Viana;1995-09-18;6;6;1089.26;0.0;da Mata da Mata;MG;1.0;1.0;1.0;;100.0;5.36;1
2638;Ayla da Mota;2006-06-15;9;19;1712.56;0.0;Fernandes;MA;0.0;0.0;0.0;;0.0;;0
2639;Sra. Maria Fernanda Cassiano;1997-03-01;3;8;4745.62;0.0;Viana;RR;1.0;1.0;0.0;;75.0;4.21;3
2640;Larissa Gonçalves;2001-08-26;7;3;4204.48;;Porto;SE;1.0;1.0;1.0;;50.0;5.42;1
2641;Rafaela da Conceição;1998-03-24;4;7;1660.7;0.0;da Conceição;PA;0.0;0.0;0.0;;40.0;6.75;1
2642;Apollo Pastor;1996-10-16;10;5;4290.88;1.0;Jesus;MG;0.0;1.0;0.0;;100.0;3.57;4
2643;Clara da Mota;1999-02-20;6;10;2050.88;0.0;Gonçalves de Sá;PA;0.0;1.0;1.0;;50.0;4.18;1
2644;Amanda Mendonça;1997-01-31;8;16;3594.95;0.0;Rios;GO;0.0;1.0;0.0;;60.0;5.14;3
2645;Lavínia Farias;1994-05-15;7;7;4825.46;0.0;Ribeiro Paulista;PA;0.0;1.0;1.0;;0.0;;0
2646;Dra. Carolina Sousa;2000-01-03;3;10;1417.74;0.0;Teixeira de Rezende;AL;1.0;0.0;0.0;;50.0;9.79;1
2647;Bruna Pires;;6;17;3978.2;;Ramos Paulista;RS;0.0;1.0;0.0;Tenetur quis repudiandae qui minima dolores animi.;50.0;1.6;2
2648;Maria Laura Ribeiro;2000-03-12;9;15;3764.34;0.0;Moura;RJ;1.0;1.0;1.0;;100.0;4.96;2
2649;Amanda Correia;2007-04-26;10;2;1640.68;1.0;Moreira;MS;1.0;0.0;0.0;Laborum earum molestiae labore laudantium explicabo.;75.0;0.14;1
2650;Agatha Moura;2001-08-09;7;19;4672.13;0.0;Novaes da Serra;MT;0.0;0.0;0.0;;33.33;6.9;2
2651;Maria Fernanda Gonçalves;1994-11-21;10;13;738.47;1.0;Azevedo;PR;1.0;1.0;1.0;;40.0;4.74;3
2652;Dra. Aurora Carvalho;2005-12-15;3;13;0.0;1.0;Cardoso;PB;0.0;1.0;0.0;;66.67;3.32;2
2653;Ana Beatriz Cirino;1998-04-06;10;6;1835.35;0.0;Peixoto Grande;PR;0.0;1.0;1.0;;100.0;;0
2654;João Felipe Sales;2003-01-01;7;16;1483.14;0.0;Nogueira;TO;1.0;1.0;0.0;;66.67;1.48;3
2655;Gabrielly Freitas;2004-05-04;10;4;2873.33;1.0;da Rosa;TO;0.0;0.0;1.0;;66.67;1.6;1
2656;Dr. Enzo Oliveira;1996-10-31;3;10;1908.05;0.0;Lima das Flores;MT;0.0;;;Nisi harum hic laudantium numquam iste.;100.0;2.41;2
2657;Oliver Brito;2002-03-08;5;4;3291.67;1.0;Nunes;BA;1.0;0.0;0.0;Iure qui natus.;0.0;0.53;1
2658;Benicio Cavalcanti;2004-02-13;1;17;1161.18;1.0;Pereira Paulista;MA;1.0;0.0;0.0;Rem cupiditate quos voluptate adipisci dolores.;50.0;2.16;2
2659;Ester Leão;2006-06-09;10;11;600.49;0.0;Vieira;DF;0.0;1.0;1.0;;60.0;2.16;1
2660;Cauã Ferreira;2003-10-03;1;5;1147.3;1.0;Montenegro;RS;0.0;1.0;1.0;Unde consequuntur asperiores dolores mollitia voluptatibus.;0.0;6.32;1
2661;Bella Gonçalves;2007-04-21;10;8;;1.0;Barbosa;PA;0.0;0.0;1.0;Occaecati officia minus itaque delectus accusamus corrupti unde.;66.67;2.53;1
2662;Carolina Guerra;1999-04-29;2;14;;0.0;Andrade;MG;0.0;0.0;0.0;;33.33;5.51;2
2663;Yuri Cirino;1997-11-04;2;13;885.94;0.0;Rios Paulista;RJ;0.0;1.0;1.0;;25.0;7.98;1
2664;Lorena Aragão;1996-09-04;8;5;565.27;0.0;Vieira;PA;0.0;;0.0;Debitis ducimus nesciunt soluta.;33.33;7.39;2
2665;Srta. Alícia Pastor;1999-08-27;2;19;608.24;0.0;Souza Paulista;PE;0.0;1.0;;;25.0;8.33;1
2666;Calebe Novaes;2001-01-17;8;2;1376.44;0.0;;MA;0.0;0.0;1.0;Ratione recusandae ex error.;75.0;2.9;1
2667;Srta. Luna Pereira;2002-03-12;4;4;4909.16;1.0;Barros;MT;1.0;1.0;1.0;Pariatur tenetur debitis ab voluptatem reiciendis perspiciatis.;100.0;;0
2668;Leonardo Novaes;2001-03-13;1;6;959.2;;Pimenta;PR;0.0;0.0;1.0;Quas similique commodi a corrupti.;33.33;6.75;1
2669;XXXXXXXXXXXXXXXXXXXXXXXXXXXXXXXXXXXXXXXXXXXXXXXXXXXXXXXXXXXXXXXXXXXXXXXXXXXXXXXXXXXXXXXXXXXXXXXXXXXXXXXXXXXXXX;1996-11-27;9;6;4475.87;1.0;Pacheco;PI;0.0;1.0;1.0;;100.0;4.51;5
2670;Sra. Isadora Pastor;1996-07-17;5;11;2708.07;1.0;Siqueira;XX;0.0;1.0;0.0;;40.0;4.33;3
2671;João Lucas Rocha;2005-02-21;1;18;4980.23;0.0;Peixoto;AM;0.0;1.0;1.0;;100.0;2.56;2
2672;Sr. Miguel Jesus;2001-10-02;5;6;4415.9;0.0;Peixoto;PA;0.0;0.0;0.0;;40.0;7.93;3
2673;Eduarda da Luz;1997-09-30;7;5;4283.16;0.0;Fogaça de Goiás;BA;1.0;0.0;0.0;;33.33;8.03;2
2674;Heitor Aparecida;1998-11-03;5;14;2737.8;0.0;Pinto dos Dourados;MG;0.0;1.0;0.0;;50.0;6.17;3
2675;Maria Luiza Leão;2005-05-09;10;20;3439.27;0.0;Albuquerque;SP;0.0;0.0;0.0;;50.0;8.08;3
2676;Raquel Sá;2003-01-19;9;10;1259.44;0.0;Ferreira;RS;1.0;1.0;1.0;;100.0;6.29;2
2677;Diego Brito;2004-10-20;9;18;3654.44;1.0;Silva Paulista;XX;1.0;1.0;1.0;;100.0;9.16;1
2678;Dra. Maya Abreu;1994-10-25;1;11;3895.55;0.0;Gonçalves Verde;SE;0.0;0.0;1.0;;0.0;1.66;1
2679;Theodoro da Rocha;1994-05-09;5;4;3218.88;0.0;Nunes;AL;0.0;1.0;0.0;;50.0;;0
2680;Ana Nascimento;1996-05-19;1;14;3567.93;0.0;Lopes Grande;AP;0.0;1.0;0.0;;66.67;;0
2681;Sra. Luara Freitas;1997-10-26;2;12;4403.66;;Pinto;CE;0.0;1.0;1.0;;42.86;3.13;1
2682;João Miguel Melo;2000-10-05;2;13;3130.68;0.0;Viana;RO;1.0;0.0;0.0;;50.0;6.58;4
2683;Cauê Câmara;1995-02-17;1;4;4476.7;1.0;Gomes;SP;1.0;1.0;0.0;Reprehenderit soluta mollitia magni accusantium reprehenderit corporis.;33.33;6.85;1
2684;Dr. Levi Casa Grande;1996-07-24;6;18;2704.07;1.0;Pacheco;MS;0.0;0.0;1.0;;0.0;2.74;2
2685;Alícia Moura;1996-12-03;7;2;4186.09;;Ferreira;XX;0.0;1.0;0.0;;50.0;7.38;1
2686;Luana Peixoto;2005-03-07;9;7;;1.0;Araújo da Mata;AP;0.0;0.0;0.0;Harum minus sapiente corporis.;50.0;3.76;2
2687;Sra. Maria Alice Rodrigues;1999-05-06;8;2;1177.46;0.0;Nogueira da Mata;SP;0.0;0.0;0.0;;57.14;;0
2688;;2004-07-31;7;16;3448.45;1.0;Jesus da Praia;DF;1.0;0.0;0.0;Quis eius officia dignissimos alias distinctio odit autem.;100.0;;0
2689;Emanuelly Rios;1997-10-31;9;6;863.38;0.0;da Rocha;MS;;0.0;1.0;;100.0;;0
2690;Dra. Mariana Lima;2003-11-13;10;14;4243.84;0.0;Macedo;PR;1.0;1.0;1.0;;100.0;1.2;1
2691;Olivia Novais;;10;16;2009.75;1.0;Sales Paulista;PR;0.0;1.0;0.0;;50.0;5.7;1
2692;Gael Silva;1997-05-15;9;5;3137.7;1.0;Vargas;PA;1.0;1.0;0.0;;;6.65;2
2693;Srta. Liz Fogaça;2002-03-12;10;20;4482.1;0.0;Silveira;MG;1.0;0.0;0.0;;100.0;6.39;1
2694;Isis Caldeira;;9;19;1019.03;0.0;Novais dos Dourados;PB;1.0;0.0;1.0;;0.0;1.3;2
2695;Sr. Davi Miguel Jesus;2004-06-04;9;16;3671.6;0.0;Teixeira Alegre;PE;1.0;1.0;0.0;;0.0;4.03;4
2696;Daniel Ferreira;2003-11-19;2;14;3883.84;1.0;Pinto;XX;1.0;1.0;0.0;;50.0;5.55;2
2697;João Machado;2005-11-04;8;14;2733.69;1.0;Viana Verde;PR;1.0;1.0;1.0;;100.0;8.92;1
2698;Alícia Sampaio;2000-09-10;5;11;3496.3;1.0;Aparecida Verde;;1.0;0.0;1.0;Explicabo explicabo inventore dolore quae voluptatem rerum illum.;80.0;;0
2699;José Pedro Gomes;2001-06-17;8;20;4484.02;1.0;Cardoso;DF;1.0;0.0;0.0;;60.0;3.26;3
2700;;2006-01-30;4;4;2453.72;1.0;Casa Grande do Campo;PI;0.0;1.0;0.0;;50.0;7.74;2
2701;Aurora Martins;;5;15;1560.84;0.0;Sales Alegre;MT;0.0;0.0;1.0;;33.33;3.68;3
2702;Sr. Matheus Almeida;2005-12-22;8;7;2770.55;0.0;Araújo;AL;0.0;0.0;0.0;;100.0;4.28;3
2703;Sara Sampaio;1997-10-15;4;3;1148.35;0.0;Costela;SE;0.0;1.0;1.0;;33.33;2.98;2
2704;Ana Liz Monteiro;2005-06-25;5;4;2117.91;0.0;Rezende;RO;1.0;0.0;1.0;Omnis architecto consequatur.;100.0;8.88;1
2705;;1996-03-28;2;13;4589.71;0.0;Mendes;!!;;0.0;1.0;Perspiciatis enim in laudantium sunt unde.;33.33;;0
2706;Apollo Cavalcanti;2003-12-01;6;10;2759.67;1.0;Viana;RR;1.0;1.0;1.0;;20.0;3.39;3
2707;Ayla Barbosa;2006-02-16;8;20;3083.44;0.0;Azevedo;MS;1.0;0.0;0.0;;57.14;4.43;3
2708;XXXXXXXXXXXXXXXXXXXXXXXXXXXXXXXXXXXXXXXXXXXXXXXXXXXXXXXXXXXXXXXXXXXXXXXXXXXXXXXXXXXXXXXXXXXXXXXXXXXXXXXXXXXXXX;2004-01-30;6;1;4023.15;1.0;!!!INVALID_DATA!!!;PA;1.0;0.0;0.0;;0.0;7.62;2
2709;Srta. Marcela Pastor;2001-05-12;2;2;4580.87;1.0;Rios de Cunha;BA;0.0;;1.0;;50.0;4.78;1
2710;XXXXXXXXXXXXXXXXXXXXXXXXXXXXXXXXXXXXXXXXXXXXXXXXXXXXXXXXXXXXXXXXXXXXXXXXXXXXXXXXXXXXXXXXXXXXXXXXXXXXXXXXXXXXXX;1998-11-11;10;16;2241.38;0.0;da Mata da Serra;RS;0.0;1.0;0.0;!!!INVALID_DATA!!!;50.0;5.1;1
2711;Sra. Maria Mendes;1996-06-12;7;4;2297.93;0.0;Cavalcanti de Gomes;RN;0.0;1.0;0.0;;80.0;2.54;1
2712;Cecilia Gonçalves;;9;15;4528.04;1.0;Sá;SC;1.0;0.0;0.0;Debitis sapiente libero unde officiis voluptatibus.;50.0;6.96;2
2713;Dr. João Pedro Abreu;2007-03-26;6;15;2779.72;0.0;da Paz do Sul;RS;1.0;1.0;0.0;;20.0;8.42;2
2714;!!!INVALID_DATA!!!;2001-04-15;5;1;1667.3;;XXXXXXXXXXXXXXXXXXXXXXXXXXXXXXXXXXXXXXXXXXXXXXXXXXXXXXXXXXXX;PI;1.0;0.0;0.0;;20.0;6.96;1
2715;João Gabriel Duarte;1999-01-11;6;3;0.0;0.0;da Conceição;RO;0.0;1.0;0.0;;33.33;9.06;1
2716;Cecilia Marques;2000-03-31;1;16;1154.78;1.0;Teixeira;PE;0.0;1.0;0.0;;60.0;;0
2717;Ana Sophia Alves;2006-03-09;5;7;1151.39;0.0;!!!INVALID_DATA!!!;PR;0.0;0.0;1.0;;;4.11;3
2718;Gustavo Henrique Duarte;1995-02-19;3;6;1264.72;1.0;Casa Grande;PR;1.0;0.0;1.0;;33.33;0.01;1
2719;Pedro Lucas Mendonça;2000-10-28;8;20;680.31;1.0;da Mota de Nogueira;PR;0.0;;0.0;;50.0;;0
2720;Yan Aragão;1995-03-12;4;4;2588.18;0.0;Nascimento;MS;1.0;1.0;0.0;;33.33;4.76;3
2721;Sra. Cecilia da Cruz;1997-06-16;7;18;3857.44;1.0;!!!INVALID_DATA!!!;!!;0.0;0.0;0.0;;75.0;;0
2722;Lucas Gabriel Gomes;2003-12-19;3;13;2330.38;1.0;Pacheco Verde;MG;0.0;0.0;1.0;Fugit mollitia maxime quaerat aut in expedita.;42.86;0.78;1
2723;Nicolas Castro;1995-11-29;3;16;4801.95;1.0;Pimenta de Goiás;CE;0.0;0.0;1.0;;50.0;4.03;4
2724;Eloah da Cunha;2005-03-15;8;17;945.96;1.0;Mendonça da Prata;!!;0.0;0.0;1.0;;100.0;4.42;2
2725;Gael Farias;2003-04-05;9;8;1768.93;0.0;Ramos;RN;1.0;0.0;1.0;;0.0;6.85;3
2726;Ana Júlia Souza;2004-01-07;6;3;749.37;1.0;Gonçalves Verde;BA;0.0;;1.0;;50.0;1.5;1
2727;Levi Nogueira;1996-03-12;7;5;2938.48;0.0;!!!INVALID_DATA!!!;AM;0.0;0.0;1.0;;100.0;3.35;2
2728;Agatha Montenegro;1995-12-21;8;2;2828.43;0.0;Cunha das Flores;AC;0.0;0.0;1.0;Earum voluptatum quod fuga reiciendis.;100.0;5.26;2
2729;Esther Pinto;2000-04-10;4;11;3835.69;1.0;Siqueira dos Dourados;RR;1.0;0.0;;Reiciendis id id assumenda numquam.;;;0
2730;Dra. Giovanna da Conceição;2006-01-18;5;11;3800.84;0.0;Sampaio de Minas;ES;1.0;1.0;1.0;Sed iste quas perspiciatis.;50.0;7.96;3
2731;Alana Brito;2001-11-30;2;6;904.22;1.0;Jesus;MG;0.0;1.0;0.0;;25.0;4.63;3
2732;Alícia Peixoto;2005-06-07;5;9;3457.83;1.0;Alves da Prata;RJ;1.0;0.0;1.0;;66.67;5.78;1
2733;Danilo Borges;2006-12-27;10;4;3208.81;1.0;Campos da Praia;AM;1.0;0.0;1.0;Explicabo maxime totam nostrum eius.;100.0;7.82;2
2734;Luiz Fernando Sá;;8;14;1348.01;0.0;Teixeira;!!;1.0;1.0;0.0;Numquam minus veritatis maxime quas voluptate nemo nesciunt.;100.0;6.2;1
2735;Cauã Lima;1996-02-28;1;20;856.78;1.0;!!!INVALID_DATA!!!;BA;0.0;0.0;1.0;;50.0;2.85;4
2736;Dr. Mathias da Luz;2003-05-02;3;12;3308.45;1.0;Santos;BA;0.0;0.0;0.0;;33.33;1.19;3
2737;Gael Barbosa;1996-01-31;10;15;4378.12;1.0;Costela;RR;0.0;1.0;0.0;;66.67;1.35;1
2738;Zoe Nascimento;2002-11-22;7;20;794.63;0.0;Ramos;PR;0.0;1.0;;;66.67;5.51;1
2739;Luiz Gustavo Monteiro;2000-06-17;6;2;4695.57;0.0;Melo do Sul;RR;0.0;0.0;0.0;;66.67;5.44;3
2740;Liz da Luz;;8;20;;1.0;Caldeira de Abreu;SP;0.0;0.0;0.0;;50.0;7.92;1
2741;Dr. Otávio Vargas;2003-08-06;5;16;4388.58;1.0;Vargas dos Dourados;MG;1.0;0.0;0.0;;66.67;;0
2742;Melissa Cassiano;2001-02-10;8;5;759.61;1.0;Cunha;AL;1.0;;0.0;;;4.91;1
2743;Ana Júlia Barros;2006-08-26;3;14;3319.78;1.0;Cirino;TO;0.0;0.0;0.0;;50.0;4.24;1
2744;Daniela Pereira;1999-08-31;3;10;4826.77;1.0;Carvalho;RJ;;1.0;1.0;;100.0;4.31;2
2745;Lívia da Luz;1998-08-06;8;13;3255.74;0.0;Gomes;PR;0.0;1.0;1.0;;;4.63;3
2746;Apollo Silva;1999-04-09;6;5;4562.15;1.0;da Rocha;RR;0.0;1.0;1.0;;100.0;5.19;2
2747;Ian Lopes;1996-07-17;3;11;4967.94;;Rocha de Goiás;RR;0.0;1.0;1.0;;50.0;5.53;1
2748;Bruna Vieira;1999-09-23;7;19;1255.27;0.0;da Paz da Serra;RJ;0.0;1.0;1.0;;100.0;3.92;1
2749;Yago Cavalcanti;2002-03-24;7;13;1461.8;0.0;Gomes do Oeste;MG;0.0;0.0;1.0;;0.0;0.45;1
2750;Catarina Caldeira;2000-05-05;10;7;4429.17;0.0;Santos;RO;1.0;1.0;0.0;;40.0;3.96;2
2751;XXXXXXXXXXXXXXXXXXXXXXXXXXXXXXXXXXXXXXXXXXXXXXXXXXXXXXXXXXXXXXXXXXXXXXXXXXXXXXXXXXXXXXXXXXXXXXXXXXXXXXXXXXXXXX;1998-08-09;5;16;2338.11;1.0;da Paz Grande;TO;1.0;1.0;0.0;Corporis fugit libero ad cumque.;20.0;5.35;2
2752;Natália Silveira;;2;1;605.58;1.0;da Mota da Praia;AP;1.0;1.0;1.0;;66.67;4.91;1
2753;Enzo Gabriel Cirino;1996-12-14;6;5;3277.84;1.0;Costa;GO;0.0;1.0;0.0;;;3.65;2
2754;Dr. Luan Pereira;;7;19;4585.75;1.0;da Paz de Goiás;RR;1.0;0.0;0.0;Minus magnam nesciunt inventore perferendis quod non.;33.33;1.7;2
2755;Sr. Ian Leão;1998-06-07;5;19;3825.58;1.0;Correia de Minas;SC;0.0;1.0;1.0;Accusamus doloribus corrupti ad.;100.0;1.02;1
2756;João Miguel Gonçalves;1997-06-26;2;1;1444.43;0.0;Lopes;;1.0;1.0;1.0;;60.0;7.51;1
2757;Hadassa Pinto;2001-02-25;7;17;2938.54;0.0;Sá do Norte;MG;0.0;0.0;;;75.0;6.1;2
2758;Alexandre Abreu;;5;11;4001.12;0.0;Castro;XX;1.0;0.0;1.0;;50.0;4.58;3
2759;Rael Rezende;2002-12-13;5;7;1709.61;0.0;Leão;BA;1.0;1.0;0.0;;40.0;;0
2760;Lunna Moreira;2000-03-20;1;1;3581.4;1.0;Aragão de Minas;RO;0.0;0.0;0.0;;100.0;2.94;1
2761;Sr. João Miguel Santos;1996-06-30;10;9;2556.95;0.0;Cirino;AL;0.0;0.0;0.0;Iure recusandae fugit corporis repellat deleniti qui.;100.0;3.88;1
2762;Rafael Pacheco;2004-06-14;6;9;3350.06;1.0;Peixoto de Viana;RS;0.0;0.0;0.0;;50.0;;0
2763;Maya Leão;1996-10-07;4;5;2739.08;1.0;Souza;PA;0.0;0.0;0.0;;0.0;5.1;5
2764;Evelyn Borges;2002-01-12;5;7;2684.27;0.0;Lopes dos Dourados;SP;0.0;1.0;1.0;;0.0;;0
2765;Kevin Montenegro;1996-01-03;10;8;2913.67;0.0;Sampaio de Minas;SC;1.0;1.0;1.0;;33.33;6.93;4
2766;Catarina Aragão;1995-04-02;5;14;2024.61;1.0;Farias;PA;1.0;0.0;1.0;;57.14;4.06;1
2767;Yago Albuquerque;1994-06-09;10;19;1740.03;1.0;Jesus;SC;0.0;1.0;1.0;Error error aut eum ullam ratione suscipit totam.;28.57;6.58;5
2768;Marcela Lopes;2004-03-06;10;12;3343.66;0.0;Cardoso Verde;SE;1.0;0.0;0.0;;;6.85;3
2769;Sr. Daniel Montenegro;1999-10-15;1;16;2454.91;0.0;!!!INVALID_DATA!!!;XX;0.0;0.0;1.0;;33.33;3.7;3
2770;Luan da Cruz;2006-08-28;7;4;2046.13;0.0;da Luz;RO;1.0;1.0;1.0;;60.0;;0
2771;Gustavo Sales;1997-02-19;6;2;2997.7;0.0;Costa;!!;0.0;1.0;1.0;;57.14;4.53;1
2772;!!!INVALID_DATA!!!;1999-02-18;10;13;4960.39;1.0;da Mata do Amparo;PE;1.0;1.0;1.0;;66.67;7.88;2
2773;Sr. Carlos Eduardo Gonçalves;1995-06-13;6;13;4706.09;0.0;Sampaio;ES;0.0;0.0;1.0;Ducimus officiis temporibus occaecati cumque eveniet ipsa.;75.0;;0
2774;Valentim Barros;;1;16;3596.64;0.0;Nogueira Verde;TO;0.0;0.0;1.0;;60.0;4.79;1
2775;Mariana Novaes;2005-01-05;10;14;1951.07;1.0;Siqueira Paulista;SC;1.0;0.0;0.0;;25.0;3.78;1
2776;Antony da Rosa;1995-02-10;5;7;4441.86;0.0;Gonçalves das Flores;;1.0;1.0;0.0;Debitis molestiae vero ullam voluptatum possimus ab blanditiis.;0.0;4.22;3
2777;Nicolas da Luz;2001-05-27;7;3;;1.0;Jesus;SC;0.0;1.0;1.0;;100.0;8.44;2
2778;Bárbara Cavalcanti;2004-10-07;10;9;4932.05;0.0;Silveira da Serra;AL;0.0;0.0;1.0;;50.0;3.1;1
2779;Isabella Sá;2001-07-27;2;9;941.13;0.0;Pereira;SE;0.0;0.0;0.0;;50.0;4.13;5
2780;Manuella Sá;2005-11-28;1;4;3902.8;1.0;Mendonça;PI;0.0;1.0;1.0;;66.67;1.93;1
2781;Felipe Sales;2003-09-27;10;12;1553.4;0.0;Dias;AP;0.0;0.0;0.0;;33.33;4.12;1
2782;Dr. Oliver Montenegro;2004-06-07;1;20;4784.41;0.0;XXXXXXXXXXXXXXXXXXXXXXXXXXXXXXXXXXXXXXXXXXXXXXXXXXXXXXXXXXXX;PR;1.0;0.0;1.0;;50.0;9.93;1
2783;Ana Sophia Campos;2006-09-25;3;4;1797.36;;Monteiro das Pedras;ES;1.0;1.0;0.0;;50.0;1.15;2
2784;Agatha Borges;;5;16;4323.49;0.0;Montenegro Grande;SE;0.0;0.0;1.0;;50.0;2.53;1
2785;Luiz Gustavo Sousa;2001-07-06;4;18;4531.51;1.0;Rezende do Galho;PR;1.0;0.0;1.0;;33.33;;0
2786;Bruno da Rocha;1998-08-24;3;9;2753.74;0.0;XXXXXXXXXXXXXXXXXXXXXXXXXXXXXXXXXXXXXXXXXXXXXXXXXXXXXXXXXXXX;SC;0.0;0.0;0.0;;0.0;4.61;2
2787;Davi Miguel Novaes;2001-05-05;9;2;0.0;1.0;Cardoso da Mata;MT;0.0;0.0;0.0;;75.0;2.05;2
2788;Ana Laura Fonseca;1995-11-17;2;1;4349.97;1.0;Garcia Verde;SC;1.0;0.0;0.0;;66.67;2.26;2
2789;Enrico das Neves;2006-04-02;1;11;2836.44;0.0;Moraes de Cunha;AC;0.0;1.0;0.0;;0.0;6.66;6
2790;Caroline Garcia;2003-10-05;6;6;2739.86;1.0;da Luz Paulista;MA;1.0;1.0;1.0;Neque hic quia mollitia libero.;100.0;7.16;1
2791;Benjamim Novais;2004-12-02;3;1;784.05;1.0;Pimenta;PR;1.0;0.0;0.0;;75.0;7.63;2
2792;Caio Pereira;1994-11-04;4;5;3581.27;1.0;Sousa;PR;0.0;0.0;0.0;;40.0;2.35;1
2793;Vicente das Neves;1997-07-04;6;8;2375.6;1.0;Pacheco da Mata;ES;1.0;1.0;1.0;;66.67;6.11;2
2794;Dr. João Lucas da Conceição;1998-08-21;7;17;4704.54;0.0;Rezende de Minas;RR;0.0;1.0;0.0;;66.67;7.07;1
2795;Luísa Rezende;1997-09-05;3;6;1808.3;1.0;Freitas de da Mota;!!;0.0;1.0;0.0;;50.0;5.95;3
2796;;1995-11-13;7;1;2394.78;1.0;das Neves da Serra;MA;1.0;1.0;;Voluptatibus maiores ut iusto id mollitia.;50.0;;0
2797;Levi Jesus;2002-10-06;4;17;3680.29;1.0;;PR;1.0;0.0;0.0;Similique accusantium quisquam sed id ut mollitia.;100.0;8.63;2
2798;Mathias Cirino;1995-02-13;9;15;3500.41;0.0;Pires Verde;CE;1.0;0.0;0.0;;50.0;;0
2799;Eloah Camargo;2004-02-05;4;18;3670.42;0.0;Caldeira;MG;0.0;0.0;0.0;Quam tenetur explicabo quibusdam dolore beatae modi.;66.67;;0
2800;Daniel da Mota;1994-12-28;7;10;1739.15;1.0;Melo;RO;0.0;1.0;0.0;;66.67;5.77;2
2801;Maria Julia Ribeiro;1997-10-09;10;7;4981.17;1.0;Oliveira das Flores;;1.0;0.0;1.0;;100.0;4.75;1
2802;Sr. Bento Siqueira;2002-01-12;2;1;2018.44;1.0;Garcia;MS;1.0;1.0;1.0;;33.33;;0
2803;Kaique Novais;2005-05-16;9;4;1242.1;1.0;Ribeiro;GO;1.0;0.0;0.0;;33.33;9.47;1
2804;Isabel Vargas;2001-02-02;1;3;4608.99;1.0;Duarte das Flores;SC;0.0;0.0;;;66.67;5.76;4
2805;Dr. Ravi Cardoso;;2;4;3656.47;;Costela de da Costa;GO;0.0;1.0;0.0;;;4.64;1
2806;Isis da Rocha;2003-07-01;4;19;1486.96;1.0;Teixeira de Melo;RR;0.0;1.0;1.0;;50.0;2.6;2
2807;Ísis da Conceição;2004-01-19;1;15;1511.1;0.0;Aragão da Prata;RS;1.0;0.0;1.0;Numquam a commodi sapiente ea.;33.33;6.3;3
2808;Isabelly Barros;1996-02-28;5;5;2803.89;0.0;Barbosa;PE;1.0;;0.0;;80.0;;0
2809;XXXXXXXXXXXXXXXXXXXXXXXXXXXXXXXXXXXXXXXXXXXXXXXXXXXXXXXXXXXXXXXXXXXXXXXXXXXXXXXXXXXXXXXXXXXXXXXXXXXXXXXXXXXXXX;;10;1;3788.3;1.0;Vasconcelos de Minas;MG;0.0;0.0;1.0;;66.67;4.3;3
2810;Enzo Sousa;1999-10-31;10;3;3982.53;0.0;Sampaio do Oeste;AM;1.0;0.0;1.0;Odio deserunt non doloremque harum eaque.;50.0;;0
2811;Aylla da Mata;1994-06-22;9;13;3211.12;0.0;Viana;PI;0.0;1.0;0.0;;100.0;;0
2812;Thomas Aparecida;2000-11-25;4;18;4059.89;0.0;Casa Grande dos Dourados;PB;0.0;0.0;0.0;;50.0;3.02;3
2813;Dra. Manuella Abreu;2006-07-24;7;4;1173.53;0.0;Moreira;MS;0.0;1.0;1.0;Molestiae corrupti ex error dolor occaecati.;100.0;2.34;1
2814;Henrique Siqueira;2005-12-09;8;1;4671.58;0.0;Rezende;AM;;0.0;0.0;;50.0;6.14;1
2815;Caio Freitas;2006-10-25;2;12;4668.8;0.0;Mendes;PA;1.0;1.0;1.0;;25.0;4.04;2
2816;Giovanna Sousa;2005-06-19;4;13;4468.22;0.0;;SC;0.0;0.0;;;60.0;;0
2817;Bento Carvalho;1996-10-07;5;12;1693.35;0.0;Siqueira de Guerra;SC;0.0;0.0;1.0;;;5.03;3
2818;Heitor Barbosa;2005-05-16;2;14;4749.74;0.0;Borges das Pedras;SE;0.0;0.0;0.0;;0.0;9.07;1
2819;Sr. Raul Farias;1996-10-10;1;18;;0.0;Ferreira;AL;0.0;0.0;0.0;;100.0;4.79;4
2820;Raquel das Neves;2001-06-05;8;4;3358.05;1.0;Moura de da Paz;MS;0.0;1.0;;;33.33;4.4;3
2821;Luísa Ramos;1998-05-28;9;9;1710.22;1.0;XXXXXXXXXXXXXXXXXXXXXXXXXXXXXXXXXXXXXXXXXXXXXXXXXXXXXXXXXXXX;BA;0.0;0.0;1.0;;100.0;4.66;2
2822;;2004-03-27;9;15;2784.17;1.0;Cardoso;PE;1.0;1.0;0.0;;0.0;;0
2823;Eduardo da Mota;2005-01-03;7;3;4615.82;1.0;Nascimento da Mata;PI;0.0;0.0;0.0;;0.0;5.52;2
2824;Henry Gabriel Sampaio;1996-08-20;3;7;4372.15;1.0;Pastor do Oeste;CE;1.0;1.0;1.0;;0.0;3.86;1
2825;Lorena Costa;2001-10-21;2;14;2992.95;0.0;Fogaça do Norte;CE;0.0;1.0;1.0;;;8.57;2
2826;Leonardo Rodrigues;1995-10-05;6;12;3047.58;1.0;Martins;RS;0.0;0.0;0.0;Voluptatum voluptatum nesciunt labore.;;;0
2827;Vitor Gabriel Freitas;2005-12-05;8;18;2008.33;1.0;Gonçalves;RR;1.0;1.0;1.0;;100.0;3.38;5
2828;Maria Sophia Nogueira;1998-10-07;3;20;4056.04;0.0;Pereira;PB;0.0;1.0;1.0;;50.0;5.03;1
2829;Dra. Gabrielly Monteiro;1999-12-09;9;11;4341.47;1.0;Alves das Pedras;AC;1.0;1.0;1.0;Vitae illo sapiente soluta.;100.0;3.05;2
2830;XXXXXXXXXXXXXXXXXXXXXXXXXXXXXXXXXXXXXXXXXXXXXXXXXXXXXXXXXXXXXXXXXXXXXXXXXXXXXXXXXXXXXXXXXXXXXXXXXXXXXXXXXXXXXX;2006-06-29;10;2;1228.97;0.0;Santos da Praia;AC;0.0;0.0;1.0;;50.0;;0
2831;Dra. Ana Cecília Barbosa;2006-09-19;4;19;2286.69;1.0;Cassiano;CE;1.0;0.0;0.0;;50.0;;0
2832;Maria Eduarda Rocha;2006-09-11;3;16;0.0;1.0;Lima de Vasconcelos;BA;1.0;0.0;0.0;;25.0;2.35;2
2833;Evelyn Correia;2001-08-09;8;18;4472.03;0.0;Casa Grande das Flores;PR;0.0;0.0;0.0;;100.0;;0
2834;Maria Fonseca;2000-02-16;9;3;1392.89;0.0;Lopes do Campo;MA;0.0;0.0;0.0;;0.0;9.96;1
2835;Sr. Emanuel Câmara;2006-05-03;8;4;3291.19;1.0;Aragão de Rezende;PI;1.0;0.0;1.0;;100.0;4.12;1
2836;Lorenzo Marques;2000-10-23;8;20;1841.35;1.0;Campos;PB;0.0;0.0;;;0.0;6.1;2
2837;Stephany Ramos;1996-10-17;7;14;1839.67;0.0;Peixoto;BA;0.0;1.0;0.0;;33.33;4.63;2
2838;Bella Pires;2003-01-22;10;3;3985.74;1.0;Albuquerque de Silveira;CE;0.0;0.0;0.0;Nesciunt ea dolorum inventore recusandae reprehenderit.;40.0;5.56;4
2839;Clarice Cassiano;1998-09-28;1;14;4209.28;1.0;Pastor;SP;0.0;0.0;0.0;;75.0;6.09;2
2840;Sra. Ana Luiza Melo;2005-02-18;1;6;2223.99;0.0;Lopes;BA;0.0;1.0;0.0;In unde quas.;80.0;5.21;1
2841;Sabrina Albuquerque;2004-03-07;8;8;1115.07;0.0;Gonçalves;SP;0.0;0.0;0.0;;66.67;6.93;1
2842;Antony da Mata;1998-05-12;4;6;3908.18;0.0;Monteiro das Flores;RO;0.0;1.0;0.0;;33.33;;0
2843;João Ramos;2004-04-25;3;13;1319.53;1.0;Nogueira dos Dourados;SE;0.0;0.0;0.0;;33.33;3.05;2
2844;!!!INVALID_DATA!!!;2001-06-15;5;7;3402.29;1.0;Lima de das Neves;!!;0.0;0.0;0.0;;50.0;4.38;2
2845;Francisco Teixeira;2003-02-14;4;19;1921.32;1.0;Pacheco das Pedras;PR;0.0;1.0;1.0;;0.0;6.24;3
2846;Maitê Fernandes;2005-01-03;3;1;3783.93;0.0;Nogueira da Serra;MT;0.0;1.0;0.0;;66.67;4.85;2
2847;Maria Fernanda Moura;2003-03-22;4;11;3077.77;1.0;Cavalcante;AC;0.0;0.0;1.0;;50.0;5.91;1
2848;;1995-08-03;7;6;2528.83;0.0;Porto das Flores;RR;0.0;1.0;1.0;;50.0;;0
2849;Natália Pastor;2003-07-22;4;17;3201.11;0.0;Caldeira de Jesus;PB;0.0;0.0;0.0;;;0.32;1
2850;Yan Araújo;2001-07-23;2;11;2828.36;1.0;Castro;PA;1.0;0.0;1.0;;100.0;4.22;2
2851;Ana Laura Porto;2001-11-30;2;6;2163.5;0.0;Silveira;RJ;0.0;1.0;1.0;;100.0;;0
2852;André Garcia;1995-12-17;2;15;;0.0;!!!INVALID_DATA!!!;AM;0.0;1.0;0.0;;0.0;3.78;1
2853;Vicente Pires;1999-01-20;1;5;547.54;1.0;Marques Verde;;1.0;0.0;1.0;;50.0;7.66;1
2854;Eduardo Rocha;1996-05-18;4;8;4506.31;1.0;Silva dos Dourados;RR;0.0;1.0;1.0;;50.0;5.92;4
2855;Oliver Ferreira;2001-07-11;10;20;2118.82;1.0;Sales do Oeste;BA;0.0;0.0;1.0;Odit impedit nulla.;50.0;3.03;3
2856;João Felipe da Cruz;1997-08-06;2;3;2850.04;0.0;da Rosa das Pedras;!!;1.0;1.0;1.0;;40.0;6.04;3
2857;Anthony Cavalcante;1995-04-13;7;8;4768.29;0.0;da Cruz;MT;1.0;0.0;0.0;;50.0;2.46;2
2858;Juan Siqueira;2000-12-02;9;16;4434.57;0.0;Marques;RN;0.0;1.0;0.0;;75.0;;0
2859;Henry Gabriel da Cruz;2000-12-27;2;11;4081.05;1.0;!!!INVALID_DATA!!!;MT;1.0;1.0;1.0;Vitae laudantium repellat ratione ducimus.;25.0;2.05;2
2860;Alice Fonseca;1996-01-26;1;8;3238.52;0.0;Lopes do Galho;MA;1.0;0.0;0.0;Cum suscipit quasi quod enim.;0.0;4.82;2
2861;Henrique Sá;2000-11-03;5;13;2512.13;1.0;da Cruz Paulista;BA;0.0;0.0;1.0;;100.0;;0
2862;Arthur Gabriel Costela;2001-06-10;2;12;4721.81;0.0;Cirino das Flores;AC;1.0;0.0;0.0;;33.33;7.92;2
2863;Leonardo Duarte;1995-09-29;1;6;2879.8;0.0;Cunha do Campo;PR;1.0;0.0;0.0;;0.0;4.52;2
2864;Giovanna Aragão;2006-07-02;9;10;4398.11;1.0;Novaes;AP;0.0;0.0;0.0;;33.33;2.82;2
2865;Camila Pires;2005-04-06;4;7;3842.65;1.0;Nunes de Almeida;RS;0.0;0.0;0.0;;;;0
2866;Léo Pinto;2006-01-23;4;11;1651.3;1.0;Cunha do Campo;MS;0.0;0.0;0.0;;33.33;7.61;4
2867;Larissa Ribeiro;2006-03-02;5;5;1805.16;0.0;Cavalcante;PI;0.0;1.0;0.0;;0.0;2.81;2
2868;Juan Carvalho;1994-10-12;10;19;2389.35;0.0;Pimenta de Nascimento;PI;1.0;1.0;1.0;Vero nam ullam blanditiis consectetur.;25.0;5.81;1
2869;Ana Liz Silveira;2000-01-06;9;19;1746.57;0.0;Rocha do Campo;RO;1.0;1.0;0.0;;75.0;8.13;3
2870;Felipe Gomes;1994-10-08;5;19;3789.15;0.0;Vargas;SC;0.0;1.0;1.0;;50.0;4.01;1
2871;Calebe Ribeiro;1996-07-11;3;15;2831.99;1.0;Almeida de Oliveira;RO;0.0;0.0;1.0;Corporis enim sunt mollitia.;40.0;;0
2872;Bryan Moura;1994-11-07;3;14;1564.84;1.0;Novaes;PE;0.0;1.0;0.0;;0.0;7.72;2
2873;Caroline Garcia;2003-01-03;1;13;3992.14;1.0;Castro de Goiás;ES;0.0;1.0;0.0;;100.0;6.94;1
2874;Thomas Pinto;2003-02-23;8;3;3767.57;1.0;Carvalho de da Luz;;0.0;1.0;1.0;;50.0;1.18;1
2875;Ryan Barros;1994-09-20;4;11;3696.61;0.0;Costela da Mata;RR;0.0;1.0;1.0;;80.0;9.36;1
2876;Dra. Letícia Marques;1998-01-17;9;11;0.0;1.0;Borges de Dias;!!;1.0;0.0;1.0;;33.33;5.58;1
2877;Erick Caldeira;1997-04-12;8;13;1101.34;0.0;Leão Verde;PA;0.0;0.0;0.0;;50.0;2.84;4
2878;Luiz Henrique Porto;2002-12-18;4;20;2671.11;0.0;da Luz;MS;1.0;1.0;0.0;;50.0;;0
2879;Ravi Lucca Andrade;1999-12-13;10;4;519.18;1.0;Cunha das Pedras;;1.0;1.0;1.0;;0.0;2.86;1
2880;!!!INVALID_DATA!!!;2003-10-05;4;11;4136.71;1.0;Albuquerque de Cunha;!!;1.0;1.0;1.0;Unde voluptates mollitia ea nemo eos.;66.67;3.39;4
2881;Maria Fernanda Santos;2005-11-09;9;6;4064.89;1.0;Câmara;PE;0.0;1.0;1.0;;0.0;7.33;2
2882;Evelyn Garcia;1998-09-18;2;4;1456.38;1.0;Aparecida da Prata;RJ;1.0;1.0;1.0;Quisquam quod adipisci eveniet aut facere.;66.67;;0
2883;;1997-02-03;7;19;3208.86;1.0;da Cruz de Peixoto;ES;1.0;0.0;1.0;;33.33;8.81;1
2884;Marcela Martins;1994-07-20;3;3;3476.65;0.0;da Cruz;PI;1.0;0.0;1.0;Nobis ad eligendi tenetur deleniti repellat et.;100.0;4.02;4
2885;Luara Abreu;1997-02-25;6;7;1414.49;0.0;Silva de Fogaça;GO;0.0;1.0;1.0;Rerum architecto ab minima cupiditate dignissimos amet eligendi.;50.0;;0
2886;Sra. Olivia Nascimento;1999-10-22;3;2;2921.55;1.0;Carvalho;PR;0.0;0.0;0.0;;40.0;;0
2887;Erick da Mata;2004-06-03;7;5;3285.78;0.0;Araújo;;0.0;1.0;1.0;;60.0;9.1;1
2888;Eduardo Machado;2001-03-26;5;20;2186.12;0.0;Azevedo de Costela;SE;1.0;0.0;0.0;Placeat commodi necessitatibus veritatis.;66.67;4.77;1
2889;Evelyn Oliveira;1996-06-13;2;2;2759.55;1.0;Gomes do Sul;;1.0;0.0;1.0;;0.0;0.6;2
2890;José Miguel Machado;1998-09-29;2;20;4325.73;0.0;Ferreira;AM;1.0;1.0;1.0;;;4.1;4
2891;Otto Nascimento;2002-05-09;1;5;3732.78;0.0;Aparecida das Pedras;DF;1.0;0.0;1.0;;57.14;5.96;4
2892;Henrique Mendonça;2003-05-28;9;18;4062.72;0.0;Fogaça;RS;0.0;1.0;0.0;Exercitationem eligendi aspernatur exercitationem dignissimos.;50.0;7.42;1
2893;Luigi Pinto;2005-06-17;7;7;1490.82;1.0;Ribeiro das Pedras;RR;0.0;1.0;0.0;;100.0;1.6;1
2894;Thales Porto;2006-09-24;3;16;3036.23;1.0;Ramos;RO;1.0;1.0;0.0;;100.0;;0
2895;Esther Gomes;1999-10-25;2;1;2952.83;0.0;Leão;GO;0.0;0.0;0.0;;62.5;3.27;1
2896;Natália Jesus;2005-04-03;6;15;2399.83;0.0;da Costa das Flores;PI;0.0;0.0;1.0;Non quae rerum ducimus similique enim.;75.0;;0
2897;;1998-05-18;2;4;1739.1;1.0;Vasconcelos da Serra;AL;1.0;1.0;0.0;;75.0;5.85;2
2898;Maria Vitória da Conceição;2001-08-14;3;17;3605.96;1.0;Marques do Amparo;RN;0.0;0.0;0.0;;33.33;4.0;4
2899;Hellena Cassiano;1996-06-23;7;4;4751.05;1.0;Costa;RJ;1.0;0.0;0.0;;100.0;5.48;2
2900;Giovanna das Neves;1996-08-07;1;5;4966.32;1.0;Fernandes de da Mota;PE;1.0;1.0;;Ipsam saepe rem unde libero nostrum qui.;100.0;6.9;2
2901;Dra. Eloah Fogaça;2000-06-15;9;12;3274.11;0.0;Alves;MS;;1.0;1.0;;50.0;;0
2902;Joaquim da Mata;1994-10-25;7;2;2393.56;1.0;Almeida;TO;0.0;1.0;1.0;;0.0;5.21;2
2903;Gael Rios;1996-12-25;8;20;3562.21;0.0;Vargas;SC;1.0;0.0;0.0;;66.67;3.74;4
2904;Léo Novaes;2004-03-22;5;16;4307.28;0.0;Silveira;PR;0.0;1.0;0.0;;75.0;2.37;2
2905;Erick Nascimento;2006-07-19;2;18;1231.97;1.0;Vieira;AM;0.0;1.0;0.0;;33.33;;0
2906;Luara Pacheco;2000-12-14;8;19;4608.39;0.0;Pereira do Amparo;MA;1.0;0.0;0.0;;75.0;3.36;2
2907;Enzo Lima;1997-10-26;2;7;3406.34;0.0;Rodrigues;TO;0.0;0.0;1.0;Doloribus eveniet consectetur sit maiores dolorum.;100.0;4.27;4
2908;Emilly Silveira;1997-08-30;9;9;4495.89;0.0;Cavalcanti;BA;1.0;0.0;0.0;;75.0;;0
2909;Dr. Noah Sousa;1997-06-03;5;9;1942.39;1.0;Ramos de Caldeira;AP;;0.0;0.0;;33.33;4.66;4
2910;Asafe Pereira;1999-11-06;5;16;2420.87;0.0;!!!INVALID_DATA!!!;PA;0.0;0.0;0.0;;66.67;;0
2911;Pietro Araújo;1996-02-21;2;16;1207.35;;Caldeira;PB;1.0;0.0;0.0;;0.0;8.09;2
2912;!!!INVALID_DATA!!!;2006-11-29;8;6;689.75;1.0;Peixoto;PI;0.0;1.0;0.0;;100.0;9.55;1
2913;Arthur Miguel Caldeira;2000-04-06;8;5;3205.45;0.0;Ferreira;AC;0.0;0.0;1.0;Tenetur nemo reiciendis magnam.;0.0;;0
2914;Sofia Brito;2006-07-23;5;15;4449.41;1.0;Farias de da Costa;CE;0.0;0.0;0.0;Iure quisquam sequi aliquam sunt corrupti minima.;50.0;6.54;1
2915;Sra. Ana Cecília Viana;1997-03-12;9;15;3653.83;0.0;Duarte;TO;1.0;1.0;0.0;;0.0;4.46;1
2916;Apollo Araújo;2000-05-09;7;4;1605.92;0.0;Santos do Norte;PB;0.0;1.0;0.0;;66.67;5.15;3
2917;Júlia Martins;1996-04-24;6;17;2268.35;0.0;Costa Verde;PB;1.0;0.0;1.0;;0.0;5.5;4
2918;Henry Gabriel Peixoto;1998-07-25;7;17;3934.82;1.0;Rezende das Flores;MS;1.0;1.0;1.0;;33.33;;0
2919;Laura Almeida;1999-11-02;8;7;3323.66;0.0;da Conceição do Oeste;MG;1.0;1.0;1.0;;66.67;1.6;1
2920;Sra. Ana Lívia Porto;1997-06-19;10;7;1742.76;1.0;Novais;MA;0.0;1.0;0.0;;75.0;;0
2921;Maria Vitória Marques;2004-09-06;2;1;2647.4;0.0;Oliveira;SC;0.0;1.0;1.0;Culpa ea nulla accusantium cum quae.;50.0;5.28;1
2922;Daniela Pinto;1998-05-17;6;3;4504.42;0.0;da Conceição;!!;1.0;;1.0;;75.0;9.46;1
2923;Lunna Cunha;1998-11-21;7;6;2035.38;0.0;Ribeiro;RR;1.0;0.0;0.0;Nemo adipisci molestiae.;25.0;7.92;4
2924;Arthur Gabriel Albuquerque;2000-09-03;5;18;4570.97;0.0;Garcia;RN;0.0;1.0;1.0;;66.67;0.19;1
2925;Breno Pinto;2002-08-27;2;10;1171.26;0.0;Camargo de Rios;XX;1.0;1.0;1.0;;100.0;5.06;3
2926;Gabriela Borges;2004-01-07;5;5;;1.0;;BA;0.0;0.0;1.0;XXXXXXXXXXXXXXXXXXXXXXXXXXXXXXXXXXXXXXXXXXXXXXXXXXXXXXXXXXXXXXXXXXXXXXXXXXXXXXXXXXXXXXXXXXXXXXXXXXXXXXXXXXXXXXXXXXXXXXXXXXXXXXXXXXXXXXXXXXXXXXXXXXXXXXXXXXXXXXXXXXXXXXXXXXXXXXXXXXXXXXXXXXXXXXXXXXXXXXXXXXXXXXXXXX;0.0;3.66;3
2927;Sarah Aragão;2005-11-06;10;15;3588.73;1.0;Macedo de Novaes;PB;0.0;0.0;0.0;;33.33;5.06;2
2928;Luiz Miguel Rios;2005-12-08;9;8;4396.8;1.0;da Cunha;CE;0.0;0.0;1.0;;33.33;0.67;1
2929;Lunna Sousa;2003-11-28;5;8;3322.88;0.0;Caldeira;PI;0.0;0.0;;;66.67;4.66;3
2930;Apollo Albuquerque;2004-08-07;6;15;875.77;0.0;Almeida da Mata;AP;1.0;0.0;1.0;;0.0;6.8;1
2931;Ana Lívia Barros;1994-10-06;4;9;;0.0;Campos de Castro;TO;0.0;1.0;0.0;;50.0;3.49;4
2932;Ana Julia Cassiano;2000-07-27;8;11;4069.83;1.0;Mendes;PI;1.0;0.0;0.0;;42.86;5.29;1
2933;Heitor da Costa;1998-10-27;1;13;2552.39;0.0;Fogaça Verde;RO;1.0;1.0;0.0;;33.33;;0
2934;Srta. Alana Gomes;1997-09-18;8;2;4021.8;0.0;Ribeiro do Oeste;ES;1.0;1.0;0.0;;100.0;1.06;2
2935;Théo Araújo;1999-12-14;5;13;4520.37;1.0;Moreira;AP;0.0;0.0;1.0;;0.0;4.55;2
2936;Sra. Liz Ramos;1997-10-14;7;8;706.78;1.0;Brito da Prata;PA;1.0;1.0;0.0;;100.0;4.26;2
2937;Maria Julia Teixeira;2003-03-31;7;9;4623.53;1.0;Souza do Galho;MS;1.0;1.0;0.0;A temporibus unde laudantium.;0.0;7.83;1
2938;Isis Moreira;2004-02-21;10;10;555.06;1.0;Andrade;MT;1.0;0.0;1.0;;100.0;;0
2939;Srta. Clara Castro;1996-08-28;3;10;4795.78;1.0;da Cruz de Minas;ES;0.0;0.0;0.0;;75.0;4.65;4
2940;Ana Julia Martins;1997-04-29;5;12;4003.23;1.0;Novais;GO;1.0;1.0;0.0;Facilis molestiae reprehenderit exercitationem excepturi eius.;50.0;4.93;2
2941;Olivia Vieira;1994-11-19;1;9;1180.31;0.0;Azevedo de da Costa;PI;0.0;0.0;1.0;;0.0;7.16;1
2942;Clara Costa;2002-11-22;1;6;4339.21;1.0;Campos da Praia;;0.0;0.0;0.0;;50.0;1.57;1
2943;!!!INVALID_DATA!!!;1995-01-13;2;13;2595.97;0.0;Camargo de Goiás;SE;0.0;1.0;1.0;Quos tenetur quisquam consequatur occaecati consequuntur.;50.0;1.55;2
2944;Sra. Caroline Ramos;1998-10-23;4;3;0.0;1.0;Pastor;RN;1.0;1.0;1.0;;50.0;;0
2945;Guilherme Castro;1999-04-16;3;2;2318.23;0.0;Brito;MA;1.0;1.0;1.0;;50.0;7.69;1
2946;Dra. Maria Clara Machado;1996-10-17;8;6;3965.63;1.0;da Cunha;!!;0.0;0.0;1.0;;50.0;4.05;1
2947;Elisa Pereira;2000-10-11;1;2;2550.65;1.0;Nascimento;RS;1.0;1.0;0.0;;66.67;;0
2948;Maria Isis da Mota;1997-06-21;7;4;2524.42;0.0;Pereira das Flores;MS;0.0;1.0;0.0;;55.56;3.72;4
2949;Luiza da Cunha;1999-04-22;2;11;3388.59;0.0;Guerra;SE;0.0;1.0;1.0;;80.0;5.97;3
2950;Calebe Lima;2004-09-11;7;3;2140.08;0.0;da Cunha;;0.0;1.0;1.0;Odio cumque aliquam cupiditate vitae dolore.;0.0;4.58;2
2951;;2005-01-17;7;13;2365.42;0.0;Azevedo de Correia;RN;1.0;1.0;1.0;;;1.55;1
2952;João Miguel Fogaça;2004-10-11;7;10;2154.14;1.0;da Cunha;PE;0.0;1.0;0.0;;28.57;5.03;2
2953;Sr. João Pedro Lopes;1998-10-04;10;8;4355.73;1.0;Pereira de Goiás;MT;0.0;1.0;0.0;;40.0;;0
2954;Anthony Pinto;2006-10-25;6;14;2617.82;0.0;Lopes Verde;MT;0.0;0.0;1.0;;0.0;4.44;2
2955;Joana da Luz;1995-06-06;1;15;3194.57;1.0;Aparecida;RO;0.0;1.0;0.0;;0.0;2.63;2
2956;Emanuella Gomes;2000-06-12;1;1;1379.96;0.0;Mendonça;MG;1.0;0.0;0.0;;100.0;;0
2957;Fernanda Ferreira;1999-06-23;3;5;4558.5;0.0;;DF;0.0;0.0;1.0;;50.0;5.66;1
2958;Maria Vitória Correia;;2;17;4108.85;0.0;Guerra;AC;0.0;1.0;0.0;;75.0;4.49;1
2959;Sara Campos;1996-07-18;6;3;830.48;1.0;Cirino da Mata;;1.0;1.0;0.0;;100.0;;0
2960;Sr. Davi Miguel Fonseca;1998-01-14;10;13;4178.86;0.0;Silveira de Barros;CE;0.0;1.0;1.0;;60.0;9.91;1
2961;Miguel Machado;2001-08-14;4;16;4798.03;0.0;Melo de Rezende;DF;0.0;0.0;1.0;;66.67;4.93;1
2962;Heloisa Moraes;2000-09-23;2;6;2379.97;0.0;Monteiro de Costa;RN;1.0;0.0;1.0;;37.5;2.73;1
2963;Juan Andrade;2002-03-14;3;6;1379.75;1.0;Brito;TO;0.0;1.0;0.0;;0.0;5.41;3
2964;Maria Alice Pereira;1996-09-24;4;20;2266.32;0.0;Andrade;MS;0.0;1.0;1.0;Nihil voluptas cupiditate.;66.67;;0
2965;Lívia Caldeira;2005-07-14;2;18;3999.24;1.0;Pastor do Norte;PA;0.0;0.0;0.0;;33.33;0.65;1
2966;Ana Laura Barros;1998-11-23;7;4;3725.98;0.0;Dias;XX;0.0;0.0;0.0;;50.0;4.02;1
2967;Carlos Eduardo da Mata;2005-07-18;5;1;2166.95;0.0;Rocha Paulista;MG;0.0;0.0;1.0;Error fugiat sint autem porro animi aspernatur pariatur.;66.67;;0
2968;Carolina Fernandes;1994-07-26;5;15;3718.99;1.0;da Conceição da Mata;PB;1.0;1.0;1.0;;50.0;8.46;1
2969;Maria Machado;;7;3;722.89;0.0;Nogueira Grande;PE;0.0;1.0;1.0;;0.0;3.12;3
2970;Laís Sales;1994-11-09;9;9;3807.01;0.0;Vargas;BA;1.0;1.0;0.0;;75.0;;0
2971;Luan Andrade;1998-09-12;6;4;2743.26;1.0;Dias;AC;1.0;0.0;1.0;;50.0;;0
2972;Leonardo Azevedo;1997-07-22;6;8;4754.81;1.0;Pimenta de da Cunha;SE;1.0;1.0;0.0;Minima sed inventore et.;100.0;;0
2973;Isabella Sousa;1997-06-28;6;12;662.87;0.0;Marques;AC;0.0;1.0;0.0;;12.5;9.35;1
2974;Dr. Benicio Porto;2005-07-20;4;15;1334.52;1.0;Albuquerque do Campo;MS;0.0;0.0;1.0;;75.0;3.68;4
2975;Ana Beatriz Borges;2003-08-15;9;14;2536.03;1.0;!!!INVALID_DATA!!!;CE;1.0;1.0;0.0;;0.0;4.37;4
2976;Lunna Caldeira;2001-04-14;5;14;2645.48;1.0;da Conceição;!!;0.0;0.0;0.0;;100.0;4.88;1
2977;Bruna Rocha;;8;20;1865.74;0.0;Campos de Gonçalves;SC;1.0;1.0;0.0;Temporibus ratione nulla voluptates sint qui magni.;50.0;7.29;1
2978;Laís Fernandes;2003-12-24;5;9;4327.56;0.0;Vieira;CE;1.0;1.0;1.0;Ipsam aliquid hic eos magnam.;33.33;1.83;1
2979;Vinicius Aragão;1999-09-15;6;14;3063.4;0.0;Abreu;MG;0.0;0.0;0.0;Nobis deleniti doloribus non.;40.0;6.34;2
2980;Dr. Vinícius da Costa;1999-09-11;2;12;2123.98;;Costa;!!;1.0;0.0;;;75.0;6.55;2
2981;Kevin Abreu;2004-12-31;5;9;4617.67;1.0;Ferreira de Novais;PE;0.0;0.0;1.0;;0.0;2.5;2
2982;Augusto Souza;2003-05-22;2;9;3320.98;1.0;Pimenta;TO;0.0;;0.0;;50.0;;0
2983;Henrique Costela;2005-09-25;1;5;2695.2;1.0;Borges;PA;0.0;1.0;0.0;;83.33;3.52;1
2984;Gael da Luz;2007-03-28;1;15;3002.59;1.0;Moraes;BA;0.0;0.0;1.0;Officiis illum fugiat totam placeat.;50.0;0.35;2
2985;Srta. Maria Laura Ferreira;1994-10-13;5;8;2827.87;1.0;Caldeira de da Mata;MG;1.0;0.0;1.0;;20.0;2.31;1
2986;Yuri Câmara;1996-04-09;4;16;1051.06;1.0;Mendes do Campo;AP;0.0;1.0;0.0;;;4.14;1
2987;Vinicius Jesus;;9;13;1995.78;1.0;Camargo de Rios;AP;1.0;0.0;1.0;;100.0;;0
2988;Brayan Alves;1995-02-19;1;5;1630.23;1.0;Nascimento;AL;0.0;1.0;0.0;;75.0;6.88;3
2989;Melina Borges;2000-07-06;10;9;1911.78;0.0;Nunes;SE;0.0;1.0;0.0;;50.0;0.07;1
2990;Dra. Valentina Ferreira;2000-12-19;4;13;4514.1;0.0;Sá das Flores;PA;0.0;0.0;0.0;;0.0;5.0;2
2991;Emanuel Andrade;2002-08-18;7;8;3152.16;1.0;Rezende;XX;0.0;0.0;1.0;;0.0;2.96;2
2992;Bárbara da Cunha;1995-08-06;2;9;2171.52;1.0;!!!INVALID_DATA!!!;PE;1.0;0.0;0.0;Quo veniam eum quam quibusdam sapiente quae.;100.0;7.05;2
2993;Pietra Cassiano;2005-11-21;6;4;1332.62;1.0;Campos de Goiás;AC;0.0;0.0;0.0;;100.0;;0
2994;Felipe Cirino;2001-01-04;1;11;2616.93;0.0;Pires das Flores;RS;1.0;0.0;1.0;;0.0;5.12;1
2995;Alexia Aparecida;2003-07-01;7;12;1734.16;;Câmara das Pedras;RN;1.0;;1.0;;40.0;4.54;3
2996;Maria Clara Moraes;2004-09-21;1;4;4931.27;1.0;Borges;SC;0.0;0.0;0.0;;50.0;;0
2997;Camila Garcia;2005-03-25;3;8;4095.75;0.0;Gomes de Farias;AP;0.0;1.0;0.0;;50.0;4.03;2
2998;Giovanna Nascimento;1998-03-10;1;3;0.0;0.0;Costa;GO;0.0;1.0;1.0;;66.67;3.88;3
2999;Levi Nogueira;2004-11-15;4;5;3641.03;1.0;Gomes;!!;0.0;1.0;1.0;;100.0;6.57;3
3000;Pedro Lucas Albuquerque;2001-11-07;2;7;1880.16;1.0;Azevedo;SE;0.0;1.0;1.0;;0.0;3.59;1
3001;Clarice Cirino;2003-10-19;9;4;1492.45;1.0;Andrade;RN;0.0;0.0;1.0;;40.0;3.8;2
3002;Mariah da Conceição;2006-02-08;4;5;0.0;0.0;Silveira Grande;MA;0.0;0.0;1.0;;25.0;1.12;1
3003;Dr. Anthony Sales;2002-08-25;7;2;3054.23;1.0;Pinto;DF;1.0;0.0;0.0;;25.0;9.05;1
3004;Raul da Mata;2004-03-21;2;12;3623.27;;das Neves;RS;1.0;0.0;0.0;;100.0;4.93;2
3005;Gael Henrique Novais;1999-07-31;1;14;2228.94;0.0;;RJ;1.0;;1.0;;100.0;4.92;4
3006;Mateus da Costa;1996-09-01;10;8;2538.04;1.0;da Cunha;MA;1.0;0.0;1.0;;0.0;4.22;1
3007;Camila Moreira;2006-11-16;1;18;3314.23;1.0;Leão;PI;1.0;0.0;0.0;Similique iure possimus hic dicta atque.;50.0;5.9;2
3008;!!!INVALID_DATA!!!;1995-12-28;6;12;2078.55;1.0;Ramos de Moura;ES;0.0;1.0;0.0;;80.0;5.66;1
3009;Dr. João Siqueira;2001-09-28;9;4;2578.85;0.0;Aparecida do Oeste;PB;0.0;0.0;0.0;;75.0;8.29;1
3010;Luigi Araújo;2004-06-07;5;6;3283.49;0.0;Moreira da Serra;PE;0.0;0.0;1.0;;66.67;3.53;3
3011;Léo Rios;1998-08-25;4;19;670.07;1.0;Pacheco de Câmara;GO;0.0;1.0;0.0;;66.67;;0
3012;Sr. Ian Nunes;2000-07-21;8;7;1234.98;;da Rosa das Pedras;RJ;0.0;1.0;1.0;;80.0;5.18;3
3013;Fernando Carvalho;2004-05-29;10;10;853.26;0.0;Rios de da Costa;SC;1.0;1.0;0.0;Sapiente fuga iusto delectus eligendi assumenda.;50.0;9.87;1
3014;Hellena Pacheco;1995-12-15;7;5;4407.73;1.0;Câmara;RN;0.0;1.0;0.0;;100.0;;0
3015;Benicio Ribeiro;2000-09-27;7;20;2273.77;0.0;Azevedo de da Luz;PE;0.0;1.0;0.0;Cupiditate suscipit corporis voluptatum.;20.0;9.37;3
3016;Sabrina Cavalcanti;1995-01-26;1;7;4969.86;1.0;da Conceição Verde;PE;0.0;1.0;0.0;;50.0;5.23;2
3017;Sr. João da Conceição;2000-02-14;3;19;1724.55;1.0;Moura do Oeste;MG;1.0;;1.0;;50.0;1.38;1
3018;Manuela Cavalcanti;1996-12-07;6;19;4829.95;0.0;da Conceição;PA;0.0;1.0;0.0;;60.0;9.34;1
3019;Sophie Moreira;1999-06-29;10;19;4295.39;1.0;Machado de Novais;BA;0.0;1.0;0.0;;20.0;7.49;1
3020;Pietra Montenegro;1999-04-10;1;13;2412.66;1.0;Peixoto das Flores;BA;0.0;1.0;0.0;;50.0;;0
3021;Thiago Casa Grande;2000-07-14;2;11;1540.42;0.0;Teixeira;MG;0.0;0.0;0.0;;66.67;4.61;1
3022;Maitê Araújo;2002-12-20;3;18;4414.25;1.0;da Luz;PB;1.0;0.0;1.0;;66.67;4.86;2
3023;Anthony Gabriel Ramos;2005-05-24;1;6;1594.76;1.0;da Conceição;RN;0.0;0.0;1.0;;33.33;;0
3024;Davi Miguel da Costa;1997-07-08;6;10;3371.87;;Guerra do Norte;PR;0.0;0.0;1.0;;66.67;5.03;5
3025;Lorena da Rocha;2005-12-18;1;18;850.26;1.0;Lima de Minas;RJ;1.0;0.0;0.0;;50.0;6.26;1
3026;Pedro Miguel Nascimento;2007-03-10;2;7;2380.35;0.0;da Conceição de Pimenta;MG;0.0;0.0;0.0;;50.0;5.84;2
3027;Lucca Cardoso;;2;18;2184.93;;Teixeira;PB;0.0;0.0;1.0;;40.0;;0
3028;!!!INVALID_DATA!!!;2003-07-29;5;5;2332.33;1.0;Castro;MG;0.0;1.0;0.0;;100.0;4.72;2
3029;Oliver Correia;1997-11-26;8;4;1706.6;0.0;da Rocha;PI;0.0;0.0;1.0;;25.0;3.44;3
3030;Gustavo Macedo;2003-10-17;7;7;665.51;0.0;Abreu do Galho;SC;1.0;0.0;1.0;;100.0;;0
3031;Isaac Sampaio;2000-10-13;7;19;2331.52;1.0;Araújo Paulista;RN;1.0;0.0;1.0;Illum at eos corrupti.;60.0;;0
3032;Maria Alice da Mata;1995-09-09;10;5;828.21;0.0;Ferreira do Sul;MG;1.0;0.0;0.0;;50.0;5.53;2
3033;Augusto Macedo;1998-04-19;8;2;1971.35;0.0;Moraes das Flores;AP;1.0;1.0;0.0;;0.0;5.0;2
3034;Samuel Barros;1997-01-10;9;17;2985.24;1.0;Ferreira;CE;0.0;1.0;1.0;Dolores aut placeat amet amet dicta officiis provident.;50.0;5.65;2
3035;Olivia Caldeira;2006-09-19;3;20;2247.03;0.0;Dias das Flores;SC;0.0;1.0;0.0;;75.0;;0
3036;Srta. Zoe Cirino;1995-12-14;8;5;1896.51;0.0;Moreira;AM;1.0;0.0;1.0;At assumenda facere odit.;33.33;4.93;2
3037;Srta. Valentina Macedo;2001-10-30;7;12;3813.21;1.0;Correia;DF;0.0;0.0;0.0;Adipisci delectus aliquid deserunt temporibus rem.;20.0;4.09;4
3038;Samuel Brito;1995-12-25;9;1;1690.52;1.0;Cardoso Grande;MS;1.0;0.0;1.0;;57.14;4.86;2
3039;Srta. Bárbara Siqueira;1999-06-22;10;4;1811.55;0.0;Lopes do Galho;SE;0.0;0.0;1.0;;100.0;3.48;1
3040;Emanuel Mendes;2002-07-05;8;19;2907.35;0.0;Casa Grande;XX;0.0;0.0;0.0;;50.0;2.48;1
3041;Maya Viana;1994-08-21;7;3;925.83;1.0;Ramos das Flores;SE;0.0;1.0;1.0;Numquam recusandae officiis voluptatum excepturi.;20.0;8.15;1
3042;Rhavi Castro;1999-12-02;5;18;3592.85;0.0;Vargas;SC;1.0;1.0;0.0;Vitae dolor odio consectetur.;0.0;2.09;2
3043;Theo Mendonça;2006-12-27;5;15;3464.06;1.0;Casa Grande;PB;1.0;1.0;0.0;;50.0;0.77;2
3044;Alexandre Marques;1999-12-21;6;3;0.0;0.0;Rios de Cardoso;MG;1.0;0.0;0.0;;;9.75;1
3045;Dr. Diogo Brito;1997-10-28;7;5;1388.42;0.0;Nunes do Oeste;PA;1.0;;0.0;;0.0;9.53;1
3046;Dr. Renan das Neves;2003-07-18;10;18;2659.83;0.0;Marques;AM;0.0;1.0;;;50.0;7.84;2
3047;Theodoro Câmara;2005-12-16;4;13;3588.07;0.0;Cardoso;RS;0.0;1.0;0.0;;0.0;5.57;3
3048;Dr. Thomas Alves;1996-09-21;4;5;1630.73;;Pires;;0.0;0.0;0.0;;66.67;;0
3049;Mirella da Mota;2004-11-25;5;9;2761.21;0.0;Pereira de Lima;!!;0.0;0.0;0.0;;0.0;0.35;1
3050;Isis Rios;2005-09-09;1;4;3210.47;1.0;Monteiro;RR;0.0;0.0;0.0;;0.0;0.75;1
3051;;2002-02-14;8;16;4581.37;0.0;Sales;DF;0.0;0.0;1.0;Occaecati dolorem libero consequatur.;25.0;4.23;3
3052;Théo Barbosa;1995-12-02;2;18;2810.75;1.0;Rocha;ES;0.0;1.0;;;100.0;7.59;1
3053;Dra. Esther Pimenta;2004-03-20;5;5;4945.86;1.0;Machado;SE;0.0;0.0;0.0;;42.86;1.59;1
3054;Evelyn da Costa;1996-08-18;5;19;1696.38;0.0;XXXXXXXXXXXXXXXXXXXXXXXXXXXXXXXXXXXXXXXXXXXXXXXXXXXXXXXXXXXX;PR;1.0;0.0;1.0;;0.0;;0
3055;Paulo Macedo;;6;8;1175.6;1.0;Montenegro;TO;1.0;0.0;0.0;;;5.39;2
3056;Dr. Renan Alves;1999-12-18;1;9;4110.86;;;PA;1.0;0.0;0.0;;100.0;4.4;3
3057;Manuela Cardoso;2001-04-27;10;10;896.18;1.0;Ferreira de Porto;TO;1.0;0.0;1.0;;57.14;3.63;3
3058;Srta. Maria Flor Pires;1996-09-26;7;13;2446.77;0.0;Vargas;RN;1.0;1.0;0.0;Non aliquid sapiente.;0.0;5.24;3
3059;Ana Beatriz Barros;1997-01-20;4;11;547.25;0.0;da Conceição de Rocha;RS;0.0;1.0;1.0;;;6.91;3
3060;Vitor Gabriel Siqueira;1996-02-21;7;12;1735.45;1.0;Sá de da Mata;GO;0.0;0.0;0.0;;;3.65;2
3061;Mariane Silva;1995-12-28;9;7;4241.28;1.0;Moraes de Freitas;AC;;0.0;0.0;;100.0;1.0;2
3062;Francisco Souza;1995-09-15;1;14;3994.31;1.0;Machado de Pinto;MG;0.0;1.0;1.0;;33.33;;0
3063;Sofia Costa;2003-09-06;1;20;4294.58;0.0;Aragão;RR;1.0;0.0;0.0;;;5.55;3
3064;Dr. Antônio Pereira;1997-02-06;8;5;1197.13;;Fernandes;DF;0.0;0.0;1.0;;25.0;;0
3065;Dr. Gustavo Leão;2005-05-18;5;10;3558.95;1.0;Castro;MT;1.0;;0.0;;0.0;9.4;1
3066;Raul Rezende;2004-02-18;5;4;2767.08;0.0;;!!;0.0;0.0;0.0;;50.0;5.32;2
3067;Ana Sophia Teixeira;1999-11-19;5;19;654.47;0.0;da Paz do Sul;PE;0.0;1.0;1.0;;50.0;2.02;1
3068;Caleb Freitas;2004-03-26;10;9;3035.78;0.0;Nascimento;!!;1.0;1.0;0.0;;50.0;5.74;2
3069;Theo Costa;2005-06-09;8;4;1826.7;0.0;Azevedo;AP;1.0;1.0;1.0;Voluptatibus facilis temporibus explicabo libero quasi sit.;0.0;3.82;3
3070;Maria Sophia Rocha;2000-09-04;1;17;3967.89;1.0;Marques;;1.0;0.0;1.0;Sed expedita assumenda esse deserunt veniam.;66.67;;0
3071;Luiz Otávio Viana;1996-02-22;7;6;2187.95;0.0;Siqueira;ES;0.0;1.0;1.0;;;2.04;3
3072;!!!INVALID_DATA!!!;1995-09-06;7;5;968.07;0.0;Pires de Goiás;RS;1.0;1.0;1.0;;100.0;6.39;1
3073;Sr. Enrico Mendes;1999-08-16;2;2;4191.08;;Andrade das Flores;MS;1.0;0.0;1.0;;50.0;6.52;2
3074;Alexandre Almeida;2005-06-14;8;16;4948.85;0.0;Fogaça;MG;0.0;1.0;0.0;;66.67;8.69;1
3075;Maria Eduarda Costa;2003-09-04;4;2;0.0;1.0;Camargo de Montenegro;RS;1.0;0.0;1.0;Dolorem tempore accusantium debitis optio.;50.0;3.36;2
3076;Sra. Rafaela Camargo;2003-12-18;7;19;4597.67;0.0;Cunha Alegre;AM;1.0;1.0;1.0;;100.0;0.26;1
3077;;1999-04-12;8;7;1714.14;0.0;Fonseca de Costela;;0.0;1.0;0.0;;80.0;2.82;1
3078;Eloah Montenegro;1999-02-10;2;12;0.0;0.0;Borges;;0.0;1.0;1.0;Minima culpa aliquam quam reprehenderit.;;;0
3079;Sr. Davi Lucas Macedo;1997-05-28;9;16;4711.7;1.0;Cirino;RJ;1.0;0.0;1.0;;25.0;1.4;1
3080;Maria Eduarda Cavalcante;1996-09-21;6;11;4269.09;1.0;Moura;PR;0.0;1.0;0.0;Beatae aut a aliquam veritatis.;50.0;6.46;1
3081;Daniela da Conceição;1995-05-17;9;20;3331.78;1.0;Machado do Galho;PI;0.0;1.0;0.0;;55.56;5.07;3
3082;Dr. Bento Barbosa;1995-05-24;10;9;4618.08;1.0;da Cruz de Sampaio;SC;1.0;0.0;0.0;;0.0;5.86;3
3083;Liam Gonçalves;2005-05-14;7;7;;0.0;Silva;AM;1.0;1.0;0.0;;75.0;;0
3084;Sra. Ana Abreu;1995-06-09;3;9;2077.59;0.0;Camargo da Prata;CE;0.0;1.0;0.0;;50.0;6.53;4
3085;;1995-06-24;1;16;4948.23;1.0;Santos de Minas;BA;0.0;1.0;1.0;;50.0;3.63;1
3086;Alice Dias;1995-10-20;5;19;3839.99;1.0;Machado;RN;1.0;0.0;1.0;;0.0;5.56;2
3087;Maria Fernanda Fogaça;2000-02-28;10;17;4834.36;1.0;!!!INVALID_DATA!!!;AC;0.0;0.0;0.0;Voluptate labore illo ipsam corporis maiores.;62.5;;0
3088;Srta. Isis Lopes;2007-01-14;1;10;1389.49;0.0;Oliveira da Mata;AC;1.0;0.0;0.0;;50.0;5.97;3
3089;João Felipe Cunha;2006-03-15;9;7;3721.55;1.0;Martins;AC;1.0;1.0;1.0;Perspiciatis explicabo minus unde sapiente delectus consequatur atque.;83.33;2.35;1
3090;Diogo Vargas;2002-12-25;3;14;3071.43;1.0;Andrade;DF;1.0;1.0;;Illum at fugiat iusto sapiente animi hic.;50.0;2.24;2
3091;Rhavi Fogaça;2005-08-21;5;11;4939.8;0.0;Freitas Grande;XX;0.0;0.0;0.0;;50.0;4.14;1
3092;Pedro Miguel Pereira;2000-11-10;9;2;1037.6;1.0;!!!INVALID_DATA!!!;AL;0.0;1.0;0.0;;50.0;4.96;1
3093;Sr. Erick Rezende;1994-07-02;5;9;1852.53;0.0;Almeida de Dias;!!;0.0;0.0;0.0;;50.0;4.43;1
3094;Bruna Moreira;2006-10-24;7;9;3392.44;1.0;Rodrigues Grande;PB;1.0;1.0;0.0;;100.0;0.92;1
3095;Theodoro Montenegro;2005-12-07;2;6;2587.57;1.0;Camargo do Amparo;AM;0.0;0.0;0.0;Rerum eligendi distinctio praesentium odit quibusdam molestiae.;33.33;6.36;3
3096;!!!INVALID_DATA!!!;1997-01-27;5;13;1160.22;1.0;Cassiano de Lopes;RJ;1.0;1.0;1.0;Culpa iusto qui.;50.0;4.27;2
3097;Ana Carolina Gomes;1995-12-15;8;14;4127.61;0.0;Viana de Nascimento;MA;0.0;0.0;1.0;;42.86;5.73;1
3098;Maya Moura;2001-01-06;1;6;3877.58;0.0;da Rosa de Cavalcante;AM;1.0;0.0;1.0;;66.67;4.22;4
3099;!!!INVALID_DATA!!!;1997-04-17;9;10;3403.29;1.0;Azevedo Alegre;RN;1.0;0.0;0.0;;100.0;5.69;2
3100;Caroline Machado;1998-04-08;2;1;1255.99;0.0;;PA;0.0;1.0;1.0;Veniam minima nesciunt.;100.0;0.76;1
3101;Bruna Freitas;2003-06-05;3;16;2022.55;1.0;Duarte;PA;1.0;0.0;0.0;;100.0;6.05;1
3102;;1996-06-13;6;6;4986.9;0.0;Oliveira;PA;0.0;0.0;0.0;;66.67;5.19;1
3103;Nina Barbosa;1999-02-08;1;5;1056.07;1.0;Santos;TO;1.0;0.0;0.0;Libero minus vero illum.;50.0;7.25;1
3104;Melina Costa;1994-12-26;2;11;1495.09;0.0;da Costa de Minas;MA;1.0;1.0;0.0;;100.0;1.68;2
3105;Davi Luiz Cassiano;1997-12-13;7;13;1703.99;0.0;XXXXXXXXXXXXXXXXXXXXXXXXXXXXXXXXXXXXXXXXXXXXXXXXXXXXXXXXXXXX;;1.0;0.0;0.0;;40.0;5.74;1
3106;José Miguel Mendonça;2000-08-20;5;6;2886.79;0.0;Alves;CE;1.0;0.0;0.0;;;;0
3107;Otto Novais;2003-09-25;5;1;4563.25;0.0;Costa;PR;1.0;0.0;0.0;;100.0;;0
3108;;1997-07-28;1;6;3832.23;1.0;Mendes de Brito;SC;0.0;1.0;0.0;;100.0;;0
3109;Dra. Giovanna Rios;1997-10-15;1;20;4601.19;1.0;Viana;RO;1.0;1.0;;;50.0;2.94;2
3110;Sra. Kamilly Siqueira;1997-05-18;5;7;3240.66;1.0;;AL;0.0;0.0;0.0;;50.0;2.16;2
3111;Isaac Cavalcanti;2006-07-19;8;2;529.2;0.0;Casa Grande dos Dourados;SC;0.0;0.0;1.0;;66.67;7.7;1
3112;Pedro Miguel Silveira;2001-02-25;3;13;3977.38;1.0;Novais da Mata;PR;1.0;1.0;0.0;;80.0;1.62;2
3113;Ana Sophia Casa Grande;2001-01-02;2;11;4028.53;1.0;Cirino das Flores;SP;0.0;0.0;1.0;;100.0;7.17;4
3114;Thales da Paz;2007-01-29;7;2;3928.37;1.0;Andrade do Sul;SC;0.0;0.0;1.0;;75.0;;0
3115;Dr. Lucas Cassiano;2002-06-10;7;19;4565.61;0.0;XXXXXXXXXXXXXXXXXXXXXXXXXXXXXXXXXXXXXXXXXXXXXXXXXXXXXXXXXXXX;RR;0.0;1.0;;;80.0;3.3;1
3116;Juliana Sousa;1996-08-01;6;3;1181.59;0.0;Machado Grande;PE;1.0;1.0;1.0;;50.0;;0
3117;Sra. Maria Liz Aparecida;2003-09-19;9;9;638.32;1.0;Ferreira;AM;0.0;1.0;0.0;;50.0;8.75;1
3118;!!!INVALID_DATA!!!;1996-04-24;3;12;3721.43;1.0;Barbosa;RJ;0.0;0.0;;;50.0;;0
3119;Ravi Lucca Gomes;1996-11-02;1;10;1149.08;1.0;Jesus;CE;1.0;0.0;0.0;;75.0;6.95;4
3120;;2001-04-19;4;2;4345.94;1.0;Pinto de Dias;AM;0.0;1.0;0.0;Dicta eligendi officiis nihil eius.;100.0;4.06;2
3121;Dr. Murilo Correia;2006-10-11;2;15;2071.98;1.0;da Paz de Santos;DF;0.0;0.0;0.0;;66.67;;0
