id;aluno_id;materia_id;data;presente
1;350;23;2025-02-15;0
2;2927;17;2025-03-12;0
3;1807;23;2025-03-25;0
4;352;6;2025-03-10;0
5;2855;21;2025-02-03;0
6;1056;5;2025-04-12;1
7;2775;16;2025-03-31;1
8;1075;8;2025-03-20;0
9;1633;27;2025-04-14;0
10;2299;10;2025-01-25;1
11;2736;15;2025-03-08;1
12;1192;7;2025-04-23;1
13;179;11;2025-01-30;0
14;2996;19;2025-04-15;1
15;1682;27;2025-02-24;0
16;2996;11;2025-03-12;0
17;461;28;2025-02-23;0
18;529;5;2025-03-18;0
19;1971;12;2025-04-10;1
20;813;9;2025-03-31;1
21;413;12;2025-03-04;0
22;2309;8;2025-02-08;0
23;650;12;2025-04-06;0
24;1289;9;2025-02-01;0
25;2700;14;2025-04-27;0
26;496;13;2025-03-18;0
27;2685;5;2025-03-10;0
28;2394;27;2025-01-27;0
29;1068;29;2025-04-19;0
30;3001;24;2025-02-05;0
31;2142;11;2025-03-08;1
32;722;28;2025-01-16;1
33;2401;12;2025-04-25;1
34;2621;8;2025-01-28;1
35;1148;5;2025-04-16;0
36;1281;6;2025-01-22;0
37;763;25;2025-02-06;1
38;2105;14;2025-04-19;0
39;580;4;2025-03-26;0
40;176;4;2025-02-25;1
41;2601;7;2025-02-25;1
42;2091;16;2025-01-08;0
43;1196;29;2025-02-01;0
44;1846;30;2025-02-12;1
45;44;13;2025-04-04;0
46;1141;6;2025-03-27;0
47;687;25;2025-04-25;1
48;2881;28;2025-01-03;0
49;1143;27;2025-04-09;0
50;531;30;2025-03-29;1
51;1753;16;2025-02-22;0
52;2196;1;2025-03-07;0
53;1404;25;2025-02-05;1
54;891;2;2025-02-13;1
55;1070;5;2025-03-15;1
56;1860;5;2025-04-11;1
57;1056;10;2025-03-19;0
58;1139;20;2025-01-25;1
59;403;7;2025-01-24;1
60;3064;13;2025-04-22;0
61;1364;20;2025-04-16;1
62;1477;3;2025-03-05;0
63;1386;30;2025-04-12;0
64;2970;26;2025-03-07;1
65;823;13;2025-03-29;0
66;401;15;2025-01-21;1
67;2732;17;2025-02-06;0
68;1366;15;2025-03-04;1
69;1341;12;2025-03-13;0
70;3113;4;2025-03-07;1
71;134;17;2025-04-26;0
72;2832;9;2025-04-26;0
73;632;20;2025-04-13;0
74;3108;16;2025-04-15;1
75;2164;22;2025-01-12;0
76;1337;25;2025-01-17;1
77;3083;13;2025-01-03;1
78;2662;7;2025-04-01;1
79;1961;15;2025-04-01;0
80;1693;15;2025-03-24;0
81;2399;1;2025-04-21;1
82;3002;20;2025-01-30;0
83;1139;20;2025-03-11;1
84;2499;11;2025-04-05;1
85;2882;5;2025-03-23;0
86;701;17;2025-04-19;0
87;2947;23;2025-03-15;0
88;1253;11;2025-02-24;0
89;2409;26;2025-03-13;0
90;562;27;2025-01-18;1
91;1650;6;2025-02-20;1
92;2555;12;2025-04-23;0
93;3015;1;2025-02-04;0
94;1314;25;2025-03-22;0
95;1591;22;2025-01-14;1
96;2921;24;2025-03-29;1
97;2949;23;2025-04-25;1
98;803;13;2025-02-22;0
99;2149;4;2025-03-31;1
100;3088;15;2025-04-13;0
101;405;12;2025-03-20;0
102;2114;3;2025-02-15;1
103;1148;26;2025-04-14;0
104;1380;1;2025-04-26;1
105;2749;25;2025-04-04;0
106;2314;6;2025-03-13;0
107;2511;28;2025-04-20;1
108;2917;7;2025-01-15;0
109;621;16;2025-04-13;1
110;1954;7;2025-01-16;0
111;1805;17;2025-03-05;0
112;32;10;2025-01-31;1
113;510;10;2025-03-14;0
114;1468;11;2025-03-10;0
115;1836;20;2025-01-10;0
116;247;14;2025-02-17;1
117;1023;18;2025-03-07;1
118;470;23;2025-01-04;0
119;338;9;2025-01-11;1
120;2944;26;2025-02-09;1
121;2356;22;2025-02-25;1
122;2012;14;2025-04-15;0
123;58;27;2025-01-07;0
124;2666;24;2025-02-17;0
125;637;9;2025-02-15;0
126;1490;29;2025-04-12;1
127;1334;29;2025-02-21;1
128;1960;6;2025-01-23;0
129;646;26;2025-01-24;1
130;2458;7;2025-01-07;0
131;1051;17;2025-01-09;1
132;2771;1;2025-03-12;1
133;1764;5;2025-03-03;1
134;13;6;2025-04-23;1
135;440;14;2025-01-09;0
136;284;14;2025-04-14;1
137;66;6;2025-01-16;1
138;2510;1;2025-02-22;0
139;1753;27;2025-02-05;0
140;2078;20;2025-02-02;0
141;1232;16;2025-03-27;0
142;2247;4;2025-04-07;0
143;102;27;2025-02-25;1
144;2752;12;2025-01-27;1
145;1040;17;2025-01-24;0
146;1330;24;2025-02-05;0
147;631;19;2025-04-14;0
148;384;4;2025-02-26;1
149;1608;30;2025-03-04;1
150;625;2;2025-03-07;1
151;2320;25;2025-04-04;0
152;1710;8;2025-03-21;1
153;2539;9;2025-04-09;0
154;1510;30;2025-04-23;0
155;1769;27;2025-04-09;1
156;1473;1;2025-03-31;0
157;2320;20;2025-04-15;1
158;1603;5;2025-03-27;1
159;1525;12;2025-02-01;0
160;2434;21;2025-04-17;0
161;726;20;2025-04-15;0
162;1684;21;2025-03-28;1
163;1611;24;2025-03-25;1
164;338;13;2025-03-14;1
165;1654;6;2025-02-13;0
166;1073;14;2025-03-01;1
167;198;4;2025-02-14;1
168;2555;9;2025-03-11;1
169;2211;23;2025-02-03;1
170;1474;30;2025-02-17;0
171;2914;17;2025-02-26;0
172;2436;18;2025-03-30;1
173;3120;22;2025-02-11;1
174;2837;2;2025-03-27;1
175;95;14;2025-01-14;0
176;1662;17;2025-04-18;1
177;1709;25;2025-02-23;0
178;151;30;2025-03-20;0
179;807;11;2025-02-24;1
180;552;15;2025-02-17;1
181;1917;15;2025-02-06;0
182;1922;26;2025-03-20;0
183;17;22;2025-01-22;0
184;540;15;2025-03-15;1
185;1240;27;2025-02-10;1
186;1908;16;2025-01-09;1
187;3027;24;2025-04-02;0
188;1725;28;2025-02-27;1
189;171;7;2025-04-05;0
190;2411;8;2025-03-04;0
191;2675;24;2025-01-03;1
192;20;22;2025-04-11;0
193;2118;30;2025-02-26;1
194;622;17;2025-01-04;0
195;1323;11;2025-04-14;1
196;2181;2;2025-01-03;1
197;2405;26;2025-04-24;0
198;312;28;2025-03-16;1
199;623;19;2025-04-10;1
200;3010;11;2025-02-28;1
201;1320;16;2025-01-01;0
202;2891;24;2025-03-28;1
203;2151;19;2025-02-26;0
204;1440;18;2025-03-30;1
205;2969;3;2025-02-18;0
206;2898;30;2025-01-01;1
207;1788;25;2025-03-09;1
208;385;11;2025-02-21;1
209;1147;29;2025-01-17;0
210;1318;20;2025-01-21;0
211;2185;12;2025-03-12;1
212;1078;16;2025-02-06;1
213;1447;26;2025-01-07;1
214;78;30;2025-03-15;1
215;2908;5;2025-02-13;0
216;1242;6;2025-01-29;1
217;3072;30;2025-04-05;1
218;1899;17;2025-01-03;1
219;2188;18;2025-02-11;0
220;1712;16;2025-03-13;0
221;378;10;2025-03-08;0
222;804;3;2025-03-05;1
223;806;2;2025-04-23;1
224;1969;10;2025-01-23;0
225;1089;10;2025-03-09;0
226;963;14;2025-02-21;0
227;536;15;2025-04-11;1
228;2713;25;2025-01-06;1
229;1480;11;2025-04-06;0
230;2340;7;2025-03-29;0
231;2806;22;2025-01-10;1
232;1265;28;2025-04-15;1
233;123;21;2025-02-18;0
234;2147;21;2025-04-23;1
235;1486;19;2025-01-19;1
236;581;29;2025-03-29;1
237;1306;22;2025-02-13;0
238;634;10;2025-02-01;0
239;1060;23;2025-01-28;0
240;223;20;2025-03-09;1
241;1253;9;2025-03-25;0
242;2942;20;2025-02-05;1
243;118;26;2025-04-25;1
244;2402;30;2025-03-01;1
245;2333;30;2025-01-25;1
246;1692;29;2025-04-15;1
247;257;25;2025-04-05;0
248;795;17;2025-01-27;0
249;828;11;2025-01-15;1
250;2568;30;2025-02-03;0
251;448;27;2025-01-13;0
252;2608;15;2025-04-03;1
253;1442;11;2025-02-17;1
254;961;7;2025-03-13;0
255;457;5;2025-04-07;1
256;593;30;2025-02-11;0
257;2603;7;2025-02-06;0
258;1991;12;2025-01-31;0
259;2812;14;2025-01-02;1
260;2189;1;2025-01-19;0
261;39;30;2025-03-21;1
262;1908;18;2025-03-11;0
263;838;22;2025-02-22;0
264;58;2;2025-04-27;1
265;372;22;2025-04-15;0
266;2288;11;2025-01-24;1
267;639;8;2025-02-14;0
268;1693;24;2025-03-05;1
269;255;4;2025-01-27;0
270;1199;9;2025-01-17;0
271;949;5;2025-02-11;0
272;2883;9;2025-01-21;0
273;2450;6;2025-03-03;1
274;1468;24;2025-01-18;1
275;401;9;2025-03-13;0
276;2626;8;2025-02-13;1
277;1105;8;2025-03-22;1
278;2707;1;2025-02-24;1
279;1221;25;2025-04-09;1
280;2481;10;2025-02-07;1
281;2377;15;2025-01-05;1
282;1524;23;2025-02-15;1
283;915;23;2025-02-06;1
284;2016;14;2025-03-15;0
285;1367;19;2025-02-03;0
286;1796;12;2025-03-17;0
287;2199;7;2025-02-26;0
288;1136;22;2025-01-18;1
289;964;24;2025-01-22;0
290;2820;1;2025-02-18;0
291;387;19;2025-04-02;1
292;2349;30;2025-04-04;1
293;2994;21;2025-01-01;0
294;2281;10;2025-03-09;0
295;349;4;2025-01-24;0
296;1131;20;2025-04-07;1
297;2149;8;2025-02-20;0
298;644;24;2025-04-26;0
299;9;9;2025-04-19;1
300;2262;10;2025-04-01;0
301;802;22;2025-02-09;1
302;2746;28;2025-03-01;1
303;2185;22;2025-04-06;1
304;2334;19;2025-04-19;0
305;813;21;2025-04-15;0
306;1173;27;2025-04-25;1
307;952;23;2025-01-16;1
308;1664;18;2025-01-17;0
309;1026;6;2025-02-27;1
310;1797;26;2025-01-10;1
311;1731;19;2025-03-27;1
312;2386;19;2025-04-12;1
313;2213;15;2025-03-24;1
314;1936;21;2025-01-01;1
315;2605;13;2025-04-15;1
316;2176;23;2025-03-07;0
317;912;30;2025-03-14;1
318;2491;1;2025-04-05;1
319;517;8;2025-02-22;0
320;2284;5;2025-03-06;0
321;543;25;2025-02-28;0
322;250;29;2025-04-12;0
323;725;1;2025-03-27;1
324;849;20;2025-01-23;0
325;290;3;2025-02-19;0
326;197;8;2025-01-01;0
327;776;30;2025-04-03;1
328;2211;30;2025-03-20;1
329;1209;24;2025-03-06;0
330;2783;22;2025-03-08;0
331;902;23;2025-04-15;0
332;1625;14;2025-04-17;0
333;1947;24;2025-04-01;1
334;2526;23;2025-02-16;1
335;1659;24;2025-04-06;1
336;1832;19;2025-02-01;1
337;2291;27;2025-04-13;1
338;584;2;2025-02-26;0
339;1929;9;2025-04-03;0
340;455;15;2025-04-22;1
341;2340;24;2025-03-24;0
342;1738;18;2025-02-15;0
343;240;9;2025-02-22;1
344;994;26;2025-02-07;0
345;2459;4;2025-04-21;0
346;300;13;2025-01-16;0
347;1344;10;2025-04-18;1
348;2150;2;2025-02-07;1
349;378;12;2025-02-26;0
350;1428;1;2025-01-28;1
351;1592;20;2025-02-16;0
352;1236;27;2025-04-09;0
353;1082;25;2025-02-24;0
354;661;25;2025-01-10;0
355;1719;13;2025-04-03;0
356;3017;5;2025-03-08;0
357;2336;8;2025-01-10;1
358;2827;12;2025-02-28;1
359;2154;30;2025-01-28;0
360;2039;21;2025-01-19;1
361;2875;28;2025-01-28;0
362;781;4;2025-02-11;1
363;541;5;2025-02-08;0
364;535;16;2025-04-15;0
365;1327;12;2025-04-26;0
366;1550;25;2025-03-29;1
367;3112;15;2025-01-12;1
368;1853;1;2025-04-02;0
369;1544;5;2025-04-01;1
370;2177;18;2025-01-25;1
371;1481;3;2025-04-04;1
372;1234;19;2025-01-27;0
373;1341;28;2025-02-24;1
374;3064;22;2025-01-20;1
375;2157;8;2025-01-10;1
376;2675;21;2025-02-21;0
377;2236;10;2025-01-01;1
378;2434;1;2025-04-12;1
379;440;4;2025-03-31;1
380;763;8;2025-03-04;1
381;68;28;2025-04-01;1
382;62;2;2025-03-20;1
383;242;2;2025-03-03;0
384;57;30;2025-01-22;1
385;2791;15;2025-04-02;1
386;1246;22;2025-01-15;1
387;2057;15;2025-04-03;0
388;2749;2;2025-01-13;0
389;2399;20;2025-01-20;1
390;1669;7;2025-04-19;1
391;1083;30;2025-01-24;0
392;253;3;2025-03-11;1
393;387;22;2025-04-16;0
394;865;16;2025-02-16;0
395;2319;7;2025-04-05;0
396;1716;9;2025-01-21;0
397;1101;19;2025-04-25;0
398;2593;19;2025-01-25;0
399;2284;5;2025-02-20;1
400;1094;21;2025-01-08;1
401;1296;9;2025-03-17;1
402;1631;30;2025-03-28;1
403;2652;14;2025-02-27;1
404;1243;6;2025-03-19;1
405;519;10;2025-04-20;1
406;2714;21;2025-02-15;0
407;2754;4;2025-01-27;0
408;1279;24;2025-04-27;0
409;421;8;2025-01-13;0
410;3087;19;2025-04-08;1
411;2191;12;2025-02-04;1
412;18;3;2025-02-10;0
413;1239;3;2025-02-09;0
414;2341;26;2025-03-30;1
415;2450;29;2025-02-04;1
416;48;7;2025-01-05;1
417;6;15;2025-04-13;0
418;238;19;2025-02-09;0
419;2294;26;2025-01-01;1
420;1200;9;2025-01-02;1
421;1436;2;2025-02-24;0
422;2900;24;2025-01-14;1
423;1655;8;2025-01-14;1
424;887;3;2025-04-26;1
425;1075;20;2025-03-16;0
426;25;1;2025-02-13;1
427;2008;9;2025-01-01;0
428;154;28;2025-01-29;0
429;979;11;2025-04-13;0
430;701;20;2025-01-08;0
431;843;16;2025-01-27;1
432;2186;24;2025-03-04;1
433;2134;8;2025-02-24;1
434;836;11;2025-02-20;0
435;2097;10;2025-02-11;0
436;2029;25;2025-04-04;0
437;1933;28;2025-02-26;0
438;1425;28;2025-03-08;1
439;1615;8;2025-04-08;1
440;666;30;2025-02-10;0
441;1030;12;2025-01-04;1
442;2433;2;2025-03-14;1
443;1393;13;2025-02-28;1
444;1423;12;2025-04-04;0
445;2260;7;2025-04-18;1
446;498;28;2025-04-27;1
447;1226;8;2025-04-20;1
448;3103;15;2025-03-25;1
449;1951;28;2025-02-07;0
450;1205;14;2025-01-28;0
451;2390;7;2025-04-16;0
452;1232;7;2025-01-15;1
453;10;20;2025-02-22;1
454;958;7;2025-02-22;0
455;977;12;2025-01-12;0
456;147;27;2025-02-09;1
457;2410;26;2025-03-09;1
458;1868;7;2025-01-26;1
459;2520;15;2025-02-14;0
460;2895;13;2025-02-19;0
461;1138;18;2025-03-21;0
462;2976;8;2025-02-20;1
463;3037;7;2025-03-01;0
464;943;2;2025-04-07;1
465;1797;17;2025-03-29;1
466;602;17;2025-01-18;1
467;1278;5;2025-01-21;0
468;1870;25;2025-04-22;0
469;3076;14;2025-03-05;1
470;1988;20;2025-01-25;1
471;537;28;2025-02-23;1
472;1617;4;2025-01-11;0
473;393;9;2025-03-20;1
474;2206;30;2025-03-11;1
475;1880;23;2025-04-15;1
476;577;6;2025-01-14;0
477;356;21;2025-04-18;1
478;2771;3;2025-01-03;1
479;865;12;2025-02-02;1
480;934;23;2025-04-14;0
481;1303;14;2025-02-26;1
482;71;29;2025-04-13;1
483;2462;28;2025-03-07;0
484;16;5;2025-01-01;0
485;471;26;2025-01-10;0
486;1024;24;2025-01-15;0
487;2280;15;2025-02-17;1
488;201;7;2025-01-26;1
489;2503;3;2025-01-11;1
490;2792;23;2025-02-12;0
491;1834;4;2025-01-04;0
492;814;2;2025-04-17;1
493;730;10;2025-01-29;0
494;216;9;2025-02-08;1
495;2385;1;2025-01-29;0
496;2917;26;2025-04-08;0
497;2154;1;2025-03-27;0
498;2362;29;2025-03-11;1
499;2366;17;2025-01-08;0
500;2157;27;2025-04-19;0
501;2355;28;2025-03-13;1
502;2114;29;2025-02-12;0
503;1172;8;2025-02-26;0
504;2352;18;2025-01-22;1
505;62;26;2025-04-25;0
506;2256;20;2025-01-28;1
507;697;10;2025-03-06;0
508;2624;16;2025-03-17;0
509;798;21;2025-01-12;1
510;1593;20;2025-02-24;1
511;1043;22;2025-04-03;0
512;1636;27;2025-02-01;1
513;2491;7;2025-02-02;0
514;2842;14;2025-02-14;1
515;490;14;2025-04-03;1
516;2399;5;2025-01-04;1
517;2362;23;2025-02-27;1
518;1104;3;2025-02-12;1
519;638;20;2025-04-09;1
520;2473;18;2025-03-21;0
521;2605;16;2025-03-27;1
522;1013;5;2025-01-09;1
523;86;3;2025-04-15;0
524;1346;20;2025-01-12;0
525;169;30;2025-02-06;1
526;2906;22;2025-02-03;1
527;3012;21;2025-04-14;1
528;1018;7;2025-03-18;1
529;2209;11;2025-01-22;1
530;2561;2;2025-01-22;0
531;333;29;2025-03-12;0
532;2373;4;2025-03-14;0
533;908;10;2025-03-15;0
534;427;27;2025-02-23;0
535;849;2;2025-04-24;1
536;49;3;2025-02-26;0
537;3036;21;2025-02-22;1
538;660;16;2025-03-26;0
539;2023;14;2025-03-18;0
540;2313;16;2025-04-16;1
541;2602;17;2025-03-09;1
542;1641;13;2025-03-21;1
543;964;30;2025-01-16;0
544;1912;1;2025-02-22;0
545;553;29;2025-04-16;0
546;1831;26;2025-01-27;1
547;341;9;2025-01-24;0
548;1942;15;2025-03-17;0
549;1596;15;2025-02-04;1
550;1528;16;2025-02-18;1
551;29;16;2025-02-28;1
552;1068;25;2025-04-21;1
553;2012;7;2025-01-14;1
554;737;1;2025-04-04;1
555;2268;21;2025-01-06;0
556;543;13;2025-03-21;0
557;2462;18;2025-02-02;1
558;2154;12;2025-02-13;0
559;1088;5;2025-01-11;0
560;438;26;2025-01-29;0
561;2891;30;2025-02-28;1
562;2577;11;2025-02-25;1
563;2193;2;2025-03-13;0
564;2365;14;2025-03-03;1
565;460;28;2025-01-16;0
566;1953;30;2025-01-10;1
567;1322;25;2025-03-12;0
568;1903;13;2025-01-15;0
569;406;14;2025-02-11;0
570;3081;12;2025-03-23;1
571;627;29;2025-04-01;0
572;3086;12;2025-04-13;0
573;26;23;2025-01-29;1
574;748;11;2025-03-07;0
575;3016;21;2025-01-21;0
576;834;14;2025-02-08;1
577;1730;16;2025-03-22;1
578;755;27;2025-01-25;1
579;1981;1;2025-01-27;1
580;2509;22;2025-04-18;0
581;177;29;2025-01-24;0
582;3067;28;2025-04-09;0
583;1239;25;2025-04-12;1
584;452;8;2025-03-13;0
585;1509;3;2025-01-09;1
586;486;24;2025-01-09;1
587;534;1;2025-01-16;1
588;2504;15;2025-02-06;0
589;2601;16;2025-01-29;1
590;189;27;2025-03-17;0
591;639;30;2025-04-16;1
592;255;27;2025-04-23;0
593;130;24;2025-03-01;0
594;2664;18;2025-03-28;0
595;909;28;2025-04-26;1
596;2614;9;2025-04-06;0
597;2625;27;2025-03-28;0
598;1718;4;2025-03-07;1
599;835;29;2025-02-20;1
600;1674;5;2025-04-07;1
601;1029;1;2025-01-14;1
602;1748;13;2025-04-13;0
603;1509;1;2025-01-20;1
604;311;28;2025-02-20;1
605;34;27;2025-04-14;1
606;2922;26;2025-01-01;1
607;876;4;2025-01-20;1
608;2851;30;2025-03-11;1
609;1098;3;2025-03-30;1
610;1771;1;2025-02-21;0
611;2240;1;2025-04-18;1
612;1208;16;2025-04-06;0
613;2500;3;2025-03-29;1
614;2853;13;2025-03-15;1
615;2421;2;2025-04-23;1
616;1193;17;2025-01-26;1
617;1456;16;2025-01-24;1
618;595;25;2025-01-07;0
619;445;12;2025-03-07;1
620;926;27;2025-01-07;0
621;383;16;2025-01-26;1
622;2907;26;2025-01-11;1
623;1598;26;2025-02-10;1
624;1770;21;2025-01-15;1
625;1163;13;2025-01-31;1
626;2140;13;2025-01-19;1
627;624;7;2025-03-17;1
628;325;3;2025-01-30;1
629;1657;14;2025-02-18;1
630;2099;1;2025-03-19;0
631;2453;14;2025-01-24;0
632;432;26;2025-01-04;1
633;206;24;2025-02-07;1
634;359;2;2025-01-13;0
635;2227;10;2025-02-20;1
636;409;19;2025-02-01;1
637;2064;20;2025-04-17;0
638;1680;19;2025-03-17;0
639;1839;21;2025-02-08;1
640;2407;8;2025-01-25;1
641;86;5;2025-04-13;1
642;315;4;2025-02-22;0
643;2530;18;2025-01-06;1
644;1091;11;2025-04-10;1
645;2472;24;2025-02-23;0
646;2756;5;2025-01-29;0
647;2356;9;2025-04-19;1
648;348;13;2025-02-12;0
649;727;10;2025-04-25;0
650;69;6;2025-02-21;1
651;1904;8;2025-01-16;0
652;1813;16;2025-03-05;1
653;3105;30;2025-02-01;0
654;1540;17;2025-03-17;0
655;362;25;2025-01-30;0
656;2895;21;2025-03-08;0
657;956;30;2025-02-04;1
658;1726;4;2025-03-11;1
659;851;15;2025-03-22;1
660;2923;30;2025-03-02;0
661;299;15;2025-03-21;1
662;2847;19;2025-02-24;1
663;1119;15;2025-02-11;0
664;1061;10;2025-04-20;1
665;982;16;2025-01-13;1
666;662;29;2025-01-22;0
667;2631;14;2025-03-16;0
668;1892;17;2025-04-12;0
669;141;28;2025-01-19;1
670;2495;2;2025-01-02;1
671;1897;2;2025-03-19;1
672;2609;1;2025-02-01;0
673;2750;21;2025-03-30;0
674;2355;4;2025-02-06;1
675;2664;17;2025-02-12;0
676;2455;29;2025-01-20;0
677;1288;13;2025-02-16;1
678;1865;4;2025-01-03;0
679;1332;3;2025-02-13;0
680;158;9;2025-02-27;1
681;1251;7;2025-03-23;0
682;291;15;2025-02-06;0
683;2479;25;2025-03-18;0
684;1392;8;2025-03-04;1
685;2215;1;2025-01-12;0
686;863;7;2025-02-14;0
687;998;7;2025-02-06;0
688;1801;5;2025-01-13;0
689;48;6;2025-01-23;1
690;738;24;2025-04-16;1
691;3006;15;2025-04-27;0
692;1421;2;2025-01-26;0
693;1095;6;2025-03-07;1
694;135;22;2025-03-27;0
695;1842;8;2025-04-10;1
696;498;12;2025-03-09;1
697;2104;24;2025-03-13;1
698;815;10;2025-02-24;0
699;1487;2;2025-04-23;0
700;1244;10;2025-02-21;0
701;2340;1;2025-03-14;0
702;97;2;2025-03-22;0
703;896;2;2025-02-25;0
704;2336;18;2025-02-19;0
705;1267;10;2025-01-19;0
706;801;26;2025-01-29;0
707;2847;23;2025-03-04;1
708;2651;28;2025-02-13;0
709;1219;6;2025-04-08;0
710;496;13;2025-02-24;1
711;2887;21;2025-02-01;0
712;3066;2;2025-01-22;0
713;1815;19;2025-01-23;1
714;926;11;2025-03-09;0
715;2758;16;2025-04-23;0
716;1022;28;2025-04-02;0
717;517;10;2025-01-13;1
718;2011;7;2025-04-10;0
719;49;10;2025-02-24;0
720;2317;4;2025-03-08;0
721;1308;1;2025-04-09;0
722;2018;8;2025-01-27;0
723;997;14;2025-03-29;1
724;770;30;2025-01-07;0
725;2611;30;2025-02-17;1
726;84;19;2025-01-11;1
727;2487;4;2025-01-21;0
728;2955;15;2025-03-22;0
729;1939;15;2025-02-18;1
730;775;18;2025-02-20;0
731;796;28;2025-03-01;1
732;687;14;2025-03-12;1
733;1316;3;2025-03-29;1
734;2099;3;2025-01-03;1
735;1662;19;2025-01-31;1
736;82;15;2025-01-31;0
737;920;17;2025-01-12;0
738;1070;26;2025-01-30;1
739;2501;15;2025-04-12;0
740;461;8;2025-02-26;0
741;2145;3;2025-03-27;1
742;53;10;2025-02-28;1
743;2562;4;2025-03-23;0
744;775;15;2025-01-16;1
745;2277;8;2025-01-04;0
746;2390;8;2025-03-09;1
747;2064;15;2025-02-13;1
748;1324;5;2025-03-07;1
749;1044;29;2025-04-14;1
750;2017;26;2025-02-14;0
751;1544;13;2025-04-13;1
752;1766;29;2025-03-07;0
753;1691;20;2025-01-16;0
754;2752;27;2025-03-17;0
755;946;6;2025-02-01;0
756;2642;5;2025-04-20;1
757;1418;7;2025-02-14;0
758;2760;2;2025-01-01;1
759;1895;23;2025-02-08;0
760;2462;27;2025-03-09;1
761;2101;16;2025-04-07;0
762;1482;11;2025-04-02;0
763;2031;8;2025-04-01;0
764;1630;16;2025-01-13;1
765;368;19;2025-03-10;0
766;2083;13;2025-01-02;1
767;2179;11;2025-02-20;0
768;1361;16;2025-04-11;0
769;2895;5;2025-01-29;1
770;67;9;2025-01-25;1
771;1661;24;2025-02-07;0
772;1422;17;2025-02-07;1
773;217;20;2025-03-02;0
774;721;25;2025-03-11;1
775;1252;8;2025-01-09;0
776;2531;17;2025-04-20;1
777;211;25;2025-01-30;0
778;2087;15;2025-01-13;1
779;2941;28;2025-02-15;0
780;780;3;2025-02-13;0
781;2510;24;2025-02-27;1
782;1882;7;2025-02-21;1
783;618;15;2025-03-17;0
784;330;5;2025-04-19;1
785;1152;17;2025-01-12;0
786;2468;22;2025-03-22;1
787;694;23;2025-02-13;0
788;1096;6;2025-04-04;0
789;2075;1;2025-03-09;1
790;977;12;2025-04-17;0
791;1807;20;2025-01-29;1
792;1754;14;2025-01-12;1
793;632;4;2025-02-08;1
794;2272;1;2025-03-27;1
795;1488;29;2025-01-28;1
796;3027;28;2025-01-27;0
797;537;19;2025-03-14;1
798;2291;15;2025-03-26;0
799;2628;24;2025-03-24;0
800;2738;28;2025-02-09;1
801;2117;28;2025-01-18;0
802;2348;2;2025-03-16;0
803;2393;20;2025-03-28;1
804;1311;15;2025-03-29;1
805;1403;30;2025-04-05;1
806;2506;19;2025-02-26;0
807;909;6;2025-03-07;1
808;2651;19;2025-03-25;0
809;1186;20;2025-03-13;0
810;1494;29;2025-01-24;1
811;1214;8;2025-01-23;1
812;2083;2;2025-02-25;0
813;2609;19;2025-02-21;1
814;1809;23;2025-02-25;0
815;1784;14;2025-04-22;0
816;2143;15;2025-03-12;0
817;2033;17;2025-03-01;0
818;2291;26;2025-01-29;1
819;427;27;2025-03-31;1
820;1166;22;2025-01-08;1
821;736;11;2025-04-19;0
822;392;10;2025-04-22;0
823;1710;18;2025-01-16;1
824;2163;5;2025-01-03;0
825;1468;27;2025-01-21;1
826;2044;13;2025-01-10;0
827;796;21;2025-02-18;0
828;858;3;2025-04-25;0
829;901;15;2025-02-06;1
830;1531;23;2025-03-13;1
831;1105;26;2025-04-17;0
832;78;11;2025-03-27;1
833;2845;24;2025-01-12;0
834;1296;6;2025-03-23;1
835;562;11;2025-03-07;0
836;2751;13;2025-03-29;0
837;133;23;2025-04-20;0
838;1827;22;2025-04-27;1
839;750;29;2025-01-06;1
840;2853;7;2025-04-01;0
841;2454;25;2025-04-01;1
842;2065;17;2025-01-14;0
843;2430;11;2025-04-17;1
844;2276;9;2025-02-06;0
845;2308;21;2025-04-11;0
846;23;14;2025-03-03;1
847;1148;30;2025-02-21;1
848;2519;2;2025-01-25;1
849;2339;18;2025-03-09;1
850;1953;8;2025-01-24;0
851;515;22;2025-03-15;1
852;2714;10;2025-02-26;0
853;1740;1;2025-01-07;0
854;1729;12;2025-03-16;1
855;1241;13;2025-01-17;0
856;2039;26;2025-02-20;1
857;1386;21;2025-01-27;1
858;505;15;2025-02-25;0
859;3091;23;2025-01-13;1
860;1577;18;2025-01-08;1
861;1166;12;2025-03-07;1
862;1313;1;2025-03-18;1
863;2179;24;2025-03-28;0
864;2858;5;2025-02-07;0
865;1960;16;2025-03-25;1
866;1272;25;2025-02-17;1
867;1466;10;2025-03-27;0
868;605;11;2025-01-10;1
869;1371;23;2025-02-20;0
870;1590;19;2025-04-19;0
871;260;13;2025-01-08;1
872;1211;30;2025-02-10;1
873;2525;19;2025-04-24;1
874;1148;13;2025-01-31;0
875;1442;8;2025-01-18;1
876;178;28;2025-02-10;0
877;3114;14;2025-03-14;1
878;2580;25;2025-01-27;1
879;2658;5;2025-03-12;0
880;1620;27;2025-02-06;0
881;2318;28;2025-01-16;0
882;653;17;2025-02-11;0
883;666;22;2025-01-19;0
884;624;2;2025-01-16;0
885;1968;20;2025-01-14;1
886;2512;14;2025-01-25;1
887;3009;9;2025-03-21;1
888;623;29;2025-03-05;0
889;2464;9;2025-01-24;1
890;2598;25;2025-02-25;0
891;1815;9;2025-02-24;1
892;785;18;2025-01-20;0
893;2731;24;2025-01-29;0
894;2265;11;2025-03-25;1
895;392;19;2025-04-04;1
896;2703;1;2025-01-11;0
897;1615;27;2025-03-09;1
898;3008;11;2025-01-14;1
899;747;23;2025-02-11;0
900;104;27;2025-03-24;0
901;1620;10;2025-04-01;0
902;190;1;2025-02-25;0
903;236;20;2025-02-25;0
904;1572;20;2025-01-10;0
905;886;2;2025-02-02;1
906;987;15;2025-04-01;0
907;2493;1;2025-03-28;1
908;182;29;2025-04-13;1
909;1384;24;2025-04-03;1
910;1233;6;2025-03-30;0
911;2507;9;2025-02-20;0
912;36;16;2025-01-02;1
913;2415;17;2025-01-07;1
914;979;2;2025-01-30;1
915;1345;23;2025-03-23;1
916;1110;8;2025-04-14;0
917;2235;17;2025-02-01;0
918;1730;20;2025-01-05;1
919;2459;15;2025-01-01;1
920;1062;23;2025-03-21;1
921;1723;5;2025-04-26;1
922;2369;7;2025-03-05;0
923;923;22;2025-03-23;0
924;1533;20;2025-02-15;1
925;1379;18;2025-02-06;1
926;776;20;2025-04-04;0
927;924;19;2025-03-19;0
928;560;13;2025-04-04;1
929;862;16;2025-01-02;0
930;1895;3;2025-02-26;1
931;2485;25;2025-01-03;1
932;165;27;2025-03-13;1
933;1888;4;2025-04-15;1
934;2431;13;2025-04-09;0
935;545;27;2025-04-02;0
936;1063;10;2025-01-27;1
937;1434;7;2025-03-26;1
938;2771;7;2025-01-10;1
939;2448;14;2025-02-02;0
940;784;5;2025-02-24;1
941;2398;9;2025-01-03;0
942;982;27;2025-02-03;0
943;248;1;2025-01-11;1
944;1696;5;2025-01-27;0
945;2219;8;2025-03-21;1
946;2112;4;2025-02-22;0
947;1767;24;2025-03-09;1
948;3111;13;2025-02-24;1
949;62;15;2025-02-15;0
950;2838;7;2025-04-16;1
951;2137;18;2025-03-16;1
952;1052;13;2025-03-24;0
953;2380;5;2025-04-23;0
954;52;24;2025-02-22;1
955;1174;16;2025-03-26;1
956;195;15;2025-04-27;1
957;2447;17;2025-02-02;1
958;212;3;2025-01-22;1
959;2251;26;2025-01-06;0
960;1254;12;2025-03-11;1
961;2864;16;2025-04-22;0
962;1322;19;2025-03-15;1
963;481;10;2025-01-13;1
964;865;6;2025-04-24;1
965;501;20;2025-04-27;1
966;1579;12;2025-04-06;0
967;659;24;2025-03-01;0
968;798;7;2025-03-04;0
969;1860;27;2025-04-24;0
970;2899;6;2025-01-04;1
971;2465;7;2025-04-13;1
972;1933;20;2025-03-10;0
973;1837;23;2025-04-21;1
974;2991;9;2025-04-16;0
975;526;10;2025-01-11;1
976;2856;9;2025-03-10;1
977;1982;6;2025-03-17;1
978;2300;18;2025-03-29;0
979;283;15;2025-01-29;0
980;2250;11;2025-02-01;0
981;2394;11;2025-03-06;1
982;892;30;2025-02-21;1
983;2233;16;2025-03-11;1
984;2648;18;2025-02-19;1
985;792;19;2025-02-15;0
986;2061;3;2025-04-22;0
987;1776;29;2025-01-01;0
988;2419;15;2025-02-03;1
989;350;17;2025-04-27;1
990;2199;12;2025-04-24;0
991;1961;20;2025-02-06;1
992;2481;16;2025-02-06;0
993;682;23;2025-01-04;0
994;1254;19;2025-01-28;1
995;1339;20;2025-04-24;1
996;2950;30;2025-02-23;0
997;632;24;2025-04-15;0
998;2758;12;2025-01-17;1
999;701;24;2025-03-07;0
1000;1506;30;2025-02-03;0
1001;1028;30;2025-03-23;1
1002;892;23;2025-02-16;0
1003;3099;5;2025-03-27;1
1004;2385;9;2025-03-21;1
1005;2005;23;2025-03-29;1
1006;2056;17;2025-04-20;1
1007;1605;21;2025-04-07;1
1008;133;1;2025-03-09;1
1009;2101;19;2025-03-22;0
1010;2469;11;2025-02-17;0
1011;2133;19;2025-02-22;1
1012;2608;4;2025-01-07;0
1013;2365;2;2025-03-18;1
1014;2690;9;2025-04-11;1
1015;3012;20;2025-02-23;1
1016;211;2;2025-03-23;0
1017;2375;8;2025-03-09;0
1018;821;24;2025-02-18;0
1019;2054;7;2025-04-17;0
1020;1301;11;2025-02-25;1
1021;2682;19;2025-01-31;1
1022;6;27;2025-01-18;1
1023;1070;4;2025-01-01;0
1024;246;5;2025-03-27;0
1025;2399;19;2025-03-05;0
1026;285;17;2025-01-11;1
1027;3073;23;2025-03-10;1
1028;2487;18;2025-03-04;1
1029;1810;18;2025-03-03;0
1030;2527;24;2025-01-19;0
1031;634;5;2025-04-24;1
1032;1786;26;2025-01-09;1
1033;2697;18;2025-01-04;1
1034;1436;21;2025-03-06;0
1035;1490;1;2025-01-27;1
1036;2613;9;2025-04-20;1
1037;643;28;2025-02-13;0
1038;1004;11;2025-03-13;1
1039;1191;9;2025-04-18;1
1040;3017;20;2025-04-27;1
1041;1862;15;2025-02-22;1
1042;904;11;2025-02-27;0
1043;2822;22;2025-02-06;0
1044;466;11;2025-03-25;1
1045;2290;26;2025-04-12;0
1046;1487;17;2025-04-14;0
1047;1193;2;2025-02-27;1
1048;1111;10;2025-01-18;0
1049;375;10;2025-02-13;0
1050;2904;14;2025-03-13;1
1051;2621;17;2025-04-15;1
1052;1987;26;2025-01-19;1
1053;276;7;2025-03-24;1
1054;758;18;2025-03-16;1
1055;2273;10;2025-04-02;1
1056;231;2;2025-04-01;1
1057;2541;16;2025-04-02;1
1058;2435;8;2025-01-24;0
1059;2948;30;2025-02-15;1
1060;1102;30;2025-02-01;0
1061;3009;4;2025-02-05;1
1062;2381;3;2025-03-20;1
1063;1380;25;2025-04-27;1
1064;3018;29;2025-03-17;1
1065;1974;22;2025-03-01;0
1066;1156;14;2025-02-18;1
1067;1680;24;2025-01-13;0
1068;2644;30;2025-02-11;1
1069;1521;12;2025-03-30;0
1070;2277;27;2025-03-13;1
1071;1929;6;2025-01-30;0
1072;1012;6;2025-03-06;0
1073;165;2;2025-02-03;1
1074;1250;14;2025-03-03;1
1075;825;15;2025-03-01;1
1076;1548;9;2025-03-26;1
1077;593;16;2025-02-25;1
1078;366;8;2025-01-31;1
1079;3061;18;2025-02-11;1
1080;172;26;2025-04-14;0
1081;3053;4;2025-03-05;1
1082;44;5;2025-02-09;0
1083;2392;24;2025-02-16;1
1084;951;13;2025-03-21;0
1085;1919;10;2025-02-15;1
1086;136;8;2025-03-06;1
1087;1937;30;2025-04-18;0
1088;1325;27;2025-04-05;1
1089;833;30;2025-02-06;1
1090;1579;27;2025-02-17;0
1091;361;8;2025-01-31;0
1092;2581;9;2025-04-18;0
1093;1947;23;2025-03-04;0
1094;2645;3;2025-01-11;0
1095;1648;28;2025-02-24;1
1096;523;29;2025-03-04;0
1097;474;17;2025-02-25;1
1098;1112;11;2025-04-09;1
1099;2937;29;2025-04-09;0
1100;2;2;2025-03-20;0
1101;2824;3;2025-01-15;0
1102;1816;10;2025-02-11;0
1103;257;10;2025-04-17;1
1104;3043;14;2025-02-12;1
1105;669;11;2025-03-31;0
1106;733;24;2025-03-22;0
1107;1392;1;2025-03-22;0
1108;675;18;2025-01-06;0
1109;396;28;2025-03-30;1
1110;810;28;2025-04-27;0
1111;3093;10;2025-04-16;0
1112;36;12;2025-04-14;0
1113;2359;11;2025-03-04;1
1114;729;14;2025-01-16;1
1115;529;8;2025-04-25;0
1116;1706;20;2025-03-21;1
1117;36;4;2025-01-17;1
1118;1585;21;2025-01-14;0
1119;2008;13;2025-01-20;0
1120;1231;30;2025-02-24;1
1121;2669;19;2025-02-03;1
1122;2015;25;2025-03-29;0
1123;2195;22;2025-04-21;0
1124;2086;9;2025-01-22;0
1125;2651;3;2025-02-25;1
1126;578;15;2025-03-21;1
1127;1761;1;2025-04-07;1
1128;2265;20;2025-04-15;0
1129;1865;6;2025-03-06;0
1130;1881;8;2025-03-11;0
1131;1333;12;2025-03-11;1
1132;741;11;2025-04-05;1
1133;2312;25;2025-03-22;0
1134;2408;3;2025-01-06;1
1135;1747;16;2025-02-13;1
1136;1870;19;2025-01-13;0
1137;3067;14;2025-03-31;1
1138;1072;29;2025-01-11;0
1139;1270;22;2025-03-02;1
1140;1279;13;2025-02-10;0
1141;2222;11;2025-04-05;1
1142;1269;26;2025-01-04;1
1143;760;2;2025-01-05;0
1144;2580;28;2025-03-08;1
1145;2203;10;2025-01-14;0
1146;2334;10;2025-03-14;0
1147;2842;1;2025-02-08;0
1148;134;30;2025-03-22;1
1149;1680;3;2025-02-09;1
1150;1431;2;2025-02-05;0
1151;2534;23;2025-03-09;0
1152;1336;24;2025-03-09;0
1153;177;11;2025-03-01;1
1154;830;21;2025-02-12;0
1155;2250;15;2025-01-04;0
1156;2781;26;2025-01-09;0
1157;203;3;2025-01-24;0
1158;1550;26;2025-04-25;1
1159;801;1;2025-04-08;0
1160;1407;30;2025-01-28;1
1161;1397;4;2025-01-24;1
1162;51;11;2025-04-11;1
1163;55;10;2025-02-01;1
1164;2807;1;2025-02-26;0
1165;1219;18;2025-04-21;0
1166;1159;10;2025-02-05;0
1167;2360;14;2025-01-10;1
1168;1105;26;2025-02-17;1
1169;1344;11;2025-03-28;0
1170;568;27;2025-04-07;0
1171;2387;7;2025-02-22;1
1172;71;27;2025-03-06;0
1173;1351;18;2025-02-04;1
1174;3064;21;2025-02-14;0
1175;549;28;2025-04-22;0
1176;917;17;2025-01-20;1
1177;2513;8;2025-04-06;1
1178;2932;7;2025-03-10;1
1179;738;25;2025-03-26;1
1180;3053;5;2025-03-09;1
1181;1478;18;2025-03-10;0
1182;3037;16;2025-03-19;0
1183;1114;29;2025-04-15;1
1184;1237;1;2025-04-20;1
1185;1038;14;2025-03-27;1
1186;2876;11;2025-01-11;1
1187;3022;24;2025-04-20;0
1188;1078;24;2025-03-04;1
1189;710;28;2025-01-30;1
1190;2774;29;2025-04-23;1
1191;1054;24;2025-04-19;1
1192;860;29;2025-01-17;0
1193;3003;1;2025-01-09;0
1194;1974;12;2025-04-22;1
1195;2542;10;2025-04-18;0
1196;245;13;2025-03-07;1
1197;106;15;2025-01-18;1
1198;2123;7;2025-03-28;1
1199;3115;9;2025-03-17;1
1200;1175;2;2025-03-21;0
1201;351;15;2025-01-03;0
1202;812;6;2025-01-06;1
1203;2102;5;2025-03-21;1
1204;2404;1;2025-04-12;0
1205;3092;26;2025-02-23;0
1206;1129;9;2025-01-10;0
1207;22;5;2025-02-24;1
1208;546;24;2025-01-15;0
1209;1962;20;2025-03-27;0
1210;2544;3;2025-01-21;0
1211;229;7;2025-03-26;1
1212;1054;25;2025-03-25;1
1213;2134;14;2025-04-11;1
1214;1617;1;2025-01-09;1
1215;1934;14;2025-03-21;1
1216;2769;30;2025-04-10;0
1217;572;18;2025-04-08;0
1218;2046;27;2025-03-28;0
1219;20;6;2025-03-28;0
1220;1203;24;2025-03-01;0
1221;1451;25;2025-01-24;0
1222;200;10;2025-02-14;1
1223;2720;5;2025-04-15;0
1224;2956;16;2025-04-11;1
1225;2070;6;2025-03-15;0
1226;2543;12;2025-01-23;0
1227;2119;27;2025-03-15;0
1228;2670;4;2025-01-21;0
1229;1837;24;2025-01-07;1
1230;1506;25;2025-03-04;0
1231;961;13;2025-04-27;1
1232;2746;2;2025-03-09;1
1233;1600;27;2025-03-31;1
1234;702;25;2025-04-19;0
1235;1338;15;2025-02-19;0
1236;2772;7;2025-02-22;0
1237;2503;10;2025-02-02;0
1238;2129;12;2025-03-30;0
1239;1240;11;2025-03-24;1
1240;2891;11;2025-03-18;0
1241;1374;25;2025-02-10;1
1242;2914;7;2025-04-14;0
1243;1376;12;2025-01-20;1
1244;1581;18;2025-01-10;0
1245;221;23;2025-04-10;0
1246;1948;20;2025-02-05;0
1247;1850;16;2025-04-17;1
1248;132;17;2025-01-21;1
1249;1144;22;2025-02-04;1
1250;3024;26;2025-04-22;0
1251;2985;11;2025-04-12;0
1252;306;16;2025-02-07;1
1253;1270;14;2025-01-02;1
1254;3081;21;2025-02-13;1
1255;662;22;2025-04-09;1
1256;182;10;2025-03-31;1
1257;1773;11;2025-01-18;0
1258;1818;9;2025-01-30;1
1259;877;6;2025-03-19;1
1260;532;30;2025-03-16;0
1261;1597;23;2025-03-27;0
1262;2991;21;2025-01-15;0
1263;318;26;2025-04-23;1
1264;936;27;2025-01-21;1
1265;1387;9;2025-01-12;1
1266;2194;27;2025-01-23;1
1267;514;10;2025-01-26;0
1268;1558;25;2025-01-19;0
1269;1247;2;2025-02-03;0
1270;1448;3;2025-03-25;1
1271;2421;26;2025-02-19;1
1272;1310;1;2025-02-26;1
1273;2841;4;2025-03-13;1
1274;2512;13;2025-03-01;0
1275;32;21;2025-04-09;1
1276;86;29;2025-02-10;1
1277;2546;19;2025-01-03;1
1278;783;7;2025-04-10;1
1279;2970;30;2025-01-11;0
1280;867;13;2025-02-09;0
1281;1663;5;2025-03-13;0
1282;230;16;2025-02-22;1
1283;644;27;2025-02-16;1
1284;2923;2;2025-03-10;1
1285;1181;26;2025-01-09;1
1286;2774;17;2025-04-05;0
1287;2671;6;2025-02-02;1
1288;1173;16;2025-01-02;1
1289;2850;29;2025-01-20;1
1290;2189;19;2025-01-13;1
1291;1488;10;2025-03-16;0
1292;1491;23;2025-03-03;0
1293;2148;17;2025-04-10;1
1294;520;9;2025-04-25;1
1295;2871;27;2025-02-16;0
1296;3034;23;2025-02-12;0
1297;563;8;2025-03-18;0
1298;2120;22;2025-04-05;0
1299;956;18;2025-03-14;0
1300;1279;9;2025-01-11;0
1301;780;9;2025-03-18;0
1302;2566;8;2025-01-21;0
1303;568;18;2025-01-14;0
1304;2004;13;2025-02-07;0
1305;410;22;2025-04-16;1
1306;1285;1;2025-03-14;1
1307;1225;6;2025-02-06;0
1308;948;3;2025-03-01;1
1309;1368;15;2025-03-28;1
1310;1673;4;2025-04-17;1
1311;1180;10;2025-02-15;1
1312;2940;21;2025-02-25;1
1313;279;29;2025-01-04;0
1314;2009;18;2025-03-28;1
1315;1731;1;2025-02-22;1
1316;3083;13;2025-03-04;0
1317;2721;22;2025-04-25;1
1318;3019;11;2025-03-28;1
1319;761;16;2025-03-12;1
1320;496;1;2025-03-08;0
1321;1652;8;2025-03-16;0
1322;550;4;2025-01-18;1
1323;1608;5;2025-04-07;1
1324;496;15;2025-03-28;1
1325;1604;7;2025-02-25;0
1326;1397;8;2025-01-21;0
1327;3031;19;2025-02-24;0
1328;1396;22;2025-01-24;0
1329;1431;28;2025-01-02;0
1330;2317;1;2025-02-04;0
1331;2416;26;2025-01-15;1
1332;616;29;2025-02-28;1
1333;2651;21;2025-01-12;0
1334;1899;15;2025-03-17;1
1335;415;1;2025-02-10;1
1336;1822;11;2025-03-18;0
1337;2099;1;2025-01-19;1
1338;2923;20;2025-03-24;0
1339;2383;26;2025-02-12;0
1340;1940;27;2025-01-01;1
1341;1781;9;2025-03-24;1
1342;1000;2;2025-02-25;0
1343;741;18;2025-04-09;1
1344;2604;21;2025-02-07;0
1345;824;19;2025-03-18;1
1346;2792;25;2025-02-06;0
1347;579;17;2025-02-06;0
1348;408;30;2025-03-18;1
1349;1549;18;2025-02-20;1
1350;1662;3;2025-02-03;1
1351;214;16;2025-02-08;1
1352;2113;20;2025-04-20;1
1353;2;25;2025-03-14;1
1354;381;10;2025-04-16;0
1355;3089;16;2025-04-21;1
1356;2267;13;2025-03-15;0
1357;1927;3;2025-01-08;0
1358;36;11;2025-01-29;0
1359;2512;11;2025-01-08;0
1360;779;11;2025-01-14;0
1361;711;17;2025-02-10;0
1362;1499;1;2025-04-01;0
1363;2942;23;2025-02-27;0
1364;1017;30;2025-03-07;1
1365;678;29;2025-03-30;1
1366;535;23;2025-02-25;0
1367;1261;11;2025-04-04;0
1368;363;10;2025-01-09;0
1369;586;23;2025-01-13;0
1370;1785;28;2025-02-20;1
1371;2583;22;2025-03-13;1
1372;2246;10;2025-03-10;0
1373;2577;24;2025-02-19;1
1374;1501;1;2025-01-19;1
1375;2891;24;2025-01-12;1
1376;1914;25;2025-02-18;1
1377;2245;25;2025-01-03;0
1378;1310;10;2025-04-15;1
1379;462;22;2025-02-14;1
1380;2011;22;2025-03-09;1
1381;217;29;2025-01-09;0
1382;1256;29;2025-04-05;0
1383;2599;27;2025-04-27;0
1384;1640;15;2025-02-18;0
1385;908;21;2025-03-08;0
1386;959;2;2025-01-11;0
1387;1337;12;2025-01-21;1
1388;753;12;2025-01-23;0
1389;1259;15;2025-02-27;1
1390;3030;24;2025-01-13;1
1391;2217;24;2025-03-20;1
1392;1898;19;2025-04-17;1
1393;1925;23;2025-03-13;0
1394;1282;21;2025-01-28;1
1395;441;18;2025-03-31;0
1396;2576;18;2025-04-23;0
1397;1128;23;2025-03-26;1
1398;466;27;2025-02-09;0
1399;1020;20;2025-01-15;0
1400;2192;5;2025-03-05;0
1401;3115;5;2025-02-28;1
1402;364;30;2025-04-27;1
1403;672;23;2025-02-07;0
1404;1018;30;2025-03-13;0
1405;649;30;2025-01-14;0
1406;2137;9;2025-02-18;1
1407;1052;30;2025-04-07;0
1408;2635;28;2025-01-29;1
1409;1648;11;2025-02-15;0
1410;2495;12;2025-03-25;1
1411;3062;18;2025-02-10;1
1412;2832;10;2025-01-22;0
1413;246;24;2025-02-09;0
1414;664;26;2025-04-01;0
1415;329;30;2025-02-13;1
1416;754;6;2025-02-12;0
1417;2960;23;2025-03-26;0
1418;645;9;2025-04-20;1
1419;2666;19;2025-01-05;1
1420;1144;23;2025-04-23;1
1421;2091;1;2025-01-06;0
1422;1382;11;2025-04-06;1
1423;749;7;2025-02-09;1
1424;1190;26;2025-01-23;0
1425;2910;7;2025-01-06;1
1426;1768;12;2025-03-15;1
1427;155;12;2025-01-26;0
1428;2394;12;2025-01-02;1
1429;2767;29;2025-02-20;0
1430;2784;28;2025-02-15;0
1431;2633;13;2025-03-30;1
1432;841;4;2025-04-11;1
1433;468;5;2025-03-19;1
1434;2223;27;2025-04-27;1
1435;103;13;2025-03-06;0
1436;1172;29;2025-03-25;1
1437;534;7;2025-03-04;0
1438;1691;30;2025-02-20;1
1439;225;1;2025-03-10;1
1440;991;28;2025-03-27;0
1441;3112;23;2025-01-11;1
1442;1543;23;2025-02-13;0
1443;571;24;2025-02-26;1
1444;2099;2;2025-02-18;0
1445;1343;30;2025-03-25;1
1446;657;28;2025-02-09;1
1447;2289;1;2025-01-02;0
1448;2375;20;2025-01-26;0
1449;101;21;2025-04-13;1
1450;2794;6;2025-02-27;1
1451;3057;20;2025-02-04;0
1452;353;29;2025-02-01;0
1453;2757;21;2025-03-25;1
1454;1707;20;2025-01-24;1
1455;1815;21;2025-03-25;1
1456;2949;7;2025-03-25;1
1457;2089;8;2025-01-08;0
1458;1969;28;2025-03-10;1
1459;1506;9;2025-03-09;0
1460;2964;8;2025-01-22;0
1461;2840;10;2025-01-18;1
1462;1253;14;2025-04-27;0
1463;38;13;2025-03-08;1
1464;1091;3;2025-02-05;1
1465;554;14;2025-02-18;1
1466;1510;29;2025-01-12;1
1467;29;26;2025-01-12;1
1468;1656;6;2025-03-11;0
1469;2543;11;2025-03-27;1
1470;2503;14;2025-02-03;1
1471;1280;17;2025-02-25;0
1472;2116;29;2025-04-26;0
1473;1440;16;2025-02-27;1
1474;1532;28;2025-02-21;0
1475;2425;4;2025-04-10;0
1476;2132;22;2025-02-23;1
1477;1219;1;2025-01-27;1
1478;277;12;2025-01-01;0
1479;1207;19;2025-02-20;0
1480;1156;16;2025-04-05;1
1481;2711;8;2025-03-10;1
1482;2782;16;2025-02-03;1
1483;1475;15;2025-03-17;0
1484;1651;20;2025-01-16;0
1485;142;20;2025-03-04;1
1486;2191;18;2025-01-15;0
1487;2477;11;2025-03-11;1
1488;331;25;2025-02-06;0
1489;781;27;2025-03-07;1
1490;1380;3;2025-03-26;0
1491;2248;28;2025-01-31;1
1492;2748;20;2025-02-09;1
1493;2206;18;2025-02-14;1
1494;816;24;2025-02-22;0
1495;1499;28;2025-02-08;1
1496;1157;29;2025-02-01;0
1497;2060;6;2025-04-15;1
1498;481;30;2025-03-07;0
1499;121;4;2025-01-23;0
1500;1996;29;2025-01-06;0
1501;1319;16;2025-04-03;1
1502;2556;13;2025-04-24;0
1503;2210;21;2025-04-11;0
1504;742;2;2025-04-17;0
1505;2440;10;2025-02-09;1
1506;2982;22;2025-01-24;0
1507;2879;5;2025-03-27;0
1508;1214;9;2025-03-17;1
1509;2097;15;2025-03-17;1
1510;2330;10;2025-04-20;0
1511;1137;23;2025-01-01;0
1512;1985;25;2025-03-27;0
1513;3109;22;2025-02-12;1
1514;2177;15;2025-04-09;0
1515;104;9;2025-02-08;0
1516;3080;27;2025-01-24;1
1517;2325;25;2025-04-25;1
1518;429;10;2025-04-03;0
1519;1417;18;2025-03-16;1
1520;2797;16;2025-01-30;1
1521;1388;4;2025-03-21;0
1522;1642;24;2025-04-24;1
1523;2794;2;2025-04-06;1
1524;852;6;2025-01-24;1
1525;2546;3;2025-04-11;0
1526;2630;19;2025-02-05;0
1527;1053;21;2025-01-08;1
1528;1277;15;2025-01-30;0
1529;186;13;2025-03-26;0
1530;3116;29;2025-01-23;1
1531;3046;27;2025-02-09;1
1532;3089;8;2025-04-20;1
1533;708;29;2025-01-18;1
1534;1977;18;2025-01-26;0
1535;1034;18;2025-03-18;0
1536;3096;19;2025-03-04;0
1537;1877;6;2025-02-17;1
1538;1133;7;2025-03-04;1
1539;2272;29;2025-02-28;1
1540;1714;25;2025-02-11;0
1541;2372;6;2025-02-16;1
1542;1764;9;2025-01-21;1
1543;2088;8;2025-01-02;1
1544;1383;22;2025-02-14;1
1545;1166;13;2025-04-23;0
1546;2793;4;2025-04-25;1
1547;2008;5;2025-04-22;0
1548;1887;21;2025-01-05;1
1549;2749;17;2025-04-19;0
1550;2878;4;2025-02-24;0
1551;1623;19;2025-01-20;0
1552;364;29;2025-01-01;0
1553;2803;30;2025-04-05;0
1554;2979;22;2025-02-04;1
1555;1293;26;2025-02-18;0
1556;2821;1;2025-02-23;1
1557;2966;10;2025-02-26;1
1558;842;18;2025-04-26;0
1559;1825;18;2025-03-09;0
1560;1899;24;2025-03-30;0
1561;810;8;2025-01-12;1
1562;1015;22;2025-01-29;0
1563;2278;8;2025-02-24;1
1564;850;14;2025-04-21;0
1565;1584;14;2025-02-13;0
1566;1169;3;2025-03-29;0
1567;2591;29;2025-03-14;0
1568;2901;22;2025-03-08;0
1569;2628;11;2025-02-05;0
1570;1911;2;2025-01-26;1
1571;1641;30;2025-01-04;0
1572;2593;2;2025-01-20;1
1573;728;11;2025-01-27;0
1574;2585;13;2025-03-31;0
1575;833;24;2025-03-08;0
1576;438;24;2025-02-09;0
1577;2476;22;2025-04-17;0
1578;636;25;2025-03-26;1
1579;2751;7;2025-01-07;0
1580;2032;22;2025-01-10;0
1581;1509;21;2025-02-10;0
1582;627;17;2025-02-23;0
1583;72;13;2025-03-21;1
1584;1688;16;2025-02-17;1
1585;2384;1;2025-03-25;1
1586;401;27;2025-01-18;0
1587;2802;25;2025-02-22;1
1588;824;24;2025-03-06;0
1589;175;9;2025-04-10;0
1590;694;20;2025-02-03;1
1591;2848;15;2025-01-13;1
1592;3105;23;2025-04-11;0
1593;234;13;2025-03-12;0
1594;1469;5;2025-02-15;0
1595;1644;19;2025-01-02;1
1596;1510;12;2025-04-21;0
1597;1612;15;2025-03-08;0
1598;2643;15;2025-02-24;0
1599;1530;15;2025-04-26;0
1600;1155;22;2025-02-08;0
1601;2343;30;2025-02-07;0
1602;866;14;2025-04-25;1
1603;1831;16;2025-03-11;1
1604;1379;21;2025-02-13;0
1605;3020;2;2025-04-16;1
1606;1505;27;2025-01-30;1
1607;1547;4;2025-01-11;1
1608;729;26;2025-04-07;1
1609;1597;7;2025-02-25;0
1610;2561;1;2025-02-09;1
1611;170;21;2025-04-13;1
1612;1193;9;2025-04-25;1
1613;2158;25;2025-03-19;1
1614;1669;30;2025-04-25;0
1615;2784;17;2025-01-24;1
1616;2839;28;2025-03-08;1
1617;2705;1;2025-03-26;1
1618;453;28;2025-02-05;0
1619;2983;24;2025-01-29;1
1620;735;7;2025-01-06;1
1621;919;24;2025-03-12;1
1622;2721;24;2025-02-03;0
1623;702;1;2025-03-14;1
1624;2770;13;2025-02-28;1
1625;221;15;2025-02-24;0
1626;2440;27;2025-01-29;0
1627;1760;5;2025-03-14;1
1628;2282;22;2025-01-28;1
1629;1583;27;2025-04-08;1
1630;2073;20;2025-02-03;1
1631;428;25;2025-01-31;1
1632;3077;20;2025-02-05;1
1633;2688;27;2025-01-22;1
1634;174;17;2025-01-13;1
1635;1059;4;2025-03-23;0
1636;225;11;2025-04-18;0
1637;103;10;2025-03-30;0
1638;979;9;2025-01-05;1
1639;2216;23;2025-01-12;1
1640;1976;10;2025-01-29;0
1641;1032;6;2025-04-21;0
1642;1372;27;2025-01-06;1
1643;180;25;2025-01-29;0
1644;2810;25;2025-01-20;0
1645;2589;11;2025-03-27;0
1646;236;28;2025-04-23;1
1647;2505;20;2025-03-29;0
1648;1686;17;2025-01-06;0
1649;3109;21;2025-04-19;0
1650;1766;6;2025-03-21;0
1651;1901;16;2025-02-22;1
1652;757;11;2025-02-17;1
1653;2254;29;2025-02-23;0
1654;2672;30;2025-02-12;0
1655;1438;12;2025-02-08;0
1656;2627;19;2025-04-26;1
1657;1743;9;2025-03-19;0
1658;2573;16;2025-01-02;1
1659;2329;26;2025-02-11;0
1660;1983;13;2025-04-11;0
1661;1144;11;2025-04-27;1
1662;2272;19;2025-01-11;1
1663;1782;16;2025-04-04;1
1664;1777;17;2025-02-11;0
1665;2654;8;2025-04-09;1
1666;732;19;2025-03-07;1
1667;416;19;2025-02-04;0
1668;282;10;2025-01-29;0
1669;2610;29;2025-01-27;1
1670;808;14;2025-04-19;0
1671;3121;10;2025-02-03;1
1672;3036;10;2025-02-14;1
1673;1478;1;2025-04-09;0
1674;1556;24;2025-04-18;0
1675;2505;3;2025-01-09;0
1676;283;4;2025-04-22;1
1677;690;3;2025-01-28;1
1678;2962;28;2025-01-28;0
1679;716;16;2025-01-01;0
1680;2871;26;2025-04-03;0
1681;366;30;2025-03-07;0
1682;64;16;2025-04-19;0
1683;2203;16;2025-01-07;0
1684;746;16;2025-02-14;1
1685;2670;18;2025-03-02;1
1686;3010;12;2025-01-01;1
1687;1731;20;2025-04-15;0
1688;1457;13;2025-01-13;1
1689;1007;1;2025-01-21;0
1690;468;25;2025-02-22;1
1691;2670;21;2025-03-31;1
1692;1309;4;2025-02-24;1
1693;2989;3;2025-02-24;0
1694;1398;6;2025-02-22;1
1695;2411;20;2025-01-11;1
1696;880;17;2025-01-16;0
1697;3042;6;2025-01-10;0
1698;2407;29;2025-03-29;0
1699;199;2;2025-03-24;0
1700;1086;11;2025-01-28;0
1701;3029;6;2025-01-08;0
1702;2565;5;2025-01-03;1
1703;2778;26;2025-02-01;1
1704;2330;5;2025-04-26;1
1705;1780;13;2025-03-13;0
1706;1214;2;2025-01-22;1
1707;2716;9;2025-02-26;0
1708;2100;25;2025-01-28;1
1709;1965;12;2025-01-21;1
1710;770;9;2025-03-06;0
1711;1511;10;2025-03-03;0
1712;2450;14;2025-03-10;0
1713;2559;6;2025-02-17;1
1714;1360;7;2025-04-06;1
1715;527;14;2025-01-10;0
1716;1827;27;2025-04-13;1
1717;34;24;2025-01-04;0
1718;226;18;2025-01-02;0
1719;2827;10;2025-04-07;1
1720;763;27;2025-03-02;1
1721;847;3;2025-01-09;1
1722;863;30;2025-01-29;1
1723;1770;19;2025-04-22;0
1724;379;5;2025-02-23;0
1725;723;7;2025-02-10;1
1726;690;13;2025-02-21;1
1727;1767;20;2025-02-14;1
1728;326;19;2025-04-26;0
1729;1265;9;2025-03-05;1
1730;2380;3;2025-03-20;1
1731;3031;23;2025-01-03;1
1732;1258;30;2025-01-15;0
1733;2629;29;2025-03-25;1
1734;40;13;2025-04-03;1
1735;3061;1;2025-04-21;1
1736;2013;23;2025-01-14;0
1737;1014;3;2025-03-14;1
1738;1986;2;2025-01-26;0
1739;1775;2;2025-04-27;1
1740;2036;5;2025-02-19;1
1741;47;13;2025-01-19;0
1742;816;4;2025-01-11;1
1743;1384;12;2025-03-22;0
1744;1084;5;2025-02-18;1
1745;2854;16;2025-02-05;1
1746;844;8;2025-03-30;0
1747;636;5;2025-04-20;1
1748;2187;18;2025-01-07;0
1749;2281;11;2025-04-07;1
1750;853;30;2025-04-22;1
1751;1121;25;2025-03-24;0
1752;101;4;2025-03-14;1
1753;1198;20;2025-04-05;1
1754;2883;8;2025-02-05;1
1755;553;12;2025-02-04;1
1756;1399;7;2025-04-11;1
1757;1395;3;2025-03-26;0
1758;369;16;2025-01-27;1
1759;71;5;2025-01-02;0
1760;442;28;2025-03-23;1
1761;1084;30;2025-03-21;1
1762;214;18;2025-02-12;1
1763;1828;22;2025-01-01;1
1764;195;18;2025-03-08;0
1765;957;22;2025-01-27;1
1766;75;22;2025-02-11;0
1767;3014;28;2025-03-07;1
1768;590;14;2025-04-10;0
1769;2741;30;2025-01-10;1
1770;194;22;2025-01-15;0
1771;2655;21;2025-01-30;1
1772;2453;15;2025-01-01;1
1773;1496;16;2025-02-04;1
1774;1650;3;2025-01-01;0
1775;2640;5;2025-01-02;1
1776;2144;21;2025-04-15;0
1777;2065;17;2025-02-05;1
1778;2019;3;2025-04-26;1
1779;772;10;2025-03-15;0
1780;472;29;2025-02-26;0
1781;1149;3;2025-04-22;0
1782;47;3;2025-03-06;0
1783;2179;26;2025-01-19;0
1784;1316;17;2025-03-10;0
1785;966;1;2025-03-27;1
1786;1965;21;2025-04-11;0
1787;512;15;2025-01-15;1
1788;1319;30;2025-03-04;1
1789;637;7;2025-04-19;0
1790;2164;3;2025-01-05;0
1791;3085;27;2025-04-09;0
1792;3111;28;2025-01-01;1
1793;3011;19;2025-02-23;1
1794;428;5;2025-04-12;1
1795;2172;4;2025-02-21;1
1796;3008;15;2025-04-06;1
1797;1798;13;2025-01-16;1
1798;1501;27;2025-04-08;0
1799;295;24;2025-02-04;1
1800;3092;5;2025-04-27;1
1801;1699;17;2025-01-12;1
1802;2912;11;2025-03-03;1
1803;2384;27;2025-03-08;1
1804;392;7;2025-03-04;0
1805;498;1;2025-01-22;1
1806;900;21;2025-04-25;1
1807;783;20;2025-01-30;0
1808;723;2;2025-03-29;0
1809;2040;18;2025-03-02;0
1810;2131;19;2025-03-10;0
1811;976;12;2025-03-24;0
1812;210;9;2025-03-06;0
1813;1407;15;2025-01-19;0
1814;2129;9;2025-02-14;1
1815;2210;18;2025-03-20;0
1816;303;8;2025-01-10;0
1817;1403;7;2025-01-27;0
1818;2911;30;2025-01-10;0
1819;737;18;2025-03-10;0
1820;854;30;2025-03-11;1
1821;935;6;2025-04-02;1
1822;2115;30;2025-01-02;0
1823;1807;30;2025-02-09;1
1824;2789;16;2025-02-14;0
1825;655;4;2025-01-08;0
1826;903;30;2025-03-15;1
1827;2312;5;2025-03-08;1
1828;2152;6;2025-02-25;0
1829;61;13;2025-02-21;1
1830;2138;14;2025-04-01;1
1831;1076;25;2025-04-06;0
1832;739;15;2025-01-14;1
1833;974;22;2025-01-26;1
1834;3001;7;2025-03-29;0
1835;757;22;2025-04-24;0
1836;1076;20;2025-02-15;0
1837;1563;3;2025-02-07;1
1838;672;17;2025-01-20;0
1839;1723;1;2025-04-06;1
1840;1243;2;2025-04-07;1
1841;2698;18;2025-03-28;1
1842;89;21;2025-01-01;1
1843;2884;1;2025-04-12;1
1844;1476;25;2025-01-27;1
1845;1904;22;2025-01-03;1
1846;2837;3;2025-03-16;0
1847;306;13;2025-02-24;1
1848;2491;3;2025-04-20;0
1849;173;20;2025-02-07;1
1850;65;26;2025-01-03;0
1851;2971;19;2025-03-17;1
1852;1671;17;2025-04-03;0
1853;1521;5;2025-02-13;0
1854;1369;5;2025-03-14;1
1855;2037;20;2025-03-13;0
1856;194;27;2025-03-15;1
1857;15;25;2025-03-26;1
1858;2853;22;2025-02-01;0
1859;2522;8;2025-02-16;1
1860;1193;13;2025-01-13;0
1861;2931;29;2025-01-09;1
1862;2259;17;2025-03-13;1
1863;2141;8;2025-01-18;1
1864;1123;25;2025-03-15;0
1865;2454;18;2025-02-03;1
1866;348;19;2025-02-17;0
1867;1617;2;2025-03-17;0
1868;3094;28;2025-03-19;1
1869;2159;1;2025-01-02;1
1870;430;2;2025-01-30;1
1871;130;24;2025-02-07;1
1872;362;15;2025-02-17;0
1873;66;1;2025-04-07;1
1874;936;26;2025-04-23;1
1875;1303;27;2025-01-27;1
1876;1313;17;2025-02-15;1
1877;1174;18;2025-02-22;0
1878;2254;10;2025-01-26;0
1879;649;21;2025-01-09;1
1880;2216;1;2025-02-08;0
1881;2466;29;2025-02-24;0
1882;713;12;2025-03-09;0
1883;392;13;2025-02-01;0
1884;1520;17;2025-04-25;1
1885;1516;11;2025-01-02;0
1886;1428;5;2025-04-03;1
1887;2131;8;2025-01-21;1
1888;1557;1;2025-04-07;0
1889;2337;26;2025-01-05;1
1890;755;11;2025-03-19;0
1891;3038;21;2025-04-17;1
1892;2379;1;2025-02-14;0
1893;1078;26;2025-01-13;0
1894;1929;14;2025-01-19;1
1895;452;12;2025-01-19;1
1896;2549;1;2025-02-03;0
1897;1995;28;2025-03-20;1
1898;2059;14;2025-03-05;0
1899;174;15;2025-01-24;0
1900;1377;22;2025-03-04;0
1901;1282;29;2025-04-26;0
1902;3068;14;2025-03-24;1
1903;640;11;2025-03-03;0
1904;1561;21;2025-04-04;0
1905;2758;17;2025-03-22;0
1906;2138;28;2025-02-17;1
1907;2014;22;2025-01-08;1
1908;2152;7;2025-03-27;1
1909;1886;17;2025-02-12;0
1910;149;13;2025-02-17;1
1911;3025;21;2025-01-15;0
1912;1285;2;2025-02-18;1
1913;877;23;2025-03-27;0
1914;2810;3;2025-03-17;1
1915;2159;4;2025-03-17;1
1916;519;6;2025-02-03;1
1917;1235;23;2025-03-02;1
1918;970;13;2025-03-16;1
1919;820;21;2025-01-23;0
1920;1527;17;2025-01-09;0
1921;1410;22;2025-01-08;0
1922;314;5;2025-01-22;1
1923;1158;20;2025-01-18;0
1924;2097;25;2025-03-26;0
1925;634;1;2025-03-23;0
1926;1963;24;2025-01-15;0
1927;1481;27;2025-04-15;1
1928;710;13;2025-02-20;1
1929;621;9;2025-03-06;0
1930;1048;24;2025-01-28;1
1931;3;10;2025-03-24;0
1932;1658;5;2025-03-04;0
1933;959;7;2025-02-17;0
1934;328;9;2025-02-18;1
1935;2703;10;2025-04-25;0
1936;1804;3;2025-01-14;0
1937;291;17;2025-03-13;0
1938;624;15;2025-01-02;1
1939;733;25;2025-01-17;0
1940;2481;19;2025-01-20;0
1941;2634;14;2025-04-23;1
1942;462;6;2025-03-02;0
1943;630;5;2025-02-15;1
1944;2082;6;2025-04-24;0
1945;2511;24;2025-04-04;0
1946;2473;6;2025-02-15;0
1947;1349;6;2025-04-27;0
1948;898;11;2025-01-13;1
1949;1231;27;2025-01-12;1
1950;3069;13;2025-02-07;0
1951;2940;10;2025-04-06;0
1952;2807;23;2025-03-14;1
1953;2840;2;2025-04-23;1
1954;990;14;2025-03-20;1
1955;2181;12;2025-03-11;1
1956;1078;28;2025-04-26;0
1957;2701;6;2025-03-19;1
1958;2020;28;2025-01-24;1
1959;2537;22;2025-01-16;1
1960;340;9;2025-02-14;1
1961;1248;10;2025-04-09;0
1962;2351;7;2025-01-26;0
1963;173;16;2025-03-05;0
1964;1568;21;2025-03-24;0
1965;94;7;2025-02-08;1
1966;2888;15;2025-04-26;1
1967;1747;18;2025-04-06;1
1968;1159;8;2025-04-14;0
1969;2297;27;2025-02-28;1
1970;3117;9;2025-04-17;0
1971;372;2;2025-03-13;1
1972;1653;30;2025-02-01;1
1973;633;30;2025-04-16;1
1974;1105;6;2025-01-01;1
1975;861;13;2025-02-17;0
1976;3089;25;2025-04-08;1
1977;1342;25;2025-01-15;1
1978;397;9;2025-03-16;1
1979;14;12;2025-02-27;1
1980;1064;16;2025-04-10;0
1981;1709;20;2025-03-23;1
1982;3070;22;2025-02-23;1
1983;1805;4;2025-02-27;0
1984;2091;20;2025-02-19;0
1985;192;2;2025-01-30;0
1986;2362;11;2025-01-09;1
1987;2708;17;2025-02-10;0
1988;1431;24;2025-04-17;1
1989;1252;14;2025-03-01;1
1990;889;28;2025-02-25;1
1991;296;16;2025-03-11;0
1992;1574;17;2025-03-10;1
1993;777;9;2025-04-04;0
1994;3023;25;2025-01-24;0
1995;2365;10;2025-02-19;1
1996;1030;7;2025-02-23;1
1997;3077;15;2025-04-26;1
1998;1679;28;2025-02-24;1
1999;1156;25;2025-03-31;0
2000;1893;17;2025-03-20;1
2001;2580;22;2025-03-15;0
2002;2260;17;2025-03-10;1
2003;1406;16;2025-04-27;0
2004;3004;9;2025-01-08;1
2005;799;4;2025-03-05;0
2006;605;27;2025-04-01;1
2007;1704;28;2025-01-18;0
2008;1110;22;2025-02-08;0
2009;2878;27;2025-01-31;1
2010;16;26;2025-02-15;1
2011;892;17;2025-04-04;1
2012;1224;22;2025-03-04;1
2013;1425;15;2025-02-19;1
2014;2917;26;2025-02-08;0
2015;871;28;2025-03-25;0
2016;597;3;2025-04-12;0
2017;2323;6;2025-04-16;0
2018;749;18;2025-01-20;0
2019;1416;18;2025-04-24;1
2020;529;19;2025-03-09;1
2021;1093;8;2025-02-15;0
2022;1765;15;2025-04-19;1
2023;29;30;2025-02-27;0
2024;33;16;2025-03-16;1
2025;1569;16;2025-02-01;0
2026;316;27;2025-02-01;0
2027;1607;1;2025-02-18;1
2028;483;18;2025-03-09;0
2029;1924;4;2025-01-10;1
2030;2011;12;2025-02-13;1
2031;116;10;2025-02-23;1
2032;621;15;2025-04-23;1
2033;2871;27;2025-02-24;1
2034;1279;1;2025-01-04;0
2035;1334;23;2025-03-07;0
2036;2127;23;2025-01-03;0
2037;1699;25;2025-01-09;0
2038;1949;12;2025-01-17;0
2039;1198;22;2025-01-02;0
2040;1114;30;2025-01-30;0
2041;247;6;2025-04-06;1
2042;658;7;2025-03-16;0
2043;1946;9;2025-02-14;0
2044;324;30;2025-01-10;0
2045;732;17;2025-02-03;1
2046;305;12;2025-02-20;0
2047;2607;26;2025-01-21;0
2048;46;21;2025-04-10;0
2049;1443;7;2025-03-17;1
2050;2545;23;2025-02-04;0
2051;742;22;2025-01-27;0
2052;2750;23;2025-03-04;1
2053;765;30;2025-03-31;0
2054;2491;24;2025-04-08;0
2055;2341;30;2025-04-09;0
2056;3119;6;2025-04-27;1
2057;1050;15;2025-02-15;1
2058;1678;26;2025-04-02;1
2059;59;3;2025-03-06;0
2060;111;1;2025-04-22;0
2061;1100;4;2025-04-04;0
2062;1456;27;2025-04-01;1
2063;2074;3;2025-01-15;0
2064;550;30;2025-02-22;0
2065;436;20;2025-01-21;0
2066;234;12;2025-03-18;1
2067;459;14;2025-04-01;0
2068;1150;6;2025-04-05;1
2069;2556;13;2025-04-27;0
2070;262;30;2025-04-26;1
2071;1768;19;2025-04-07;0
2072;2827;27;2025-02-20;1
2073;1188;20;2025-03-27;0
2074;2597;26;2025-04-09;0
2075;989;3;2025-03-17;0
2076;1473;29;2025-03-13;1
2077;437;27;2025-01-25;0
2078;1823;2;2025-03-23;0
2079;1600;8;2025-04-15;1
2080;1187;5;2025-03-30;0
2081;3;12;2025-01-27;0
2082;2448;5;2025-01-20;0
2083;2977;5;2025-03-05;1
2084;2927;15;2025-01-08;0
2085;791;21;2025-04-20;0
2086;3098;6;2025-03-26;0
2087;1772;6;2025-03-14;1
2088;394;3;2025-02-18;1
2089;2186;4;2025-04-14;1
2090;1050;18;2025-02-18;0
2091;862;11;2025-02-15;0
2092;1843;30;2025-01-07;0
2093;1323;4;2025-04-10;1
2094;2563;17;2025-01-14;1
2095;506;11;2025-01-22;1
2096;2679;4;2025-02-08;1
2097;525;2;2025-04-10;1
2098;2652;14;2025-02-25;0
2099;2937;14;2025-03-26;0
2100;1904;3;2025-03-17;1
2101;2770;26;2025-04-26;0
2102;936;5;2025-01-03;0
2103;1430;11;2025-03-24;1
2104;1722;13;2025-01-07;1
2105;2006;19;2025-04-09;1
2106;2032;24;2025-03-09;1
2107;1513;4;2025-02-09;0
2108;2782;12;2025-03-10;0
2109;2402;22;2025-04-13;0
2110;217;30;2025-02-21;1
2111;895;20;2025-01-30;0
2112;2199;14;2025-01-05;0
2113;3038;26;2025-04-20;0
2114;1344;5;2025-02-24;0
2115;2124;5;2025-04-11;0
2116;925;7;2025-02-13;1
2117;1563;8;2025-03-18;1
2118;1161;14;2025-03-20;0
2119;2771;15;2025-04-03;1
2120;1436;11;2025-01-02;1
2121;271;13;2025-03-06;0
2122;179;1;2025-04-01;0
2123;2387;23;2025-03-29;1
2124;2498;1;2025-04-16;1
2125;2795;21;2025-03-20;0
2126;1704;11;2025-01-21;0
2127;2043;19;2025-02-24;1
2128;1697;6;2025-03-02;0
2129;519;19;2025-04-19;0
2130;2108;29;2025-04-06;0
2131;2799;27;2025-04-03;1
2132;2754;12;2025-02-28;0
2133;1687;12;2025-04-14;1
2134;2387;19;2025-03-28;1
2135;476;21;2025-04-11;0
2136;2464;16;2025-02-07;1
2137;477;24;2025-01-22;0
2138;1449;9;2025-02-05;1
2139;691;27;2025-03-16;1
2140;2186;26;2025-03-07;1
2141;1033;19;2025-01-29;0
2142;702;12;2025-03-31;0
2143;2515;15;2025-02-17;1
2144;1892;4;2025-03-04;0
2145;2041;22;2025-02-07;1
2146;1470;24;2025-03-20;0
2147;2524;29;2025-04-07;0
2148;2962;7;2025-04-25;1
2149;527;10;2025-03-05;1
2150;378;5;2025-02-07;1
2151;2591;22;2025-01-24;0
2152;894;6;2025-01-17;1
2153;19;9;2025-04-07;1
2154;973;15;2025-02-11;1
2155;211;1;2025-02-15;1
2156;3051;13;2025-03-23;1
2157;3073;28;2025-04-08;0
2158;1009;20;2025-02-09;0
2159;1670;3;2025-03-15;1
2160;1663;2;2025-01-06;0
2161;630;13;2025-03-28;0
2162;2927;10;2025-02-07;1
2163;2069;9;2025-01-21;1
2164;997;26;2025-01-27;1
2165;565;16;2025-02-04;0
2166;1487;30;2025-04-08;1
2167;1234;15;2025-04-07;1
2168;296;1;2025-02-28;1
2169;1252;2;2025-04-27;0
2170;790;21;2025-04-08;0
2171;2542;8;2025-04-13;1
2172;836;5;2025-04-22;1
2173;358;3;2025-04-21;1
2174;2415;30;2025-02-19;1
2175;1409;20;2025-04-02;1
2176;2340;22;2025-02-12;0
2177;1011;26;2025-01-04;1
2178;3023;25;2025-03-03;1
2179;972;4;2025-03-16;1
2180;2334;28;2025-01-17;0
2181;2658;21;2025-01-28;1
2182;879;14;2025-04-20;1
2183;116;25;2025-04-02;1
2184;17;26;2025-01-04;0
2185;663;17;2025-03-08;0
2186;652;2;2025-02-04;1
2187;834;13;2025-02-01;0
2188;1064;3;2025-01-31;1
2189;2092;18;2025-03-06;1
2190;1762;17;2025-03-14;1
2191;2831;10;2025-02-13;0
2192;1695;19;2025-01-09;1
2193;2156;9;2025-01-06;0
2194;510;12;2025-01-13;1
2195;856;5;2025-03-16;1
2196;1301;12;2025-03-17;1
2197;1982;29;2025-02-18;0
2198;1196;12;2025-01-18;1
2199;503;10;2025-04-16;0
2200;2607;18;2025-04-07;0
2201;330;13;2025-01-05;0
2202;2929;15;2025-01-22;0
2203;2696;15;2025-02-07;1
2204;2281;20;2025-04-27;0
2205;1247;17;2025-04-13;0
2206;855;18;2025-01-03;0
2207;2510;12;2025-03-10;1
2208;1481;7;2025-01-27;1
2209;1331;7;2025-03-30;0
2210;1314;24;2025-02-08;1
2211;2164;1;2025-03-04;0
2212;202;20;2025-04-11;1
2213;2344;5;2025-01-23;0
2214;3094;30;2025-01-27;1
2215;2286;18;2025-01-17;0
2216;2138;14;2025-04-10;0
2217;1028;23;2025-02-22;1
2218;1786;2;2025-01-05;1
2219;2764;30;2025-02-03;0
2220;2397;28;2025-02-06;0
2221;2702;3;2025-01-20;1
2222;2545;25;2025-01-16;0
2223;279;3;2025-03-02;0
2224;1589;2;2025-01-07;0
2225;2356;23;2025-01-20;0
2226;1838;28;2025-04-19;0
2227;939;18;2025-02-15;1
2228;1596;5;2025-01-15;1
2229;629;30;2025-02-12;0
2230;1599;27;2025-02-06;0
2231;3084;23;2025-03-01;0
2232;353;21;2025-02-22;1
2233;214;30;2025-02-21;0
2234;2673;25;2025-04-11;0
2235;2719;11;2025-03-14;0
2236;742;22;2025-02-03;0
2237;153;3;2025-03-30;1
2238;1275;12;2025-02-12;1
2239;2816;15;2025-04-24;0
2240;234;9;2025-02-25;0
2241;1426;5;2025-01-10;0
2242;817;5;2025-04-24;0
2243;182;15;2025-04-15;1
2244;1483;22;2025-01-16;1
2245;2544;10;2025-01-21;1
2246;1764;25;2025-04-27;0
2247;277;12;2025-03-15;1
2248;2585;19;2025-03-20;0
2249;2978;20;2025-01-22;1
2250;2077;3;2025-01-10;0
2251;1167;3;2025-01-10;1
2252;1473;7;2025-02-23;1
2253;728;17;2025-01-12;1
2254;976;4;2025-01-23;1
2255;1901;4;2025-01-06;0
2256;2575;17;2025-04-12;1
2257;2044;15;2025-03-08;1
2258;2059;1;2025-02-08;0
2259;2181;6;2025-02-09;0
2260;35;9;2025-03-31;0
2261;353;30;2025-03-08;0
2262;354;8;2025-01-16;1
2263;1260;19;2025-04-20;1
2264;1761;9;2025-04-13;1
2265;591;20;2025-04-25;1
2266;817;16;2025-02-04;0
2267;1251;22;2025-02-24;0
2268;1547;2;2025-01-30;0
2269;1329;6;2025-01-15;0
2270;2882;11;2025-03-14;1
2271;209;10;2025-02-09;1
2272;1524;30;2025-02-03;1
2273;675;1;2025-03-09;0
2274;2072;18;2025-01-22;0
2275;213;26;2025-01-14;0
2276;1503;24;2025-01-16;0
2277;210;27;2025-01-19;1
2278;2346;22;2025-03-19;0
2279;538;21;2025-03-06;0
2280;1543;30;2025-02-14;1
2281;2003;24;2025-02-16;0
2282;1330;20;2025-04-18;0
2283;1819;9;2025-04-26;1
2284;2960;28;2025-02-14;1
2285;2466;10;2025-03-19;0
2286;2687;1;2025-04-19;1
2287;466;21;2025-03-26;0
2288;33;28;2025-02-20;0
2289;2014;18;2025-01-16;0
2290;1893;5;2025-03-25;1
2291;1102;4;2025-01-24;1
2292;3084;21;2025-03-08;1
2293;2336;4;2025-03-21;0
2294;1999;7;2025-03-30;0
2295;1490;19;2025-02-23;1
2296;262;28;2025-04-08;1
2297;918;17;2025-02-11;0
2298;2546;6;2025-02-24;0
2299;63;29;2025-01-02;1
2300;1267;17;2025-03-15;1
2301;1336;14;2025-03-06;1
2302;1835;26;2025-01-06;1
2303;1376;26;2025-01-19;0
2304;1475;14;2025-02-21;1
2305;243;25;2025-04-03;1
2306;1935;7;2025-04-01;0
2307;1561;25;2025-01-06;0
2308;851;25;2025-01-19;0
2309;1982;9;2025-01-21;0
2310;2282;2;2025-01-04;0
2311;1267;18;2025-03-19;1
2312;799;28;2025-03-19;1
2313;2791;8;2025-04-19;1
2314;1981;28;2025-02-01;1
2315;204;26;2025-04-20;1
2316;1511;5;2025-04-03;1
2317;2485;17;2025-01-30;0
2318;1297;18;2025-01-09;0
2319;3102;2;2025-03-01;0
2320;2762;8;2025-01-09;1
2321;250;22;2025-01-16;1
2322;1233;8;2025-04-09;0
2323;875;22;2025-04-21;1
2324;313;20;2025-03-12;0
2325;132;28;2025-03-26;0
2326;345;9;2025-04-17;1
2327;1398;20;2025-01-14;1
2328;1429;11;2025-03-15;0
2329;2380;11;2025-01-07;1
2330;2109;18;2025-02-15;1
2331;553;1;2025-02-21;1
2332;822;25;2025-01-12;0
2333;1446;2;2025-04-05;0
2334;2459;2;2025-03-10;1
2335;1765;7;2025-03-31;1
2336;670;25;2025-02-08;0
2337;2081;22;2025-02-07;1
2338;2864;11;2025-03-18;1
2339;2072;16;2025-02-21;1
2340;122;17;2025-02-13;0
2341;2318;24;2025-01-28;0
2342;2266;15;2025-04-16;0
2343;1616;21;2025-03-16;0
2344;938;6;2025-01-23;1
2345;1698;29;2025-04-16;1
2346;1740;23;2025-04-07;0
2347;2301;9;2025-01-19;0
2348;2232;12;2025-02-19;0
2349;1019;6;2025-04-13;1
2350;1338;6;2025-01-07;1
2351;972;23;2025-02-12;1
2352;2344;10;2025-01-23;0
2353;1845;17;2025-03-04;1
2354;1256;5;2025-02-14;1
2355;1957;21;2025-04-14;0
2356;2091;6;2025-02-16;0
2357;553;25;2025-03-08;0
2358;2170;24;2025-04-05;1
2359;3040;8;2025-03-13;1
2360;2618;30;2025-04-23;1
2361;2316;4;2025-02-15;1
2362;790;24;2025-03-09;0
2363;158;24;2025-03-08;0
2364;1682;29;2025-04-18;0
2365;1716;1;2025-03-14;1
2366;257;9;2025-02-03;1
2367;442;27;2025-03-25;1
2368;1914;4;2025-02-02;0
2369;25;27;2025-02-04;1
2370;775;9;2025-02-18;0
2371;1531;27;2025-04-11;0
2372;1775;9;2025-02-03;0
2373;596;14;2025-02-20;0
2374;157;2;2025-04-03;1
2375;1070;8;2025-03-03;1
2376;1141;24;2025-04-05;1
2377;1769;13;2025-04-24;1
2378;913;6;2025-02-28;0
2379;2486;26;2025-04-23;0
2380;288;25;2025-04-02;0
2381;2559;13;2025-03-30;0
2382;483;14;2025-01-22;0
2383;1217;21;2025-03-21;1
2384;2750;18;2025-03-21;1
2385;563;7;2025-02-25;1
2386;570;20;2025-02-04;1
2387;1769;30;2025-04-25;0
2388;758;29;2025-03-23;1
2389;1369;12;2025-03-24;1
2390;379;3;2025-04-18;0
2391;2985;21;2025-01-22;1
2392;2;5;2025-03-12;0
2393;2432;18;2025-03-05;1
2394;2861;11;2025-02-06;1
2395;1801;14;2025-04-15;1
2396;3057;2;2025-03-13;0
2397;1007;6;2025-03-29;1
2398;538;15;2025-01-22;0
2399;2918;1;2025-03-24;0
2400;1113;4;2025-02-15;0
2401;1312;21;2025-01-21;0
2402;2520;9;2025-04-20;0
2403;1453;8;2025-03-06;0
2404;2785;7;2025-04-01;0
2405;1513;7;2025-04-25;0
2406;1730;12;2025-04-24;0
2407;1686;22;2025-01-12;1
2408;662;11;2025-01-31;0
2409;758;30;2025-04-25;1
2410;297;10;2025-03-08;1
2411;1009;27;2025-04-01;0
2412;1710;10;2025-02-18;1
2413;394;30;2025-01-17;1
2414;2868;28;2025-01-02;0
2415;892;19;2025-04-04;0
2416;1292;14;2025-04-26;0
2417;78;7;2025-03-19;0
2418;917;30;2025-04-16;0
2419;757;1;2025-01-02;1
2420;1403;2;2025-01-03;0
2421;1987;2;2025-04-05;1
2422;2767;19;2025-04-22;0
2423;385;5;2025-04-06;0
2424;583;9;2025-04-21;0
2425;776;28;2025-03-25;0
2426;2895;9;2025-02-12;1
2427;3;21;2025-01-12;0
2428;666;16;2025-02-21;0
2429;239;5;2025-02-24;1
2430;525;23;2025-01-07;1
2431;815;26;2025-03-27;0
2432;2236;22;2025-01-09;0
2433;44;4;2025-02-16;0
2434;2727;5;2025-03-21;1
2435;2947;9;2025-02-10;1
2436;2340;8;2025-03-21;1
2437;2352;23;2025-01-04;0
2438;16;22;2025-02-28;0
2439;2592;12;2025-01-06;1
2440;500;23;2025-01-07;1
2441;904;23;2025-01-10;0
2442;2028;12;2025-03-23;1
2443;2147;18;2025-04-05;1
2444;1415;13;2025-03-12;0
2445;515;17;2025-04-18;1
2446;679;21;2025-02-20;0
2447;1588;24;2025-04-21;1
2448;275;19;2025-04-01;1
2449;1138;28;2025-04-19;1
2450;336;28;2025-02-11;1
2451;1746;2;2025-02-25;1
2452;2050;11;2025-01-28;1
2453;3029;3;2025-01-14;1
2454;544;21;2025-02-10;1
2455;1496;8;2025-02-21;1
2456;174;10;2025-01-04;0
2457;641;11;2025-01-21;0
2458;2941;10;2025-01-30;0
2459;1015;29;2025-01-28;1
2460;2960;14;2025-04-13;1
2461;1659;16;2025-04-14;0
2462;750;9;2025-01-25;0
2463;1338;28;2025-02-17;1
2464;1579;29;2025-03-30;0
2465;1098;29;2025-01-11;1
2466;3110;22;2025-02-15;0
2467;596;19;2025-03-01;0
2468;1510;17;2025-02-28;1
2469;767;1;2025-03-26;0
2470;3023;2;2025-02-02;0
2471;2098;21;2025-03-18;0
2472;2391;3;2025-01-28;1
2473;1047;15;2025-02-20;1
2474;1962;28;2025-01-23;0
2475;1888;19;2025-01-24;1
2476;168;24;2025-04-27;0
2477;793;8;2025-04-26;1
2478;974;15;2025-02-28;1
2479;1148;14;2025-04-03;0
2480;232;8;2025-03-04;0
2481;1856;8;2025-03-18;1
2482;2528;16;2025-02-22;1
2483;1639;15;2025-03-14;1
2484;1917;30;2025-02-13;1
2485;581;4;2025-02-26;1
2486;2004;17;2025-02-11;1
2487;1827;6;2025-01-06;1
2488;1582;12;2025-03-01;0
2489;724;9;2025-01-21;0
2490;234;20;2025-02-28;0
2491;712;15;2025-03-19;1
2492;985;30;2025-03-15;1
2493;1796;13;2025-04-13;0
2494;582;23;2025-03-28;1
2495;1725;3;2025-01-18;1
2496;1936;11;2025-02-16;0
2497;2642;18;2025-03-04;1
2498;669;13;2025-04-21;0
2499;1329;12;2025-03-10;0
2500;1875;28;2025-04-26;0
2501;1896;27;2025-03-03;1
2502;2416;8;2025-02-05;0
2503;1026;21;2025-03-17;0
2504;487;21;2025-01-27;0
2505;1162;17;2025-03-19;1
2506;2952;1;2025-02-06;0
2507;1599;25;2025-02-07;0
2508;1933;6;2025-02-09;1
2509;680;27;2025-01-19;1
2510;2843;13;2025-02-01;1
2511;1056;24;2025-02-05;1
2512;2642;30;2025-03-25;1
2513;905;19;2025-01-18;0
2514;1810;8;2025-03-23;0
2515;2409;14;2025-02-07;0
2516;363;13;2025-01-22;0
2517;915;12;2025-01-14;0
2518;762;11;2025-04-23;1
2519;1546;22;2025-04-08;1
2520;611;18;2025-03-20;0
2521;1185;13;2025-02-04;0
2522;1699;30;2025-01-14;0
2523;1485;13;2025-01-15;1
2524;1655;13;2025-02-20;0
2525;1271;6;2025-03-26;0
2526;2963;15;2025-02-07;0
2527;712;22;2025-04-19;1
2528;1679;29;2025-03-25;0
2529;2279;21;2025-03-30;1
2530;903;25;2025-01-18;1
2531;1467;26;2025-01-09;0
2532;882;22;2025-02-27;1
2533;3031;22;2025-04-19;1
2534;2076;7;2025-04-22;1
2535;2932;10;2025-03-23;1
2536;767;6;2025-04-05;1
2537;640;14;2025-02-27;0
2538;2022;17;2025-01-31;1
2539;2044;18;2025-02-12;1
2540;279;15;2025-01-31;0
2541;1570;8;2025-03-20;1
2542;240;23;2025-01-06;1
2543;1685;30;2025-01-04;1
2544;1102;19;2025-03-18;1
2545;2867;26;2025-04-04;0
2546;1806;15;2025-02-09;1
2547;208;27;2025-02-06;0
2548;1628;22;2025-01-29;0
2549;55;28;2025-03-16;0
2550;1650;23;2025-04-24;0
2551;2013;15;2025-04-25;0
2552;1836;22;2025-04-14;1
2553;2243;10;2025-03-24;0
2554;2473;10;2025-03-01;0
2555;2397;28;2025-03-25;1
2556;845;5;2025-01-15;1
2557;1266;17;2025-04-09;1
2558;2710;9;2025-03-26;0
2559;302;12;2025-04-17;0
2560;2477;20;2025-03-25;1
2561;2355;28;2025-01-13;1
2562;2968;18;2025-03-29;0
2563;1907;19;2025-02-20;1
2564;2710;18;2025-01-09;1
2565;726;10;2025-04-09;1
2566;1607;25;2025-02-15;1
2567;2895;26;2025-03-12;0
2568;1413;18;2025-01-05;0
2569;2994;29;2025-01-03;0
2570;1495;7;2025-03-29;1
2571;2135;8;2025-03-26;0
2572;639;11;2025-02-08;0
2573;793;25;2025-03-26;1
2574;2115;27;2025-03-16;1
2575;279;16;2025-03-20;0
2576;1366;13;2025-01-15;1
2577;1650;3;2025-01-31;1
2578;1812;5;2025-04-02;0
2579;2618;22;2025-03-28;0
2580;632;9;2025-03-15;1
2581;2912;24;2025-04-06;1
2582;1704;18;2025-04-22;0
2583;2227;19;2025-03-21;1
2584;854;9;2025-02-04;1
2585;210;16;2025-02-18;1
2586;834;4;2025-02-10;1
2587;2955;12;2025-04-12;0
2588;1297;28;2025-04-02;0
2589;1847;8;2025-03-20;1
2590;2099;18;2025-02-27;1
2591;1206;23;2025-03-17;0
2592;2214;17;2025-03-01;0
2593;2688;23;2025-01-04;1
2594;2689;3;2025-02-25;1
2595;2720;16;2025-01-08;0
2596;2441;20;2025-01-23;1
2597;1601;26;2025-03-12;1
2598;2937;23;2025-04-27;0
2599;432;5;2025-04-24;0
2600;2042;6;2025-01-27;0
2601;218;30;2025-03-31;1
2602;2706;1;2025-02-23;0
2603;2810;26;2025-03-30;0
2604;2706;3;2025-04-09;0
2605;122;14;2025-01-17;0
2606;297;1;2025-03-31;1
2607;2808;16;2025-01-01;1
2608;48;13;2025-02-19;0
2609;2928;17;2025-04-07;1
2610;1955;9;2025-01-18;0
2611;1804;5;2025-02-17;0
2612;2909;12;2025-04-05;0
2613;2785;8;2025-04-15;1
2614;2772;21;2025-04-20;1
2615;437;8;2025-02-26;1
2616;1956;23;2025-01-29;1
2617;31;10;2025-04-15;0
2618;1035;4;2025-03-24;1
2619;1608;30;2025-01-09;1
2620;2173;21;2025-01-22;0
2621;1905;7;2025-02-19;1
2622;820;13;2025-04-10;0
2623;1362;22;2025-01-14;1
2624;2394;28;2025-02-16;0
2625;1006;11;2025-04-11;0
2626;2462;22;2025-04-10;0
2627;2727;27;2025-03-22;1
2628;2617;26;2025-04-13;0
2629;1258;9;2025-02-17;0
2630;1977;12;2025-02-20;0
2631;1843;22;2025-03-29;1
2632;833;9;2025-01-31;0
2633;218;4;2025-02-19;1
2634;2567;14;2025-04-22;0
2635;934;23;2025-03-14;0
2636;966;21;2025-03-16;0
2637;31;26;2025-02-27;1
2638;1286;26;2025-01-09;1
2639;2396;26;2025-04-02;1
2640;661;27;2025-04-09;1
2641;1151;8;2025-04-20;1
2642;2839;19;2025-02-18;1
2643;2336;8;2025-04-19;0
2644;1057;18;2025-01-10;1
2645;2521;6;2025-03-05;1
2646;2150;2;2025-02-22;0
2647;727;13;2025-01-29;0
2648;2389;17;2025-01-05;1
2649;3075;16;2025-01-29;1
2650;1894;5;2025-01-19;0
2651;2290;4;2025-03-20;1
2652;736;19;2025-04-21;1
2653;1926;27;2025-03-05;1
2654;2210;26;2025-03-05;1
2655;2257;10;2025-04-07;1
2656;802;17;2025-03-25;0
2657;1602;12;2025-02-20;0
2658;2546;15;2025-03-15;0
2659;430;19;2025-04-11;0
2660;1314;25;2025-04-21;1
2661;2806;7;2025-01-05;0
2662;1121;22;2025-04-22;0
2663;366;27;2025-01-14;0
2664;48;5;2025-01-30;0
2665;1124;8;2025-01-24;1
2666;1294;24;2025-01-11;0
2667;1294;21;2025-03-09;1
2668;1650;3;2025-04-04;0
2669;1227;27;2025-01-18;0
2670;761;10;2025-03-03;1
2671;2854;3;2025-04-26;0
2672;2197;25;2025-02-21;1
2673;18;25;2025-04-09;0
2674;1193;28;2025-01-04;0
2675;838;23;2025-03-21;0
2676;1626;24;2025-04-24;1
2677;2312;28;2025-04-04;0
2678;2725;27;2025-01-06;0
2679;1145;22;2025-02-18;1
2680;2590;8;2025-02-23;1
2681;696;5;2025-04-21;1
2682;2279;2;2025-01-12;0
2683;752;19;2025-03-22;1
2684;1592;2;2025-01-10;1
2685;1205;10;2025-01-15;1
2686;2465;23;2025-02-08;1
2687;454;27;2025-02-22;1
2688;3119;3;2025-04-08;1
2689;3035;15;2025-03-20;1
2690;2694;3;2025-04-05;0
2691;1913;3;2025-02-02;1
2692;562;23;2025-04-02;0
2693;2460;19;2025-03-09;0
2694;1908;17;2025-04-13;1
2695;2202;29;2025-04-25;1
2696;520;20;2025-01-13;0
2697;412;25;2025-03-18;0
2698;882;7;2025-04-07;0
2699;975;29;2025-04-08;1
2700;614;7;2025-01-28;1
2701;2856;17;2025-03-10;0
2702;2604;29;2025-03-28;0
2703;2344;30;2025-04-20;1
2704;730;20;2025-01-28;0
2705;1478;8;2025-03-12;1
2706;243;13;2025-01-29;0
2707;800;23;2025-04-02;0
2708;991;13;2025-04-17;1
2709;1950;2;2025-03-27;0
2710;1790;29;2025-02-04;1
2711;92;11;2025-02-25;1
2712;2153;21;2025-01-01;0
2713;1131;28;2025-04-04;1
2714;210;28;2025-02-25;1
2715;1053;20;2025-04-06;1
2716;1066;11;2025-01-17;0
2717;2644;25;2025-04-27;1
2718;1945;5;2025-01-31;0
2719;543;12;2025-01-05;0
2720;1467;11;2025-01-20;1
2721;2774;16;2025-03-06;1
2722;2391;18;2025-03-10;0
2723;683;24;2025-04-06;1
2724;480;15;2025-01-02;0
2725;1300;10;2025-02-24;0
2726;1918;9;2025-02-03;1
2727;100;20;2025-01-21;1
2728;517;25;2025-03-29;0
2729;50;5;2025-01-13;0
2730;1421;12;2025-02-03;1
2731;2437;21;2025-02-23;1
2732;985;6;2025-03-10;1
2733;750;13;2025-03-13;1
2734;2289;17;2025-03-25;1
2735;123;8;2025-01-05;0
2736;1734;11;2025-01-19;1
2737;2757;5;2025-02-17;1
2738;110;25;2025-02-22;0
2739;2084;18;2025-01-06;1
2740;2897;26;2025-01-29;0
2741;1549;15;2025-02-01;1
2742;520;15;2025-02-27;1
2743;348;26;2025-02-25;0
2744;1871;30;2025-01-12;0
2745;253;15;2025-01-10;0
2746;1778;6;2025-03-17;0
2747;1671;24;2025-04-11;1
2748;1606;19;2025-02-26;0
2749;2958;25;2025-04-08;0
2750;2154;18;2025-03-10;0
2751;2833;17;2025-03-17;1
2752;2300;1;2025-03-19;0
2753;810;19;2025-01-14;0
2754;841;26;2025-02-01;1
2755;2886;5;2025-01-29;0
2756;1543;20;2025-02-01;0
2757;493;29;2025-01-05;1
2758;667;20;2025-01-10;0
2759;2251;18;2025-03-07;0
2760;529;26;2025-04-27;1
2761;2819;23;2025-03-23;1
2762;2105;11;2025-02-10;1
2763;1257;4;2025-01-16;0
2764;1966;11;2025-02-07;1
2765;461;11;2025-01-01;0
2766;154;27;2025-04-18;1
2767;1474;22;2025-02-19;1
2768;1335;30;2025-02-13;1
2769;2636;27;2025-03-13;0
2770;2948;6;2025-04-08;1
2771;2877;8;2025-04-23;1
2772;742;8;2025-03-18;1
2773;2500;18;2025-02-05;0
2774;1975;25;2025-01-13;0
2775;548;15;2025-04-23;1
2776;2387;24;2025-02-11;0
2777;890;19;2025-03-01;0
2778;2970;20;2025-02-21;1
2779;2420;20;2025-03-17;0
2780;1183;22;2025-04-03;1
2781;2665;25;2025-03-23;0
2782;2458;19;2025-04-14;0
2783;2758;8;2025-01-13;0
2784;1292;18;2025-02-07;1
2785;2226;5;2025-01-30;1
2786;1944;14;2025-01-14;0
2787;2202;20;2025-01-30;0
2788;2778;27;2025-04-27;0
2789;790;21;2025-01-28;0
2790;1332;6;2025-03-20;1
2791;126;25;2025-02-09;1
2792;2317;24;2025-01-06;1
2793;1158;9;2025-03-30;1
2794;2847;18;2025-02-25;0
2795;2035;11;2025-01-30;1
2796;743;1;2025-01-01;1
2797;442;15;2025-04-03;0
2798;651;25;2025-04-01;0
2799;2758;15;2025-04-21;1
2800;1002;2;2025-04-15;0
2801;965;11;2025-01-05;0
2802;2072;7;2025-02-19;1
2803;2006;26;2025-04-27;1
2804;2216;11;2025-04-24;0
2805;2054;30;2025-01-01;1
2806;1716;10;2025-01-11;0
2807;1488;9;2025-03-14;1
2808;1042;15;2025-03-30;0
2809;845;12;2025-03-26;1
2810;691;4;2025-04-10;0
2811;2994;5;2025-02-08;0
2812;3083;26;2025-01-10;1
2813;2675;30;2025-03-13;0
2814;2684;23;2025-03-06;0
2815;1345;22;2025-01-08;1
2816;863;2;2025-03-09;0
2817;2777;21;2025-03-21;1
2818;466;27;2025-02-27;1
2819;461;5;2025-03-12;1
2820;2725;26;2025-02-20;0
2821;527;4;2025-02-19;1
2822;2156;18;2025-02-03;1
2823;1875;17;2025-01-04;0
2824;2639;6;2025-04-18;0
2825;589;6;2025-04-14;0
2826;1636;13;2025-01-25;1
2827;2572;12;2025-03-07;1
2828;1588;12;2025-02-15;1
2829;753;15;2025-03-16;1
2830;1733;8;2025-03-04;0
2831;1181;29;2025-02-25;1
2832;863;28;2025-03-26;0
2833;774;30;2025-03-25;0
2834;1031;30;2025-04-06;0
2835;504;28;2025-02-03;1
2836;1820;23;2025-02-12;1
2837;2133;25;2025-02-26;0
2838;1015;4;2025-02-27;0
2839;513;30;2025-02-06;1
2840;2164;23;2025-01-13;0
2841;1527;11;2025-03-20;0
2842;547;5;2025-01-28;0
2843;2245;20;2025-02-05;1
2844;337;2;2025-02-19;0
2845;2509;18;2025-01-15;0
2846;2569;3;2025-03-10;1
2847;606;1;2025-03-06;0
2848;833;18;2025-03-18;0
2849;1009;20;2025-04-14;0
2850;1443;7;2025-02-20;1
2851;438;18;2025-02-24;1
2852;1921;26;2025-03-21;0
2853;937;14;2025-04-20;0
2854;475;17;2025-04-18;0
2855;1826;5;2025-04-18;0
2856;691;21;2025-03-31;1
2857;1426;5;2025-01-17;1
2858;2144;15;2025-04-20;0
2859;2696;19;2025-03-10;1
2860;1159;30;2025-04-02;0
2861;1096;24;2025-04-23;1
2862;2286;5;2025-02-14;1
2863;198;23;2025-02-11;0
2864;1199;8;2025-01-22;0
2865;1313;19;2025-02-17;0
2866;2307;5;2025-03-19;1
2867;1426;9;2025-04-04;1
2868;2227;25;2025-03-20;0
2869;2018;15;2025-02-18;1
2870;1828;2;2025-01-23;1
2871;733;13;2025-01-11;1
2872;3091;13;2025-03-15;1
2873;1176;13;2025-01-10;1
2874;133;3;2025-04-26;1
2875;2515;15;2025-01-31;0
2876;2156;28;2025-04-23;1
2877;1849;29;2025-01-16;1
2878;3119;10;2025-03-06;1
2879;1680;1;2025-01-10;0
2880;1901;14;2025-01-12;1
2881;2055;10;2025-03-16;1
2882;952;27;2025-03-25;0
2883;830;29;2025-02-27;0
2884;258;6;2025-01-08;1
2885;226;3;2025-03-29;0
2886;1594;28;2025-03-12;1
2887;234;14;2025-01-24;0
2888;2898;18;2025-03-30;0
2889;1857;2;2025-01-18;0
2890;54;25;2025-02-13;0
2891;2543;15;2025-04-09;0
2892;1496;9;2025-01-11;0
2893;1297;12;2025-04-06;0
2894;361;24;2025-03-17;1
2895;2903;28;2025-01-28;1
2896;1865;16;2025-04-26;1
2897;792;3;2025-03-12;0
2898;1702;29;2025-04-01;0
2899;2040;23;2025-04-27;1
2900;2878;25;2025-03-27;1
2901;2495;1;2025-01-14;1
2902;1014;11;2025-01-20;1
2903;706;17;2025-01-15;0
2904;3110;4;2025-01-19;1
2905;827;1;2025-03-07;0
2906;2316;18;2025-01-22;1
2907;2317;3;2025-04-20;0
2908;90;9;2025-01-22;0
2909;324;24;2025-03-10;0
2910;202;2;2025-02-12;0
2911;82;29;2025-01-19;1
2912;585;29;2025-02-22;1
2913;2188;12;2025-01-11;0
2914;2042;12;2025-03-27;1
2915;427;7;2025-03-31;1
2916;139;24;2025-03-29;0
2917;1821;29;2025-03-20;0
2918;2798;4;2025-01-23;1
2919;2978;3;2025-02-05;0
2920;1520;28;2025-04-19;1
2921;214;11;2025-01-08;0
2922;2073;20;2025-01-09;1
2923;918;8;2025-04-27;0
2924;365;21;2025-01-13;1
2925;629;10;2025-02-22;0
2926;150;17;2025-02-18;0
2927;2014;20;2025-02-25;0
2928;1225;16;2025-03-10;1
2929;2019;3;2025-02-27;1
2930;859;22;2025-01-27;1
2931;2537;18;2025-01-04;1
2932;872;11;2025-02-16;0
2933;83;25;2025-01-23;0
2934;2613;6;2025-03-25;1
2935;1344;10;2025-03-14;1
2936;2876;19;2025-04-07;0
2937;1492;23;2025-01-08;0
2938;806;20;2025-03-12;0
2939;849;5;2025-04-05;1
2940;2288;3;2025-03-12;0
2941;1643;29;2025-04-19;0
2942;235;15;2025-03-20;1
2943;218;7;2025-04-07;0
2944;2492;3;2025-03-18;1
2945;1441;3;2025-03-31;1
2946;744;30;2025-01-20;0
2947;2382;4;2025-04-07;0
2948;2639;7;2025-03-03;1
2949;41;13;2025-04-01;0
2950;819;1;2025-02-16;1
2951;212;6;2025-02-13;0
2952;1812;16;2025-03-30;0
2953;3084;29;2025-01-08;1
2954;2115;26;2025-04-09;1
2955;2906;12;2025-04-04;1
2956;632;30;2025-01-19;1
2957;1287;10;2025-02-06;0
2958;443;2;2025-01-19;0
2959;1174;5;2025-02-19;0
2960;1810;13;2025-01-12;0
2961;2269;19;2025-04-12;1
2962;952;11;2025-03-22;1
2963;490;25;2025-03-23;0
2964;282;12;2025-01-05;1
2965;2982;17;2025-03-11;1
2966;1894;21;2025-01-21;1
2967;2331;8;2025-03-08;1
2968;846;9;2025-01-09;0
2969;2762;12;2025-01-12;1
2970;2709;21;2025-01-28;1
2971;865;21;2025-04-04;1
2972;385;3;2025-02-15;1
2973;2663;11;2025-03-16;0
2974;2479;7;2025-04-02;0
2975;1822;14;2025-01-02;1
2976;1447;16;2025-03-11;0
2977;430;20;2025-02-24;1
2978;1598;26;2025-01-19;0
2979;562;9;2025-03-03;1
2980;2414;27;2025-04-24;0
2981;1022;7;2025-03-24;1
2982;948;11;2025-03-12;0
2983;1399;11;2025-01-18;0
2984;2206;14;2025-04-23;0
2985;773;21;2025-03-07;1
2986;36;22;2025-03-29;0
2987;1991;7;2025-01-06;1
2988;971;12;2025-03-26;0
2989;448;12;2025-03-26;1
2990;2183;26;2025-04-06;1
2991;2304;11;2025-01-16;0
2992;568;4;2025-01-11;0
2993;2261;21;2025-03-15;0
2994;662;19;2025-03-28;0
2995;2880;18;2025-02-19;1
2996;645;3;2025-02-18;1
2997;1527;15;2025-04-06;0
2998;2718;10;2025-04-17;0
2999;433;17;2025-04-15;1
3000;2476;1;2025-02-18;0
3001;1836;15;2025-01-12;0
3002;1396;8;2025-04-14;0
3003;907;24;2025-04-06;0
3004;2711;8;2025-01-14;1
3005;2456;15;2025-01-07;1
3006;2534;20;2025-03-01;1
3007;2377;18;2025-02-11;0
3008;2833;8;2025-02-02;1
3009;907;9;2025-02-01;0
3010;2804;28;2025-01-11;1
3011;679;8;2025-02-07;1
3012;2707;20;2025-02-18;0
3013;469;11;2025-02-05;0
3014;2602;30;2025-02-01;1
3015;1220;16;2025-03-14;0
3016;526;23;2025-01-28;0
3017;1132;24;2025-03-25;0
3018;1844;14;2025-04-18;1
3019;1072;5;2025-03-06;0
3020;2601;4;2025-03-24;1
3021;3058;13;2025-03-12;0
3022;238;5;2025-03-04;1
3023;2220;9;2025-03-12;1
3024;2689;20;2025-03-29;1
3025;444;2;2025-02-26;0
3026;2487;2;2025-02-02;1
3027;1999;1;2025-02-23;0
3028;2202;8;2025-01-13;1
3029;1443;24;2025-03-31;0
3030;2886;1;2025-02-04;1
3031;1866;19;2025-04-14;0
3032;295;9;2025-01-29;0
3033;218;8;2025-02-07;0
3034;2184;5;2025-03-02;1
3035;205;14;2025-03-30;0
3036;669;8;2025-02-21;1
3037;2641;1;2025-02-18;0
3038;463;5;2025-04-18;1
3039;1702;17;2025-04-26;1
3040;3112;7;2025-01-17;1
3041;168;2;2025-02-17;0
3042;1138;28;2025-02-22;1
3043;974;12;2025-03-03;0
3044;2570;19;2025-02-07;1
3045;2168;21;2025-01-26;0
3046;958;19;2025-03-08;0
3047;1517;23;2025-02-17;1
3048;8;21;2025-04-04;0
3049;2901;10;2025-04-16;0
3050;891;1;2025-03-16;1
3051;2415;15;2025-03-04;0
3052;903;19;2025-01-09;1
3053;2132;30;2025-04-10;1
3054;2626;12;2025-04-15;1
3055;1602;19;2025-01-13;1
3056;2654;21;2025-02-04;1
3057;2660;28;2025-04-15;0
3058;2068;8;2025-04-25;0
3059;2778;18;2025-04-18;1
3060;2222;23;2025-01-01;1
3061;1425;4;2025-03-11;0
3062;1605;26;2025-02-14;0
3063;1140;11;2025-04-11;1
3064;467;18;2025-03-18;0
3065;1910;28;2025-03-18;1
3066;52;15;2025-01-15;1
3067;425;16;2025-02-24;1
3068;2670;20;2025-02-19;0
3069;2879;25;2025-03-02;0
3070;2896;21;2025-01-07;1
3071;734;24;2025-02-18;1
3072;594;25;2025-03-31;0
3073;2627;8;2025-01-04;0
3074;2180;17;2025-04-23;0
3075;180;14;2025-02-06;1
3076;1276;9;2025-01-22;1
3077;2857;20;2025-02-19;1
3078;2175;5;2025-03-23;0
3079;2049;2;2025-04-17;0
3080;1396;27;2025-04-06;1
3081;2396;9;2025-02-21;1
3082;2495;13;2025-02-23;0
3083;2402;12;2025-01-12;1
3084;3089;23;2025-01-06;1
3085;1917;21;2025-02-02;0
3086;1533;24;2025-01-23;0
3087;2869;3;2025-04-25;1
3088;543;20;2025-03-29;1
3089;2449;27;2025-03-21;1
3090;1887;22;2025-04-03;1
3091;2934;7;2025-01-03;1
3092;1900;28;2025-04-19;0
3093;1696;4;2025-02-07;0
3094;191;13;2025-02-25;0
3095;1095;10;2025-03-12;0
3096;2369;9;2025-04-03;0
3097;242;6;2025-02-24;1
3098;1721;30;2025-02-27;1
3099;2665;19;2025-04-05;0
3100;3067;18;2025-04-27;0
3101;1336;13;2025-01-19;0
3102;2964;6;2025-04-19;1
3103;345;24;2025-02-19;0
3104;1536;16;2025-01-14;0
3105;1370;20;2025-02-26;1
3106;206;22;2025-03-23;1
3107;584;23;2025-01-02;1
3108;417;29;2025-01-06;0
3109;2070;14;2025-03-24;0
3110;1400;6;2025-03-08;1
3111;2312;16;2025-04-03;0
3112;69;25;2025-02-22;0
3113;2299;11;2025-01-05;1
3114;2821;27;2025-04-23;1
3115;2426;10;2025-03-23;0
3116;3098;15;2025-02-16;1
3117;2333;6;2025-02-11;0
3118;2286;16;2025-01-10;0
3119;2857;11;2025-02-06;1
3120;3032;14;2025-01-06;0
3121;2980;27;2025-03-21;1
3122;1104;5;2025-01-16;0
3123;2092;26;2025-04-23;0
3124;469;25;2025-02-16;1
3125;1037;25;2025-04-12;0
3126;548;13;2025-04-14;0
3127;1625;16;2025-04-13;1
3128;1281;8;2025-02-20;0
3129;1165;11;2025-01-06;0
3130;1476;29;2025-03-25;0
3131;3027;15;2025-04-20;1
3132;2251;20;2025-01-31;1
3133;1210;21;2025-03-08;1
3134;31;8;2025-04-03;1
3135;999;19;2025-01-26;0
3136;2435;9;2025-01-11;0
3137;1991;20;2025-03-03;1
3138;2078;27;2025-01-09;0
3139;1091;4;2025-03-15;1
3140;2181;6;2025-03-08;1
3141;1177;1;2025-03-15;0
3142;140;7;2025-02-19;1
3143;60;9;2025-01-25;1
3144;539;29;2025-01-11;1
3145;1585;20;2025-02-25;0
3146;535;17;2025-03-22;0
3147;1419;25;2025-03-21;0
3148;1066;22;2025-03-30;1
3149;2799;7;2025-01-11;1
3150;1656;10;2025-03-18;0
3151;1215;25;2025-02-16;1
3152;989;14;2025-03-10;1
3153;2214;28;2025-02-25;0
3154;813;28;2025-04-08;0
3155;502;15;2025-04-19;1
3156;2659;21;2025-04-19;0
3157;2233;6;2025-01-26;0
3158;1278;28;2025-03-05;1
3159;2108;27;2025-02-12;1
3160;2171;17;2025-04-03;0
3161;3076;20;2025-02-25;1
3162;2778;18;2025-03-20;1
3163;2868;29;2025-02-10;1
3164;1649;19;2025-01-16;1
3165;688;16;2025-03-02;0
3166;1063;14;2025-02-10;1
3167;1458;19;2025-03-06;1
3168;2448;5;2025-03-21;0
3169;3001;19;2025-02-15;0
3170;976;13;2025-01-31;1
3171;324;22;2025-01-14;0
3172;1004;4;2025-01-24;0
3173;3064;4;2025-02-08;0
3174;957;16;2025-01-21;1
3175;49;12;2025-02-14;0
3176;1330;19;2025-02-17;0
3177;227;5;2025-02-15;1
3178;2273;9;2025-02-05;0
3179;3;25;2025-03-23;1
3180;1431;12;2025-01-04;1
3181;857;21;2025-04-04;1
3182;2633;3;2025-01-05;1
3183;591;9;2025-03-21;0
3184;2095;14;2025-01-21;0
3185;480;17;2025-01-30;0
3186;343;10;2025-01-11;0
3187;305;8;2025-03-07;0
3188;380;14;2025-01-19;1
3189;2181;2;2025-03-31;0
3190;1060;14;2025-02-01;1
3191;3057;2;2025-01-02;1
3192;391;18;2025-04-08;0
3193;2210;15;2025-03-24;1
3194;2394;30;2025-04-23;1
3195;190;6;2025-03-04;0
3196;1424;13;2025-04-26;0
3197;571;24;2025-03-09;1
3198;2251;18;2025-03-21;0
3199;975;11;2025-04-09;1
3200;589;2;2025-04-11;0
3201;549;12;2025-02-18;1
3202;2997;28;2025-02-16;1
3203;1123;11;2025-04-22;0
3204;1278;17;2025-03-17;0
3205;1894;25;2025-01-08;1
3206;1486;27;2025-04-26;0
3207;3068;8;2025-04-01;0
3208;1237;26;2025-01-12;0
3209;397;30;2025-01-10;1
3210;2771;1;2025-02-28;0
3211;2686;22;2025-04-12;0
3212;527;12;2025-02-26;0
3213;812;13;2025-03-12;0
3214;3094;26;2025-04-03;1
3215;1366;7;2025-04-26;1
3216;3037;17;2025-01-02;0
3217;2466;28;2025-03-05;0
3218;1031;16;2025-04-25;1
3219;1263;21;2025-03-19;0
3220;2555;20;2025-04-05;1
3221;1812;22;2025-04-04;0
3222;1172;19;2025-03-09;0
3223;2995;25;2025-01-28;0
3224;2974;4;2025-02-16;1
3225;56;1;2025-04-21;1
3226;2204;30;2025-02-17;1
3227;605;21;2025-02-24;1
3228;1168;5;2025-03-30;1
3229;2015;9;2025-03-13;0
3230;598;22;2025-03-22;0
3231;2786;24;2025-03-16;0
3232;1482;24;2025-03-19;1
3233;1970;11;2025-02-21;1
3234;593;17;2025-03-07;0
3235;1236;12;2025-02-08;0
3236;2537;4;2025-03-04;1
3237;2157;15;2025-03-17;0
3238;1509;6;2025-01-10;1
3239;2429;14;2025-04-07;0
3240;1000;2;2025-01-07;0
3241;2137;26;2025-03-30;1
3242;692;18;2025-03-17;1
3243;292;27;2025-02-17;0
3244;473;19;2025-03-27;0
3245;2051;25;2025-01-11;0
3246;2643;24;2025-03-04;1
3247;1152;22;2025-04-13;0
3248;2269;21;2025-02-20;0
3249;1144;9;2025-01-29;0
3250;2812;16;2025-03-24;1
3251;1085;2;2025-04-19;0
3252;456;25;2025-03-04;0
3253;2809;19;2025-04-20;1
3254;573;18;2025-03-02;0
3255;290;26;2025-04-11;0
3256;1372;30;2025-02-02;0
3257;1911;4;2025-01-29;0
3258;3;3;2025-03-20;0
3259;191;23;2025-03-10;1
3260;697;17;2025-02-23;1
3261;1859;30;2025-02-10;1
3262;2774;3;2025-01-16;1
3263;1096;13;2025-01-18;0
3264;2922;26;2025-01-15;1
3265;2293;3;2025-02-01;1
3266;349;13;2025-04-16;0
3267;2087;12;2025-03-04;1
3268;2784;6;2025-03-23;1
3269;560;29;2025-02-14;1
3270;75;22;2025-02-27;0
3271;1661;15;2025-02-24;1
3272;1045;30;2025-03-29;0
3273;1818;2;2025-04-01;1
3274;778;21;2025-03-10;0
3275;2681;17;2025-01-25;1
3276;771;26;2025-03-18;1
3277;2730;5;2025-01-26;0
3278;2268;7;2025-02-25;1
3279;2331;15;2025-04-04;1
3280;303;20;2025-01-14;0
3281;491;22;2025-02-03;0
3282;1924;10;2025-03-19;0
3283;1693;17;2025-04-04;0
3284;1244;10;2025-01-31;0
3285;1166;30;2025-04-22;0
3286;2308;29;2025-04-26;1
3287;2046;29;2025-02-25;0
3288;1290;14;2025-01-11;1
3289;2679;3;2025-01-17;0
3290;161;1;2025-04-18;1
3291;76;10;2025-01-05;0
3292;2842;9;2025-04-13;1
3293;3103;30;2025-01-20;0
3294;2179;6;2025-03-31;1
3295;1508;27;2025-03-09;0
3296;1706;26;2025-04-16;0
3297;2921;3;2025-03-18;0
3298;2985;18;2025-03-31;0
3299;1165;15;2025-01-13;1
3300;507;4;2025-02-09;1
3301;2885;8;2025-04-02;1
3302;575;23;2025-02-02;0
3303;32;1;2025-02-17;0
3304;563;9;2025-04-07;0
3305;1619;4;2025-03-22;0
3306;1672;11;2025-03-21;0
3307;3079;3;2025-03-17;0
3308;1345;5;2025-04-09;1
3309;147;20;2025-04-19;0
3310;2635;29;2025-02-02;0
3311;1223;17;2025-03-03;0
3312;2796;14;2025-03-25;0
3313;1332;5;2025-02-09;0
3314;2556;25;2025-03-27;0
3315;1256;19;2025-01-30;0
3316;383;13;2025-01-02;1
3317;2561;29;2025-03-26;1
3318;2425;4;2025-01-21;1
3319;1958;29;2025-01-26;1
3320;1550;23;2025-04-03;0
3321;235;30;2025-02-25;0
3322;2804;18;2025-01-19;0
3323;633;30;2025-03-03;1
3324;486;26;2025-02-09;0
3325;2845;12;2025-01-25;0
3326;1018;28;2025-01-28;0
3327;2921;1;2025-02-11;0
3328;564;14;2025-02-07;1
3329;1609;14;2025-03-31;1
3330;194;14;2025-01-26;1
3331;611;11;2025-03-09;1
3332;540;30;2025-01-03;1
3333;96;5;2025-04-26;0
3334;1480;6;2025-01-24;1
3335;1967;5;2025-03-06;0
3336;447;30;2025-01-28;0
3337;1253;25;2025-02-02;0
3338;3035;18;2025-02-17;1
3339;767;14;2025-03-31;1
3340;1721;24;2025-02-14;0
3341;2599;3;2025-04-24;1
3342;114;26;2025-03-22;1
3343;3056;20;2025-03-13;1
3344;258;19;2025-02-17;0
3345;2838;30;2025-03-11;0
3346;878;10;2025-03-28;1
3347;2478;10;2025-04-10;1
3348;881;26;2025-01-08;0
3349;708;24;2025-01-17;0
3350;972;12;2025-01-31;1
3351;2420;14;2025-02-07;0
3352;2131;19;2025-04-19;1
3353;2863;19;2025-04-10;0
3354;2562;29;2025-02-15;0
3355;2413;12;2025-04-19;0
3356;1774;8;2025-01-20;0
3357;766;20;2025-01-13;1
3358;2807;10;2025-01-17;0
3359;2392;3;2025-04-02;0
3360;1419;18;2025-02-14;0
3361;1338;29;2025-03-14;0
3362;1888;28;2025-02-01;0
3363;1073;10;2025-01-10;1
3364;664;11;2025-04-15;0
3365;1736;7;2025-01-21;0
3366;1704;28;2025-03-17;1
3367;1347;13;2025-01-08;0
3368;221;3;2025-01-17;1
3369;848;15;2025-02-09;1
3370;551;25;2025-01-04;0
3371;1846;26;2025-02-03;0
3372;2297;27;2025-03-11;0
3373;1033;2;2025-04-07;0
3374;206;13;2025-01-01;1
3375;2598;6;2025-03-09;0
3376;405;15;2025-03-20;0
3377;269;2;2025-04-05;0
3378;888;5;2025-02-14;0
3379;2112;28;2025-02-01;0
3380;2297;19;2025-01-30;1
3381;1386;21;2025-03-11;1
3382;2657;21;2025-04-27;0
3383;2957;12;2025-01-21;0
3384;2808;24;2025-01-18;1
3385;275;27;2025-04-27;1
3386;1569;8;2025-01-20;0
3387;1391;20;2025-02-04;1
3388;332;7;2025-02-26;0
3389;2703;21;2025-03-20;1
3390;1627;5;2025-03-06;0
3391;1276;21;2025-01-24;0
3392;2187;7;2025-02-23;0
3393;57;5;2025-04-15;0
3394;322;5;2025-02-15;1
3395;2699;11;2025-03-04;1
3396;1083;29;2025-02-18;1
3397;366;2;2025-01-18;1
3398;337;9;2025-02-20;1
3399;2973;15;2025-04-10;0
3400;1674;29;2025-03-06;0
3401;2556;12;2025-02-10;1
3402;1046;26;2025-03-08;0
3403;2168;12;2025-03-23;1
3404;670;2;2025-02-24;0
3405;1524;14;2025-02-02;1
3406;127;20;2025-04-03;0
3407;2856;14;2025-01-10;0
3408;1811;19;2025-04-02;0
3409;1266;17;2025-02-22;1
3410;2855;4;2025-02-28;0
3411;2694;5;2025-03-03;0
3412;1546;26;2025-03-26;1
3413;1184;18;2025-04-19;1
3414;2145;19;2025-01-14;1
3415;2180;8;2025-03-31;1
3416;1858;28;2025-02-03;0
3417;851;5;2025-01-22;0
3418;464;21;2025-02-21;1
3419;3086;1;2025-04-12;0
3420;1491;29;2025-04-25;0
3421;175;10;2025-03-15;0
3422;1565;18;2025-03-30;1
3423;1552;5;2025-01-01;1
3424;683;4;2025-02-10;0
3425;1098;9;2025-02-17;1
3426;2582;30;2025-03-07;0
3427;746;30;2025-03-10;1
3428;285;22;2025-03-14;0
3429;1771;29;2025-01-31;0
3430;2235;21;2025-03-19;1
3431;1569;21;2025-01-14;0
3432;1140;16;2025-04-23;1
3433;1006;19;2025-02-14;0
3434;3070;8;2025-01-29;1
3435;2447;10;2025-01-10;1
3436;2549;4;2025-01-07;0
3437;943;18;2025-02-25;1
3438;441;22;2025-03-09;1
3439;1095;15;2025-01-13;0
3440;1321;9;2025-04-25;0
3441;1641;28;2025-03-20;1
3442;609;1;2025-04-09;0
3443;1728;21;2025-02-11;0
3444;1839;8;2025-01-25;1
3445;1121;22;2025-03-05;1
3446;265;10;2025-01-12;1
3447;1741;27;2025-01-19;0
3448;85;14;2025-01-19;0
3449;3118;19;2025-04-13;0
3450;3121;8;2025-02-24;0
3451;557;21;2025-02-03;1
3452;2623;21;2025-04-05;1
3453;2749;23;2025-04-27;0
3454;1615;12;2025-03-09;1
3455;1560;28;2025-01-30;0
3456;2782;2;2025-04-26;1
3457;270;2;2025-01-29;0
3458;1730;12;2025-03-05;1
3459;3049;22;2025-04-27;0
3460;1177;4;2025-03-16;1
3461;885;14;2025-03-07;1
3462;1870;14;2025-02-15;1
3463;126;24;2025-03-14;1
3464;143;12;2025-01-31;0
3465;1930;23;2025-04-23;0
3466;1872;7;2025-04-11;0
3467;1580;19;2025-01-12;0
3468;101;23;2025-02-17;1
3469;794;17;2025-02-14;1
3470;3105;23;2025-01-26;1
3471;750;24;2025-01-24;1
3472;2434;28;2025-01-22;0
3473;1792;26;2025-04-16;1
3474;252;21;2025-02-11;1
3475;115;20;2025-03-26;0
3476;2384;13;2025-02-26;0
3477;1622;3;2025-01-10;1
3478;1070;25;2025-02-04;1
3479;707;6;2025-02-02;1
3480;321;18;2025-01-30;0
3481;1959;30;2025-04-22;1
3482;423;10;2025-03-17;1
3483;455;8;2025-01-15;1
3484;1542;12;2025-03-26;1
3485;367;5;2025-03-11;1
3486;1155;3;2025-03-08;1
3487;3022;5;2025-04-22;1
3488;2481;14;2025-01-05;0
3489;161;10;2025-03-10;1
3490;3073;10;2025-03-05;0
3491;2021;19;2025-04-08;0
3492;1253;17;2025-03-04;0
3493;1977;2;2025-01-20;1
3494;2836;9;2025-04-22;0
3495;2912;6;2025-01-13;1
3496;1486;9;2025-03-14;0
3497;2114;25;2025-01-07;1
3498;1275;2;2025-04-20;0
3499;1495;6;2025-03-03;1
3500;2486;15;2025-01-18;1
3501;1863;29;2025-03-07;0
3502;1806;19;2025-04-21;1
3503;2932;3;2025-02-22;1
3504;2335;28;2025-02-16;0
3505;1079;9;2025-03-30;0
3506;2207;2;2025-03-14;0
3507;2554;14;2025-04-23;1
3508;466;5;2025-01-10;0
3509;640;29;2025-04-11;1
3510;2695;25;2025-01-01;0
3511;270;22;2025-01-11;1
3512;599;26;2025-04-27;1
3513;1089;21;2025-02-22;0
3514;1176;26;2025-01-26;0
3515;128;25;2025-02-07;1
3516;464;16;2025-03-24;1
3517;2114;28;2025-01-28;0
3518;2380;19;2025-04-08;0
3519;549;22;2025-01-05;1
3520;2268;1;2025-02-11;0
3521;711;30;2025-01-20;1
3522;1228;10;2025-04-03;1
3523;1163;8;2025-03-22;1
3524;998;21;2025-03-09;1
3525;2523;5;2025-01-01;1
3526;757;11;2025-03-06;0
3527;1918;11;2025-04-10;1
3528;722;6;2025-02-20;0
3529;2663;25;2025-01-29;0
3530;845;18;2025-03-14;0
3531;3089;4;2025-01-09;0
3532;1227;19;2025-04-15;1
3533;2676;17;2025-04-25;1
3534;2168;10;2025-04-15;1
3535;2536;16;2025-03-22;0
3536;2836;1;2025-02-20;0
3537;2856;9;2025-04-16;0
3538;1805;24;2025-01-14;0
3539;195;22;2025-01-26;0
3540;2295;12;2025-04-10;1
3541;1496;3;2025-04-24;0
3542;538;12;2025-04-17;1
3543;999;28;2025-04-25;0
3544;359;16;2025-02-28;0
3545;256;10;2025-03-27;0
3546;1446;22;2025-01-29;0
3547;995;30;2025-02-02;1
3548;2719;7;2025-04-11;1
3549;1191;14;2025-01-06;0
3550;2527;22;2025-02-08;0
3551;2698;4;2025-03-29;0
3552;1782;17;2025-03-05;1
3553;1948;27;2025-03-14;1
3554;1680;12;2025-01-04;0
3555;1841;23;2025-03-04;0
3556;2135;22;2025-01-10;1
3557;841;19;2025-03-10;1
3558;509;12;2025-02-13;0
3559;1113;6;2025-04-19;1
3560;1862;14;2025-03-04;1
3561;2348;26;2025-01-17;1
3562;662;18;2025-01-21;1
3563;453;3;2025-02-11;0
3564;608;15;2025-01-17;1
3565;2509;9;2025-04-05;0
3566;2444;24;2025-04-05;1
3567;2234;11;2025-01-26;0
3568;257;11;2025-02-16;1
3569;2631;26;2025-04-03;0
3570;2353;3;2025-02-25;1
3571;1212;12;2025-04-15;1
3572;1448;29;2025-03-24;1
3573;488;19;2025-02-17;0
3574;1281;6;2025-01-06;0
3575;1517;28;2025-04-05;1
3576;3040;18;2025-02-11;0
3577;1338;24;2025-03-13;0
3578;1954;18;2025-01-14;1
3579;2316;3;2025-02-22;1
3580;2770;18;2025-03-18;1
3581;142;25;2025-04-22;0
3582;916;9;2025-02-12;1
3583;2894;12;2025-02-02;1
3584;2580;18;2025-02-20;0
3585;2152;24;2025-03-14;0
3586;1639;21;2025-03-26;1
3587;2472;19;2025-01-11;0
3588;1322;6;2025-01-21;0
3589;1136;5;2025-04-03;0
3590;2488;25;2025-01-26;0
3591;2567;19;2025-01-13;0
3592;1037;2;2025-02-20;1
3593;698;22;2025-04-18;1
3594;674;27;2025-01-20;1
3595;889;5;2025-02-23;0
3596;2339;20;2025-03-28;0
3597;1820;18;2025-03-29;0
3598;2091;2;2025-04-12;0
3599;762;25;2025-02-07;1
3600;921;4;2025-01-06;1
3601;521;27;2025-04-03;1
3602;2210;20;2025-01-06;0
3603;2989;20;2025-04-06;1
3604;29;16;2025-02-25;0
3605;1367;20;2025-03-05;0
3606;2110;15;2025-03-01;0
3607;1412;20;2025-02-11;1
3608;50;14;2025-02-04;1
3609;744;2;2025-01-19;1
3610;1843;12;2025-03-09;1
3611;2848;7;2025-01-27;0
3612;1249;28;2025-02-01;0
3613;1995;1;2025-01-30;0
3614;2629;3;2025-02-20;1
3615;206;9;2025-04-19;1
3616;877;15;2025-03-07;1
3617;37;23;2025-01-05;0
3618;283;29;2025-01-23;0
3619;1196;16;2025-03-01;0
3620;1585;29;2025-03-15;1
3621;1161;17;2025-04-13;0
3622;2358;1;2025-02-20;0
3623;2221;10;2025-01-31;1
3624;1853;13;2025-03-14;0
3625;2933;1;2025-03-18;1
3626;21;12;2025-01-18;0
3627;2650;4;2025-04-06;0
3628;2011;9;2025-03-05;1
3629;1356;27;2025-01-01;1
3630;2470;19;2025-02-06;0
3631;2300;10;2025-04-17;1
3632;530;28;2025-02-15;0
3633;2011;21;2025-04-15;1
3634;1659;15;2025-03-18;1
3635;3038;17;2025-02-19;1
3636;2014;9;2025-03-08;0
3637;3095;5;2025-02-13;0
3638;334;4;2025-01-22;1
3639;1900;3;2025-03-25;1
3640;1751;10;2025-02-25;0
3641;128;4;2025-04-11;0
3642;1914;18;2025-04-21;0
3643;562;12;2025-03-15;0
3644;3034;11;2025-01-21;1
3645;2637;26;2025-04-12;1
3646;264;6;2025-04-18;0
3647;1635;4;2025-02-12;0
3648;52;1;2025-02-08;0
3649;1231;22;2025-02-01;1
3650;933;5;2025-01-27;1
3651;1553;10;2025-02-19;0
3652;1877;10;2025-03-13;1
3653;2450;17;2025-03-11;1
3654;2536;16;2025-01-24;1
3655;2681;2;2025-03-01;0
3656;380;2;2025-04-26;1
3657;1680;13;2025-01-14;1
3658;2703;14;2025-02-26;1
3659;1535;26;2025-02-11;1
3660;2859;7;2025-02-01;1
3661;1793;13;2025-01-21;1
3662;2541;9;2025-02-04;1
3663;2546;30;2025-02-15;0
3664;2145;16;2025-01-23;1
3665;2968;21;2025-02-28;1
3666;815;23;2025-01-06;1
3667;1145;10;2025-01-07;0
3668;572;1;2025-04-13;0
3669;982;11;2025-04-04;0
3670;507;29;2025-02-13;1
3671;2179;20;2025-01-31;0
3672;1261;12;2025-04-08;0
3673;2125;23;2025-02-21;0
3674;991;29;2025-01-17;1
3675;2930;1;2025-02-18;0
3676;2841;15;2025-02-21;0
3677;3029;12;2025-02-19;0
3678;1335;16;2025-02-20;1
3679;2325;25;2025-01-14;0
3680;2283;2;2025-04-10;1
3681;1381;9;2025-02-20;0
3682;1733;16;2025-03-27;0
3683;1471;29;2025-02-06;1
3684;2137;23;2025-01-16;1
3685;1130;25;2025-03-07;0
3686;2136;13;2025-03-13;0
3687;2749;16;2025-01-22;0
3688;933;24;2025-02-12;1
3689;892;5;2025-04-20;1
3690;2472;11;2025-02-09;0
3691;777;19;2025-03-23;0
3692;1856;12;2025-01-25;1
3693;1414;23;2025-03-17;0
3694;2678;8;2025-02-26;0
3695;1258;4;2025-02-22;0
3696;642;10;2025-02-08;0
3697;2298;16;2025-04-16;0
3698;207;3;2025-01-18;0
3699;2311;25;2025-03-22;0
3700;3001;1;2025-02-07;1
3701;745;12;2025-02-04;0
3702;767;21;2025-02-28;1
3703;640;28;2025-04-18;1
3704;859;12;2025-04-02;1
3705;998;18;2025-01-28;0
3706;1382;1;2025-01-20;1
3707;726;28;2025-03-16;0
3708;1022;7;2025-04-05;1
3709;56;16;2025-03-02;0
3710;2155;27;2025-01-01;0
3711;1814;24;2025-02-19;1
3712;2088;28;2025-02-02;0
3713;2661;6;2025-01-22;0
3714;2793;7;2025-01-14;1
3715;2082;23;2025-01-20;0
3716;2853;11;2025-01-03;1
3717;720;9;2025-03-02;0
3718;3037;18;2025-01-12;0
3719;744;26;2025-02-02;0
3720;1016;5;2025-04-21;1
3721;1009;8;2025-04-20;1
3722;2003;24;2025-01-13;0
3723;1311;8;2025-04-19;0
3724;77;9;2025-01-25;1
3725;2108;29;2025-03-19;1
3726;60;6;2025-04-01;1
3727;2105;16;2025-01-28;1
3728;1932;6;2025-01-31;1
3729;840;3;2025-01-12;1
3730;1673;2;2025-01-29;1
3731;909;27;2025-04-20;0
3732;2494;29;2025-03-30;0
3733;852;11;2025-04-15;0
3734;3026;12;2025-02-01;0
3735;1571;14;2025-01-06;0
3736;2041;9;2025-04-15;0
3737;1531;19;2025-03-27;0
3738;2731;30;2025-03-14;1
3739;2549;17;2025-01-25;1
3740;44;5;2025-04-04;1
3741;2840;7;2025-03-31;0
3742;2524;12;2025-02-21;0
3743;1771;5;2025-01-31;1
3744;164;2;2025-02-13;1
3745;1711;22;2025-03-29;1
3746;1877;17;2025-01-11;0
3747;2395;11;2025-02-09;0
3748;2056;6;2025-03-23;0
3749;2195;22;2025-02-26;0
3750;457;27;2025-04-08;1
3751;411;12;2025-04-20;0
3752;682;30;2025-01-21;1
3753;1045;28;2025-03-22;0
3754;2299;27;2025-04-26;1
3755;605;14;2025-03-01;1
3756;2442;6;2025-03-19;0
3757;164;23;2025-01-25;0
3758;2034;8;2025-04-14;1
3759;1485;22;2025-01-28;1
3760;1019;11;2025-01-13;1
3761;1018;18;2025-02-17;1
3762;2186;11;2025-04-08;1
3763;1184;28;2025-04-16;0
3764;1178;13;2025-04-14;0
3765;2460;9;2025-01-26;0
3766;729;20;2025-03-07;1
3767;282;12;2025-01-30;1
3768;1528;12;2025-03-30;1
3769;2954;24;2025-03-25;0
3770;3051;21;2025-03-05;0
3771;963;28;2025-01-31;0
3772;1699;27;2025-03-04;0
3773;1217;4;2025-02-20;1
3774;1866;28;2025-03-31;0
3775;1081;13;2025-02-14;0
3776;1746;2;2025-02-18;1
3777;850;22;2025-04-05;0
3778;2101;19;2025-02-23;1
3779;2327;10;2025-01-16;0
3780;374;13;2025-04-01;0
3781;2758;8;2025-01-03;1
3782;123;2;2025-04-07;1
3783;954;19;2025-01-06;1
3784;1001;21;2025-01-18;0
3785;1763;3;2025-01-29;0
3786;3072;2;2025-02-23;1
3787;816;15;2025-03-01;0
3788;336;3;2025-02-25;1
3789;2252;12;2025-04-22;1
3790;2044;6;2025-01-24;1
3791;2827;20;2025-02-22;1
3792;384;23;2025-02-07;0
3793;2793;19;2025-01-10;1
3794;1901;17;2025-01-07;0
3795;1384;28;2025-01-07;0
3796;2098;21;2025-02-21;0
3797;2853;4;2025-02-18;1
3798;2707;25;2025-03-24;0
3799;2486;30;2025-02-05;0
3800;396;24;2025-04-07;0
3801;3097;10;2025-04-22;1
3802;2978;17;2025-01-06;0
3803;3104;7;2025-02-28;1
3804;3004;10;2025-01-01;1
3805;1737;5;2025-01-11;0
3806;3036;25;2025-03-10;0
3807;1589;8;2025-01-20;0
3808;1849;23;2025-04-09;1
3809;1270;5;2025-02-11;1
3810;680;9;2025-02-05;1
3811;1686;21;2025-03-07;1
3812;575;25;2025-01-05;0
3813;715;12;2025-04-11;0
3814;1033;19;2025-02-26;0
3815;1905;27;2025-04-08;0
3816;123;4;2025-01-24;0
3817;2916;20;2025-01-25;0
3818;1021;17;2025-04-04;0
3819;512;4;2025-02-28;0
3820;108;14;2025-02-24;1
3821;308;1;2025-02-01;1
3822;2666;18;2025-01-26;1
3823;2562;27;2025-02-17;0
3824;3007;30;2025-04-12;0
3825;973;1;2025-01-16;0
3826;242;27;2025-01-07;1
3827;306;24;2025-01-31;0
3828;2678;5;2025-04-02;0
3829;689;21;2025-04-19;1
3830;1346;28;2025-03-15;0
3831;1717;29;2025-02-18;1
3832;1940;20;2025-03-16;0
3833;2544;25;2025-02-26;0
3834;1323;21;2025-04-09;1
3835;176;15;2025-03-12;0
3836;1931;2;2025-01-07;0
3837;1473;10;2025-03-07;1
3838;1299;22;2025-01-12;0
3839;2640;23;2025-04-10;0
3840;280;19;2025-02-11;1
3841;1351;30;2025-04-01;0
3842;1882;18;2025-02-20;0
3843;2166;19;2025-04-05;1
3844;2766;8;2025-02-18;0
3845;279;9;2025-03-24;1
3846;2883;3;2025-04-22;0
3847;828;29;2025-03-31;0
3848;1093;20;2025-04-16;0
3849;2928;29;2025-01-23;0
3850;949;20;2025-03-14;0
3851;2991;30;2025-04-18;0
3852;308;10;2025-01-22;1
3853;1479;24;2025-02-16;0
3854;1818;3;2025-01-12;0
3855;296;29;2025-04-19;0
3856;670;1;2025-01-18;1
3857;442;2;2025-03-27;1
3858;2347;15;2025-01-28;0
3859;3048;30;2025-04-17;0
3860;787;21;2025-01-25;1
3861;84;21;2025-03-28;0
3862;1121;2;2025-01-31;0
3863;3114;23;2025-04-15;1
3864;2738;24;2025-03-02;1
3865;1228;20;2025-02-02;0
3866;675;12;2025-01-04;0
3867;2668;12;2025-04-18;0
3868;1153;20;2025-04-05;1
3869;885;12;2025-04-19;0
3870;2680;24;2025-02-16;0
3871;72;15;2025-04-21;1
3872;1290;27;2025-01-20;0
3873;1243;7;2025-01-23;1
3874;2912;24;2025-01-05;1
3875;2931;20;2025-02-28;1
3876;910;29;2025-03-04;0
3877;3087;22;2025-04-04;0
3878;715;6;2025-01-27;0
3879;323;16;2025-03-02;1
3880;1768;1;2025-04-16;1
3881;3045;3;2025-04-16;0
3882;2125;1;2025-03-09;0
3883;82;13;2025-03-31;0
3884;1963;18;2025-04-25;0
3885;3112;13;2025-04-12;1
3886;99;25;2025-03-16;1
3887;828;24;2025-04-12;0
3888;1637;2;2025-03-25;0
3889;216;17;2025-02-16;1
3890;2071;26;2025-03-01;1
3891;63;20;2025-04-02;1
3892;564;7;2025-04-24;0
3893;2352;13;2025-02-01;1
3894;2078;25;2025-02-23;1
3895;2179;14;2025-03-20;0
3896;3009;8;2025-02-14;1
3897;1367;2;2025-04-09;0
3898;1945;7;2025-03-21;0
3899;1864;1;2025-03-06;0
3900;355;3;2025-02-05;1
3901;1112;17;2025-04-01;0
3902;2939;10;2025-03-06;1
3903;1099;30;2025-01-12;0
3904;2186;2;2025-01-03;0
3905;151;17;2025-03-16;0
3906;2514;28;2025-03-14;1
3907;2663;17;2025-03-03;0
3908;1285;2;2025-02-18;0
3909;2458;22;2025-04-03;0
3910;1068;1;2025-01-18;1
3911;2150;29;2025-03-13;0
3912;948;29;2025-03-15;1
3913;969;12;2025-02-07;1
3914;1692;30;2025-01-11;0
3915;2716;28;2025-01-07;1
3916;2814;2;2025-02-10;0
3917;2776;13;2025-02-01;0
3918;1602;19;2025-03-12;1
3919;2490;20;2025-02-08;0
3920;381;27;2025-04-16;0
3921;1979;4;2025-04-03;1
3922;488;25;2025-04-09;0
3923;1147;7;2025-04-08;0
3924;559;17;2025-01-22;0
3925;1442;20;2025-03-01;1
3926;1991;23;2025-04-03;0
3927;295;5;2025-02-12;1
3928;955;12;2025-04-16;0
3929;2126;22;2025-01-27;0
3930;559;21;2025-01-15;1
3931;654;9;2025-04-16;0
3932;1202;8;2025-04-18;0
3933;946;22;2025-01-21;0
3934;419;2;2025-03-17;0
3935;2451;28;2025-04-23;1
3936;2052;24;2025-02-28;0
3937;667;18;2025-02-01;0
3938;2257;14;2025-01-05;1
3939;1769;29;2025-02-20;0
3940;521;3;2025-04-08;1
3941;1058;6;2025-01-22;0
3942;868;9;2025-02-06;1
3943;2819;1;2025-03-14;1
3944;206;30;2025-04-08;1
3945;2519;10;2025-04-25;1
3946;323;1;2025-03-30;0
3947;3002;27;2025-01-23;0
3948;1737;15;2025-01-24;0
3949;753;10;2025-03-18;1
3950;2058;29;2025-02-04;1
3951;362;3;2025-02-16;1
3952;754;18;2025-03-07;1
3953;63;28;2025-01-14;0
3954;33;29;2025-02-10;1
3955;2985;25;2025-01-26;0
3956;1123;26;2025-01-14;1
3957;2679;27;2025-04-24;0
3958;229;18;2025-01-13;0
3959;415;15;2025-03-01;1
3960;1562;24;2025-01-01;0
3961;2740;29;2025-03-22;1
3962;1524;15;2025-03-27;1
3963;1693;1;2025-03-27;0
3964;499;24;2025-04-07;0
3965;1368;28;2025-01-11;1
3966;370;21;2025-03-26;0
3967;2857;10;2025-03-27;0
3968;881;29;2025-01-24;0
3969;398;9;2025-01-07;0
3970;317;12;2025-02-28;0
3971;992;22;2025-01-28;1
3972;2766;26;2025-03-10;1
3973;2571;27;2025-03-21;1
3974;708;12;2025-01-26;0
3975;256;30;2025-02-26;0
3976;598;17;2025-01-17;0
3977;1341;18;2025-02-23;1
3978;2157;1;2025-03-03;0
3979;2649;17;2025-02-07;0
3980;2105;24;2025-02-19;0
3981;2604;6;2025-01-13;1
3982;1674;21;2025-03-17;1
3983;204;5;2025-04-24;1
3984;1790;19;2025-03-16;0
3985;563;7;2025-03-03;1
3986;3087;17;2025-01-17;0
3987;1001;7;2025-04-23;0
3988;2107;12;2025-01-11;0
3989;2847;14;2025-04-22;1
3990;1619;22;2025-02-04;0
3991;438;10;2025-02-09;1
3992;853;6;2025-01-19;1
3993;2743;18;2025-04-26;1
3994;1339;19;2025-01-06;1
3995;1545;2;2025-03-17;1
3996;195;13;2025-02-12;1
3997;990;14;2025-01-23;1
3998;1240;10;2025-02-01;0
3999;2585;9;2025-02-03;1
4000;2879;27;2025-03-30;0
4001;1742;19;2025-02-15;0
4002;1084;11;2025-01-18;0
4003;492;17;2025-01-23;0
4004;1217;26;2025-02-14;0
4005;35;12;2025-04-01;1
4006;642;27;2025-04-25;1
4007;178;16;2025-04-18;1
4008;361;12;2025-03-25;0
4009;1381;9;2025-04-10;1
4010;1417;10;2025-04-02;1
4011;1933;11;2025-03-25;1
4012;518;29;2025-03-07;0
4013;2682;19;2025-04-26;1
4014;1575;1;2025-04-17;1
4015;2540;11;2025-03-29;1
4016;1727;25;2025-01-08;0
4017;1293;10;2025-01-10;0
4018;1763;8;2025-03-09;0
4019;2282;5;2025-01-11;0
4020;336;8;2025-02-03;0
4021;2201;5;2025-01-24;0
4022;1866;3;2025-01-12;1
4023;1342;8;2025-03-15;0
4024;305;29;2025-04-17;1
4025;3032;14;2025-01-11;1
4026;261;24;2025-03-10;0
4027;337;29;2025-04-13;0
4028;2779;3;2025-04-01;1
4029;996;11;2025-03-13;1
4030;2503;28;2025-04-10;0
4031;2122;30;2025-04-14;0
4032;1113;8;2025-04-19;0
4033;1415;19;2025-03-14;0
4034;2353;17;2025-01-10;1
4035;1720;1;2025-04-17;1
4036;26;18;2025-04-02;1
4037;128;5;2025-04-23;0
4038;606;4;2025-04-17;0
4039;708;27;2025-04-26;0
4040;848;18;2025-03-16;0
4041;1766;12;2025-01-14;0
4042;1797;13;2025-02-08;1
4043;188;28;2025-01-19;1
4044;32;12;2025-01-09;1
4045;1021;11;2025-02-26;0
4046;1601;1;2025-04-27;0
4047;1966;8;2025-03-30;0
4048;1873;5;2025-01-02;0
4049;2495;5;2025-03-06;1
4050;2641;14;2025-03-16;0
4051;457;27;2025-01-30;1
4052;2147;23;2025-03-18;0
4053;1416;11;2025-02-01;1
4054;1911;7;2025-04-19;1
4055;368;29;2025-03-17;1
4056;545;13;2025-04-21;0
4057;2767;16;2025-03-07;0
4058;1064;7;2025-04-25;1
4059;246;20;2025-01-26;1
4060;2256;20;2025-02-02;0
4061;925;12;2025-04-13;0
4062;646;28;2025-02-07;0
4063;2710;10;2025-01-21;0
4064;425;5;2025-03-01;0
4065;99;20;2025-04-24;1
4066;2939;20;2025-04-16;1
4067;2722;1;2025-04-20;0
4068;2648;3;2025-02-04;1
4069;619;2;2025-01-17;1
4070;2254;12;2025-04-19;0
4071;578;30;2025-03-07;0
4072;863;16;2025-01-11;0
4073;121;17;2025-04-16;1
4074;1333;27;2025-01-25;0
4075;1948;23;2025-01-08;1
4076;1178;19;2025-02-19;1
4077;2797;23;2025-04-26;1
4078;1079;17;2025-01-02;1
4079;2387;7;2025-01-18;1
4080;2988;28;2025-01-24;1
4081;915;12;2025-02-05;0
4082;2442;3;2025-03-27;0
4083;1090;28;2025-02-13;1
4084;638;4;2025-01-28;0
4085;2973;25;2025-02-04;0
4086;2820;16;2025-01-20;1
4087;2221;8;2025-02-04;1
4088;1912;19;2025-01-11;0
4089;2914;21;2025-04-05;1
4090;1219;18;2025-02-08;1
4091;2696;7;2025-02-06;0
4092;2801;4;2025-02-24;1
4093;1902;18;2025-01-25;0
4094;2032;8;2025-03-06;0
4095;899;5;2025-03-07;1
4096;1959;11;2025-01-27;0
4097;1860;23;2025-01-06;0
4098;2958;5;2025-01-16;1
4099;1358;25;2025-03-29;1
4100;2530;8;2025-01-16;1
4101;1580;1;2025-01-20;0
4102;1399;20;2025-01-03;0
4103;3101;1;2025-02-22;1
4104;1978;1;2025-04-10;0
4105;2204;7;2025-03-27;1
4106;2858;22;2025-04-01;1
4107;871;24;2025-03-02;1
4108;2555;17;2025-02-23;0
4109;2214;28;2025-01-11;0
4110;191;17;2025-03-01;1
4111;2612;19;2025-02-14;0
4112;853;1;2025-04-15;0
4113;1294;23;2025-03-07;1
4114;1394;17;2025-01-01;0
4115;1185;29;2025-04-15;1
4116;641;30;2025-01-15;0
4117;3087;26;2025-03-21;1
4118;2317;28;2025-02-27;1
4119;1617;13;2025-03-29;1
4120;1211;14;2025-02-17;1
4121;3074;11;2025-04-09;0
4122;2444;11;2025-01-17;1
4123;175;24;2025-01-31;1
4124;832;22;2025-01-03;0
4125;528;6;2025-03-12;1
4126;1579;7;2025-04-11;0
4127;2057;8;2025-01-18;0
4128;2221;17;2025-02-24;0
4129;1154;19;2025-02-18;1
4130;926;13;2025-03-28;1
4131;1673;4;2025-01-21;0
4132;850;22;2025-01-01;0
4133;992;15;2025-01-24;1
4134;2682;27;2025-03-08;0
4135;157;19;2025-01-17;1
4136;993;2;2025-04-27;1
4137;2079;23;2025-01-15;1
4138;2554;18;2025-01-27;0
4139;1108;1;2025-01-05;1
4140;2766;20;2025-04-19;1
4141;3012;25;2025-04-11;1
4142;2697;5;2025-04-26;1
4143;905;20;2025-01-06;1
4144;1648;14;2025-02-19;0
4145;2025;26;2025-04-05;1
4146;1105;26;2025-01-16;0
4147;713;9;2025-03-21;1
4148;2973;20;2025-01-03;0
4149;1104;10;2025-03-14;0
4150;1946;13;2025-01-09;1
4151;1875;4;2025-02-15;1
4152;1086;8;2025-03-02;0
4153;2842;15;2025-03-08;0
4154;1412;17;2025-02-11;0
4155;2522;4;2025-03-20;1
4156;624;16;2025-04-10;1
4157;1766;8;2025-04-15;0
4158;3115;24;2025-02-13;0
4159;1647;1;2025-02-23;0
4160;2856;1;2025-01-25;1
4161;2564;13;2025-02-21;1
4162;1637;19;2025-01-17;1
4163;1539;19;2025-04-02;1
4164;2808;4;2025-01-16;1
4165;1629;8;2025-02-19;0
4166;1172;7;2025-04-27;1
4167;1298;26;2025-01-16;1
4168;1685;21;2025-03-17;1
4169;489;28;2025-01-09;0
4170;3038;12;2025-01-26;0
4171;1296;26;2025-02-19;1
4172;497;15;2025-02-03;0
4173;896;21;2025-02-09;0
4174;2288;2;2025-03-17;0
4175;732;11;2025-01-02;0
4176;2840;22;2025-02-26;1
4177;122;2;2025-02-11;0
4178;2834;17;2025-03-07;0
4179;2945;27;2025-03-15;0
4180;726;14;2025-04-20;0
4181;2114;15;2025-02-14;0
4182;2948;2;2025-03-25;0
4183;522;10;2025-03-30;0
4184;2611;19;2025-02-15;0
4185;878;4;2025-04-21;1
4186;991;30;2025-04-07;0
4187;2695;25;2025-03-03;0
4188;182;28;2025-01-03;1
4189;906;27;2025-02-19;0
4190;2630;28;2025-01-26;1
4191;2734;5;2025-03-02;1
4192;724;26;2025-02-02;0
4193;962;19;2025-02-06;1
4194;1319;14;2025-04-05;0
4195;1133;22;2025-04-14;0
4196;610;8;2025-01-02;1
4197;2457;28;2025-03-08;1
4198;1906;16;2025-02-08;1
4199;1181;26;2025-02-19;1
4200;107;4;2025-02-10;1
4201;1940;8;2025-04-01;0
4202;1252;3;2025-02-27;0
4203;1707;28;2025-01-03;0
4204;3057;13;2025-02-07;1
4205;1234;7;2025-03-17;1
4206;393;6;2025-04-09;0
4207;1862;17;2025-02-16;0
4208;1421;20;2025-03-27;0
4209;2349;30;2025-03-30;1
4210;2421;18;2025-01-19;0
4211;839;15;2025-01-17;1
4212;2931;21;2025-02-08;0
4213;2793;21;2025-02-08;0
4214;1321;17;2025-02-23;0
4215;515;9;2025-04-12;1
4216;398;23;2025-04-14;1
4217;476;12;2025-01-13;1
4218;1846;3;2025-04-20;1
4219;2410;3;2025-03-31;1
4220;406;17;2025-04-16;0
4221;198;3;2025-01-14;0
4222;2164;6;2025-03-19;0
4223;3032;24;2025-02-18;0
4224;683;19;2025-02-08;0
4225;2687;25;2025-02-10;1
4226;2346;7;2025-03-16;1
4227;704;23;2025-02-09;1
4228;2401;10;2025-04-06;1
4229;1714;19;2025-01-25;1
4230;76;14;2025-04-05;0
4231;804;18;2025-04-06;0
4232;2493;25;2025-02-02;0
4233;2691;22;2025-01-10;0
4234;2631;12;2025-03-14;1
4235;1238;1;2025-01-26;1
4236;1338;26;2025-04-23;0
4237;1057;4;2025-04-15;0
4238;2285;6;2025-01-14;1
4239;698;23;2025-04-27;1
4240;47;12;2025-01-09;1
4241;131;1;2025-04-21;0
4242;1938;24;2025-04-26;1
4243;1221;9;2025-04-21;0
4244;1404;20;2025-03-10;0
4245;2110;10;2025-01-02;0
4246;843;5;2025-01-13;1
4247;1098;6;2025-02-21;1
4248;650;10;2025-04-27;0
4249;119;16;2025-01-09;0
4250;2995;18;2025-04-22;1
4251;1894;6;2025-02-21;1
4252;1032;7;2025-04-07;1
4253;1323;3;2025-03-04;1
4254;1047;13;2025-02-28;1
4255;1462;3;2025-02-08;0
4256;307;26;2025-03-17;0
4257;1627;18;2025-03-02;1
4258;2341;9;2025-02-05;0
4259;3098;13;2025-01-10;1
4260;143;14;2025-03-19;0
4261;1453;6;2025-03-26;0
4262;2461;2;2025-01-09;0
4263;877;9;2025-04-27;0
4264;2844;4;2025-01-07;0
4265;1197;28;2025-04-10;0
4266;1863;24;2025-04-16;0
4267;2880;14;2025-01-18;0
4268;914;16;2025-04-20;1
4269;2115;9;2025-04-02;0
4270;249;26;2025-02-21;0
4271;2361;21;2025-03-10;1
4272;2164;23;2025-02-24;1
4273;1716;11;2025-04-06;0
4274;1859;2;2025-01-04;1
4275;471;10;2025-01-19;1
4276;2648;27;2025-01-05;1
4277;865;14;2025-01-28;0
4278;929;13;2025-04-26;0
4279;351;18;2025-01-15;1
4280;2245;12;2025-04-22;1
4281;410;19;2025-03-27;0
4282;1860;29;2025-04-17;0
4283;1578;17;2025-03-31;1
4284;2006;1;2025-03-09;0
4285;1039;1;2025-03-29;0
4286;143;16;2025-02-15;0
4287;1845;22;2025-03-23;0
4288;2467;15;2025-02-23;1
4289;2347;3;2025-01-27;0
4290;1696;3;2025-01-16;1
4291;1750;14;2025-01-08;0
4292;2493;21;2025-04-06;1
4293;2814;14;2025-04-17;1
4294;2262;3;2025-03-24;0
4295;2641;7;2025-02-28;0
4296;225;8;2025-03-29;0
4297;2452;17;2025-02-09;1
4298;1726;16;2025-01-11;1
4299;1733;8;2025-04-13;0
4300;1505;4;2025-02-08;0
4301;1350;27;2025-03-11;1
4302;630;17;2025-02-10;0
4303;1909;28;2025-01-29;0
4304;2028;27;2025-03-22;1
4305;2558;20;2025-01-05;1
4306;821;28;2025-02-24;0
4307;306;1;2025-03-31;1
4308;2259;5;2025-02-19;1
4309;1450;24;2025-04-23;0
4310;3006;4;2025-01-09;0
4311;3116;14;2025-04-24;0
4312;2756;3;2025-01-18;1
4313;1254;8;2025-04-20;1
4314;2616;4;2025-03-02;1
4315;2874;30;2025-04-25;0
4316;3070;25;2025-01-16;1
4317;1565;10;2025-02-09;0
4318;2839;3;2025-01-14;0
4319;2243;8;2025-03-12;0
4320;599;22;2025-04-21;0
4321;150;25;2025-02-28;1
4322;1914;5;2025-02-02;1
4323;1875;7;2025-04-14;1
4324;624;24;2025-04-18;0
4325;1630;3;2025-03-10;1
4326;2948;14;2025-04-15;0
4327;2010;29;2025-01-28;1
4328;3079;20;2025-02-24;1
4329;846;25;2025-02-28;0
4330;29;25;2025-02-23;1
4331;382;19;2025-03-08;0
4332;277;5;2025-01-31;0
4333;1744;24;2025-02-01;0
4334;1787;27;2025-04-06;1
4335;2818;13;2025-04-12;0
4336;2561;2;2025-01-31;0
4337;2977;30;2025-03-19;0
4338;2100;20;2025-04-20;0
4339;2781;15;2025-03-21;0
4340;885;4;2025-02-10;0
4341;1314;8;2025-03-30;1
4342;1297;21;2025-03-02;0
4343;1768;4;2025-01-15;0
4344;2917;28;2025-02-04;0
4345;333;12;2025-02-23;1
4346;1664;18;2025-02-28;1
4347;541;26;2025-04-16;0
4348;1733;4;2025-03-16;1
4349;2666;21;2025-04-06;0
4350;1703;11;2025-02-04;1
4351;1419;18;2025-02-26;0
4352;1727;12;2025-03-16;0
4353;2875;12;2025-04-27;1
4354;1059;25;2025-04-08;0
4355;2898;3;2025-01-05;0
4356;1939;17;2025-03-04;0
4357;2707;21;2025-02-07;0
4358;291;22;2025-01-25;0
4359;1533;6;2025-02-01;0
4360;2443;13;2025-04-18;1
4361;1853;5;2025-04-18;1
4362;723;5;2025-02-14;1
4363;2694;24;2025-03-22;0
4364;2760;1;2025-03-02;1
4365;1699;18;2025-01-17;0
4366;2711;25;2025-02-06;1
4367;3119;4;2025-02-05;0
4368;2567;7;2025-03-24;0
4369;538;19;2025-03-01;0
4370;2119;28;2025-03-02;0
4371;1509;9;2025-04-08;0
4372;2671;22;2025-01-20;1
4373;1868;7;2025-02-21;1
4374;2121;22;2025-03-11;1
4375;2335;9;2025-04-01;0
4376;89;6;2025-02-23;1
4377;2555;11;2025-03-28;0
4378;883;27;2025-02-02;1
4379;2502;24;2025-01-07;0
4380;1901;17;2025-01-17;1
4381;2298;30;2025-02-10;0
4382;2693;27;2025-02-28;1
4383;542;21;2025-01-22;1
4384;1491;2;2025-02-12;1
4385;2190;28;2025-04-07;1
4386;1972;11;2025-03-01;1
4387;2383;9;2025-03-01;1
4388;2769;9;2025-03-17;1
4389;2755;22;2025-01-12;1
4390;3079;3;2025-01-28;0
4391;1462;24;2025-02-24;1
4392;2066;25;2025-03-26;1
4393;3105;24;2025-01-01;0
4394;1757;13;2025-01-23;1
4395;1354;16;2025-01-18;0
4396;1702;12;2025-01-04;0
4397;1658;14;2025-04-17;0
4398;869;3;2025-03-20;0
4399;2680;21;2025-01-19;1
4400;1025;17;2025-02-12;0
4401;2949;27;2025-02-18;0
4402;2459;15;2025-02-04;1
4403;1804;29;2025-03-28;1
4404;2689;1;2025-01-11;1
4405;2709;25;2025-04-06;0
4406;747;21;2025-04-07;1
4407;1435;4;2025-03-20;0
4408;1922;22;2025-01-16;1
4409;525;3;2025-03-21;1
4410;2743;3;2025-01-17;1
4411;287;1;2025-03-12;0
4412;129;24;2025-01-28;0
4413;2761;28;2025-01-29;1
4414;804;19;2025-01-20;0
4415;678;8;2025-04-09;1
4416;2983;1;2025-02-27;1
4417;962;5;2025-01-10;1
4418;1043;11;2025-03-29;0
4419;761;19;2025-03-16;0
4420;954;13;2025-02-22;0
4421;2458;4;2025-03-28;0
4422;2183;4;2025-03-14;1
4423;2078;16;2025-04-02;0
4424;1931;20;2025-04-02;0
4425;2722;23;2025-03-05;0
4426;1236;16;2025-02-03;0
4427;1008;7;2025-02-15;0
4428;1758;30;2025-01-29;0
4429;1280;9;2025-04-15;0
4430;2017;12;2025-01-30;1
4431;428;25;2025-03-16;1
4432;1712;26;2025-04-18;1
4433;2979;14;2025-01-20;1
4434;2733;5;2025-01-27;1
4435;2426;10;2025-04-06;1
4436;2184;20;2025-04-10;1
4437;1204;26;2025-02-16;1
4438;662;1;2025-01-09;0
4439;2399;19;2025-01-21;1
4440;2430;24;2025-04-14;0
4441;2365;30;2025-02-14;0
4442;3030;11;2025-03-10;1
4443;238;10;2025-01-29;1
4444;992;12;2025-02-09;1
4445;1705;29;2025-04-11;0
4446;2970;21;2025-03-06;1
4447;1472;8;2025-03-26;1
4448;1117;24;2025-02-13;1
4449;2787;18;2025-04-18;0
4450;1947;14;2025-01-13;1
4451;3036;17;2025-03-01;0
4452;3098;1;2025-02-04;1
4453;628;3;2025-02-28;1
4454;2518;15;2025-04-12;1
4455;1146;28;2025-01-06;1
4456;2571;3;2025-01-29;1
4457;3043;3;2025-01-15;0
4458;1092;13;2025-02-19;1
4459;231;5;2025-01-17;1
4460;3091;5;2025-01-01;0
4461;2813;10;2025-01-26;1
4462;139;29;2025-01-26;1
4463;2915;11;2025-03-10;0
4464;1298;16;2025-02-19;0
4465;2509;26;2025-01-30;1
4466;2750;17;2025-04-07;0
4467;1695;25;2025-03-17;1
4468;1306;14;2025-04-19;0
4469;1463;9;2025-04-03;0
4470;2485;21;2025-02-23;0
4471;1001;13;2025-01-01;1
4472;2952;20;2025-02-22;0
4473;1837;24;2025-03-20;0
4474;907;3;2025-01-19;1
4475;984;23;2025-03-12;1
4476;2655;1;2025-02-06;1
4477;2075;13;2025-02-28;1
4478;1177;25;2025-01-07;0
4479;2832;21;2025-02-26;1
4480;1127;29;2025-03-06;1
4481;2789;8;2025-01-04;0
4482;2061;29;2025-02-24;0
4483;535;13;2025-04-26;0
4484;620;23;2025-02-04;0
4485;2873;24;2025-03-27;1
4486;2635;2;2025-01-18;0
4487;1486;22;2025-01-24;1
4488;2513;7;2025-03-03;1
4489;57;24;2025-02-11;1
4490;1437;27;2025-04-26;0
4491;93;17;2025-02-11;1
4492;2236;9;2025-01-26;0
4493;1790;21;2025-01-02;1
4494;2629;16;2025-02-06;0
4495;2265;18;2025-01-27;1
4496;1748;25;2025-04-20;1
4497;20;1;2025-02-16;1
4498;935;10;2025-02-08;0
4499;2885;13;2025-03-05;0
4500;1200;13;2025-01-26;1
4501;1359;28;2025-03-24;1
4502;767;5;2025-02-11;0
4503;2888;15;2025-01-14;0
4504;2691;23;2025-04-19;1
4505;1763;24;2025-03-05;1
4506;602;8;2025-01-29;0
4507;11;30;2025-02-18;0
4508;1950;7;2025-03-25;1
4509;1120;9;2025-04-14;1
4510;1528;14;2025-03-31;1
4511;483;4;2025-01-28;0
4512;1804;11;2025-02-12;1
4513;621;15;2025-04-09;0
4514;881;26;2025-03-31;0
4515;2895;26;2025-01-19;1
4516;70;24;2025-02-19;0
4517;1800;18;2025-04-11;1
4518;2412;29;2025-04-22;0
4519;671;8;2025-02-26;1
4520;2313;18;2025-01-22;0
4521;226;21;2025-04-02;0
4522;2457;13;2025-01-25;1
4523;2118;4;2025-04-13;1
4524;888;2;2025-02-11;1
4525;2741;28;2025-01-31;1
4526;677;19;2025-03-05;0
4527;1018;25;2025-01-09;1
4528;2660;15;2025-04-20;0
4529;2298;11;2025-02-25;1
4530;1826;15;2025-02-06;1
4531;1263;29;2025-01-16;0
4532;299;4;2025-01-10;1
4533;965;4;2025-01-02;0
4534;1716;21;2025-01-04;1
4535;1116;2;2025-01-21;1
4536;3007;28;2025-04-16;1
4537;2518;12;2025-01-04;0
4538;1896;21;2025-01-04;0
4539;3019;20;2025-04-17;0
4540;1769;6;2025-01-31;1
4541;1538;30;2025-01-18;0
4542;1080;14;2025-02-12;0
4543;1668;17;2025-03-12;1
4544;389;29;2025-03-15;1
4545;2664;22;2025-04-05;1
4546;2737;18;2025-04-13;1
4547;1192;4;2025-01-20;0
4548;2821;5;2025-03-15;1
4549;2480;18;2025-03-19;1
4550;1363;4;2025-01-05;1
4551;288;7;2025-02-14;0
4552;1092;14;2025-03-28;1
4553;1397;29;2025-01-11;1
4554;2605;24;2025-02-15;0
4555;140;2;2025-03-05;0
4556;148;23;2025-01-22;1
4557;270;18;2025-02-16;1
4558;661;12;2025-03-15;0
4559;117;17;2025-02-22;1
4560;1553;5;2025-01-22;1
4561;1519;13;2025-01-09;0
4562;1897;10;2025-04-27;0
4563;1883;10;2025-01-13;1
4564;2795;26;2025-04-26;1
4565;3096;25;2025-04-17;1
4566;2213;18;2025-03-14;0
4567;2112;5;2025-04-21;0
4568;2791;14;2025-02-11;1
4569;2085;8;2025-02-05;1
4570;90;8;2025-03-25;0
4571;2816;21;2025-01-13;1
4572;2414;20;2025-03-29;1
4573;15;25;2025-02-12;1
4574;718;10;2025-02-18;0
4575;341;19;2025-04-13;0
4576;1593;15;2025-04-24;0
4577;1474;5;2025-01-23;0
4578;1389;23;2025-03-24;1
4579;1150;18;2025-02-21;1
4580;352;16;2025-04-27;0
4581;326;15;2025-01-09;0
4582;1330;29;2025-01-06;1
4583;1717;28;2025-01-21;0
4584;1700;25;2025-02-23;1
4585;61;19;2025-03-10;0
4586;1679;27;2025-01-07;1
4587;535;24;2025-03-09;1
4588;2088;24;2025-01-09;1
4589;1899;17;2025-04-19;1
4590;1687;21;2025-03-14;0
4591;2647;26;2025-01-27;0
4592;993;16;2025-02-19;1
4593;873;25;2025-04-27;0
4594;2426;13;2025-04-02;1
4595;2722;19;2025-01-30;0
4596;1792;19;2025-02-26;1
4597;1327;20;2025-04-13;1
4598;498;25;2025-01-05;1
4599;118;5;2025-01-08;0
4600;32;12;2025-04-27;0
4601;974;11;2025-01-03;1
4602;2588;12;2025-04-08;0
4603;1847;27;2025-02-11;1
4604;473;18;2025-03-13;0
4605;1983;5;2025-01-24;1
4606;649;7;2025-02-28;1
4607;273;4;2025-01-07;0
4608;1369;30;2025-03-20;1
4609;335;28;2025-02-14;0
4610;575;13;2025-03-23;0
4611;448;29;2025-04-11;0
4612;18;27;2025-01-09;0
4613;2065;21;2025-01-22;0
4614;2295;7;2025-02-03;1
4615;832;16;2025-04-25;0
4616;2897;17;2025-02-22;1
4617;366;26;2025-03-17;1
4618;1028;26;2025-04-23;0
4619;2217;27;2025-03-30;0
4620;1201;21;2025-02-23;1
4621;2395;14;2025-01-18;1
4622;1765;4;2025-02-21;1
4623;495;22;2025-01-27;1
4624;2046;28;2025-04-08;0
4625;2636;1;2025-04-09;1
4626;3019;2;2025-02-28;0
4627;2442;20;2025-03-03;0
4628;2812;27;2025-02-19;0
4629;2000;4;2025-03-06;0
4630;1768;25;2025-01-28;1
4631;1019;25;2025-03-10;1
4632;1592;25;2025-03-16;1
4633;3074;5;2025-02-03;1
4634;728;27;2025-01-16;0
4635;899;10;2025-03-03;1
4636;2879;5;2025-01-21;0
4637;2497;27;2025-01-17;0
4638;1873;4;2025-02-17;0
4639;519;23;2025-03-28;1
4640;1798;9;2025-01-18;1
4641;813;15;2025-02-23;1
4642;539;15;2025-02-01;1
4643;1723;4;2025-01-17;0
4644;291;24;2025-02-05;0
4645;570;25;2025-02-17;1
4646;1283;6;2025-01-23;0
4647;2974;25;2025-01-19;1
4648;305;15;2025-03-19;1
4649;436;11;2025-02-21;0
4650;2103;28;2025-04-03;0
4651;1467;30;2025-01-10;1
4652;983;4;2025-01-27;1
4653;1027;22;2025-03-22;1
4654;607;19;2025-01-13;0
4655;1185;18;2025-03-25;0
4656;1776;24;2025-04-11;0
4657;126;8;2025-02-22;1
4658;1655;23;2025-03-28;0
4659;1433;29;2025-01-11;0
4660;1416;20;2025-03-20;1
4661;1726;17;2025-04-05;0
4662;109;1;2025-01-12;0
4663;1361;16;2025-01-22;0
4664;2460;17;2025-04-17;0
4665;689;4;2025-02-05;1
4666;184;6;2025-04-06;1
4667;1161;18;2025-02-14;0
4668;2759;14;2025-02-11;0
4669;3114;10;2025-03-13;1
4670;1690;19;2025-03-08;0
4671;418;25;2025-04-08;1
4672;610;3;2025-02-07;1
4673;1327;21;2025-02-15;1
4674;2484;22;2025-04-19;1
4675;2499;2;2025-01-16;1
4676;3115;25;2025-01-04;1
4677;172;7;2025-04-21;1
4678;1092;17;2025-02-13;1
4679;1122;6;2025-02-15;1
4680;2200;11;2025-03-05;1
4681;2696;4;2025-04-27;0
4682;1094;10;2025-04-27;1
4683;74;7;2025-02-28;1
4684;1532;28;2025-02-24;0
4685;980;10;2025-04-07;0
4686;2228;17;2025-04-26;0
4687;1491;9;2025-02-07;0
4688;1017;1;2025-02-03;0
4689;762;10;2025-01-27;1
4690;2863;24;2025-01-05;0
4691;2319;22;2025-04-13;0
4692;684;16;2025-04-01;1
4693;1778;4;2025-01-06;0
4694;1595;5;2025-03-09;0
4695;2983;4;2025-02-13;1
4696;207;9;2025-03-09;0
4697;698;27;2025-01-27;0
4698;378;14;2025-01-17;1
4699;982;25;2025-03-29;0
4700;72;23;2025-03-31;1
4701;1257;28;2025-02-09;1
4702;158;13;2025-03-04;1
4703;2666;11;2025-03-02;1
4704;1536;6;2025-01-26;0
4705;2232;3;2025-01-23;0
4706;2434;11;2025-04-11;0
4707;1044;18;2025-03-16;1
4708;478;3;2025-02-19;0
4709;1970;29;2025-01-10;0
4710;30;15;2025-04-24;1
4711;1994;9;2025-04-14;1
4712;2167;3;2025-04-21;0
4713;1743;20;2025-03-05;1
4714;2204;21;2025-02-14;0
4715;1677;3;2025-04-17;1
4716;2015;23;2025-02-03;1
4717;632;14;2025-04-14;1
4718;1930;12;2025-01-08;1
4719;2497;11;2025-01-03;1
4720;2964;10;2025-01-31;1
4721;270;13;2025-02-03;0
4722;3076;16;2025-01-20;1
4723;515;12;2025-02-05;0
4724;1537;30;2025-01-13;0
4725;3010;23;2025-03-02;0
4726;2044;3;2025-01-29;1
4727;1821;14;2025-01-18;0
4728;2889;30;2025-03-25;0
4729;1198;15;2025-01-07;0
4730;184;20;2025-01-12;0
4731;2526;2;2025-01-15;0
4732;2829;26;2025-01-25;1
4733;8;19;2025-03-19;0
4734;505;16;2025-01-26;1
4735;643;23;2025-03-31;1
4736;972;24;2025-01-15;0
4737;2429;9;2025-03-16;0
4738;2948;29;2025-03-27;0
4739;2793;7;2025-03-22;0
4740;2064;13;2025-04-03;1
4741;193;16;2025-03-20;1
4742;1089;1;2025-03-26;0
4743;696;14;2025-01-06;0
4744;2921;5;2025-01-16;1
4745;2252;14;2025-01-05;1
4746;3072;28;2025-03-20;1
4747;353;30;2025-01-29;1
4748;1071;18;2025-03-22;1
4749;1289;28;2025-02-03;0
4750;2980;8;2025-02-15;1
4751;1610;20;2025-04-14;0
4752;2350;19;2025-04-20;1
4753;2291;2;2025-03-03;0
4754;1801;9;2025-01-11;0
4755;2872;10;2025-01-11;0
4756;1567;23;2025-02-11;1
4757;2152;24;2025-02-27;0
4758;976;11;2025-02-25;0
4759;750;10;2025-01-24;0
4760;1241;22;2025-01-04;1
4761;1498;24;2025-02-03;1
4762;1111;14;2025-01-14;0
4763;1813;18;2025-03-22;1
4764;2598;16;2025-04-10;1
4765;960;6;2025-02-03;0
4766;2176;7;2025-01-16;0
4767;107;23;2025-02-12;0
4768;1165;21;2025-04-14;0
4769;2037;28;2025-01-13;1
4770;2775;24;2025-04-03;0
4771;1983;15;2025-01-30;0
4772;899;19;2025-03-11;0
4773;76;4;2025-04-23;1
4774;1112;24;2025-04-21;0
4775;415;6;2025-02-09;0
4776;606;3;2025-04-24;1
4777;2376;3;2025-03-05;1
4778;30;2;2025-02-04;0
4779;2267;17;2025-02-21;1
4780;1388;21;2025-04-07;1
4781;13;28;2025-04-05;1
4782;250;18;2025-01-10;1
4783;522;23;2025-03-07;1
4784;2340;20;2025-01-29;0
4785;3104;19;2025-01-01;1
4786;2723;2;2025-01-11;0
4787;2980;20;2025-03-01;0
4788;2163;5;2025-04-14;0
4789;539;2;2025-02-10;1
4790;616;27;2025-04-26;0
4791;1817;13;2025-01-22;1
4792;2217;13;2025-01-21;1
4793;3016;23;2025-01-12;1
4794;246;18;2025-02-22;0
4795;1797;12;2025-02-20;0
4796;1508;26;2025-04-19;0
4797;100;14;2025-03-09;0
4798;2994;26;2025-01-11;0
4799;2056;2;2025-03-23;0
4800;1831;16;2025-01-06;0
4801;2420;30;2025-01-28;1
4802;472;21;2025-03-14;1
4803;2149;4;2025-03-09;1
4804;1041;27;2025-04-15;0
4805;2585;28;2025-02-22;0
4806;2393;18;2025-04-21;0
4807;1166;6;2025-02-03;0
4808;334;19;2025-02-28;1
4809;1622;24;2025-03-12;0
4810;3045;19;2025-03-07;0
4811;2366;17;2025-02-22;1
4812;3064;1;2025-02-12;1
4813;304;19;2025-04-17;1
4814;1002;23;2025-04-27;0
4815;33;13;2025-02-27;0
4816;980;5;2025-03-30;1
4817;965;16;2025-02-13;0
4818;2290;2;2025-01-23;1
4819;1608;14;2025-01-22;0
4820;1875;24;2025-03-20;1
4821;178;17;2025-03-14;0
4822;695;28;2025-03-19;0
4823;517;9;2025-03-17;1
4824;1788;12;2025-04-18;0
4825;1180;7;2025-04-07;0
4826;1428;22;2025-01-20;0
4827;2416;14;2025-04-24;1
4828;1262;23;2025-01-15;1
4829;171;29;2025-03-01;1
4830;605;23;2025-03-25;0
4831;374;21;2025-02-19;1
4832;2306;30;2025-03-16;0
4833;453;23;2025-04-04;1
4834;2656;13;2025-04-19;1
4835;2721;22;2025-02-28;1
4836;162;19;2025-02-22;1
4837;811;29;2025-01-11;0
4838;1020;30;2025-01-16;0
4839;1531;13;2025-03-12;0
4840;1044;4;2025-01-26;1
4841;2757;28;2025-04-02;1
4842;1324;22;2025-03-22;1
4843;128;1;2025-03-19;0
4844;2454;27;2025-04-04;1
4845;158;6;2025-03-06;0
4846;1665;28;2025-01-11;0
4847;2800;12;2025-01-02;0
4848;1221;21;2025-03-23;0
4849;2932;4;2025-03-24;0
4850;832;26;2025-03-03;0
4851;546;17;2025-03-27;0
4852;1269;28;2025-03-12;1
4853;2039;17;2025-04-10;1
4854;1920;11;2025-03-17;0
4855;2395;9;2025-01-31;1
4856;2252;18;2025-02-10;0
4857;3026;19;2025-03-09;1
4858;389;23;2025-03-17;1
4859;2317;3;2025-01-07;0
4860;1326;11;2025-02-18;1
4861;629;17;2025-01-23;0
4862;1409;13;2025-02-13;0
4863;2694;26;2025-01-09;0
4864;2089;23;2025-01-13;1
4865;2522;7;2025-03-07;0
4866;2965;23;2025-02-23;1
4867;962;6;2025-03-18;0
4868;2644;4;2025-02-26;0
4869;2715;17;2025-02-01;0
4870;1358;27;2025-02-23;1
4871;746;26;2025-03-12;0
4872;2911;9;2025-01-12;0
4873;2417;3;2025-03-01;0
4874;2662;2;2025-02-20;1
4875;2922;28;2025-04-13;1
4876;941;26;2025-03-01;0
4877;1169;10;2025-01-14;1
4878;1817;20;2025-02-24;1
4879;2429;4;2025-01-31;0
4880;703;27;2025-04-26;1
4881;1956;27;2025-01-18;1
4882;935;17;2025-01-25;0
4883;2528;22;2025-04-16;0
4884;2880;3;2025-02-07;1
4885;1697;3;2025-03-12;1
4886;1712;24;2025-03-17;0
4887;2303;8;2025-01-31;1
4888;1431;19;2025-03-30;1
4889;643;2;2025-01-08;1
4890;280;21;2025-04-25;0
4891;584;4;2025-03-06;0
4892;797;6;2025-02-25;1
4893;809;14;2025-02-22;1
4894;1124;8;2025-02-03;1
4895;1628;18;2025-03-13;0
4896;1472;21;2025-02-03;1
4897;611;22;2025-03-24;1
4898;756;28;2025-03-16;1
4899;2834;16;2025-03-11;0
4900;2199;2;2025-04-06;1
4901;1801;13;2025-01-16;0
4902;2511;11;2025-01-13;0
4903;3019;21;2025-04-18;0
4904;1182;1;2025-04-19;0
4905;1453;23;2025-03-28;0
4906;1061;5;2025-04-10;0
4907;2625;11;2025-04-09;0
4908;673;8;2025-03-08;1
4909;2736;8;2025-02-19;0
4910;2522;21;2025-01-21;0
4911;54;24;2025-04-07;1
4912;104;10;2025-04-10;0
4913;2192;16;2025-04-13;1
4914;1364;9;2025-01-31;1
4915;235;27;2025-03-22;0
4916;2111;8;2025-01-07;0
4917;1458;15;2025-04-12;1
4918;1116;27;2025-01-23;0
4919;2726;30;2025-02-11;0
4920;1460;9;2025-03-04;1
4921;1172;9;2025-03-02;0
4922;81;1;2025-04-01;1
4923;991;25;2025-03-07;0
4924;20;14;2025-01-16;1
4925;2662;23;2025-02-18;0
4926;2784;13;2025-01-17;0
4927;45;28;2025-01-30;0
4928;1933;18;2025-01-12;1
4929;1029;1;2025-01-16;0
4930;40;22;2025-03-03;1
4931;2706;28;2025-02-14;0
4932;1893;13;2025-01-01;1
4933;687;18;2025-04-08;1
4934;2922;12;2025-02-03;0
4935;1794;10;2025-03-09;1
4936;1457;1;2025-04-23;0
4937;2259;18;2025-02-26;1
4938;737;14;2025-03-11;1
4939;2526;14;2025-02-21;1
4940;821;8;2025-03-08;0
4941;2560;24;2025-03-28;1
4942;2866;4;2025-04-16;0
4943;586;17;2025-03-25;0
4944;679;11;2025-01-27;1
4945;2814;16;2025-01-21;1
4946;2338;15;2025-04-18;1
4947;1888;30;2025-04-19;1
4948;812;2;2025-02-19;1
4949;2622;9;2025-02-23;1
4950;856;11;2025-02-10;1
4951;2602;2;2025-01-17;1
4952;2767;26;2025-04-13;0
4953;876;16;2025-01-29;0
4954;3119;24;2025-03-17;1
4955;1571;8;2025-03-18;1
4956;578;26;2025-02-14;0
4957;2043;18;2025-02-10;0
4958;836;25;2025-02-16;1
4959;3087;16;2025-04-22;1
4960;78;9;2025-03-25;0
4961;822;18;2025-01-04;0
4962;1793;1;2025-04-20;1
4963;2509;3;2025-02-11;0
4964;380;15;2025-03-19;1
4965;1239;27;2025-04-24;0
4966;1247;21;2025-02-02;0
4967;73;4;2025-03-14;1
4968;1145;20;2025-02-23;1
4969;3062;15;2025-03-07;0
4970;3031;26;2025-02-07;1
4971;1175;12;2025-01-15;1
4972;2940;16;2025-03-11;1
4973;1941;28;2025-03-13;0
4974;2808;24;2025-02-27;1
4975;629;21;2025-03-03;1
4976;688;7;2025-04-27;1
4977;3095;1;2025-03-19;0
4978;736;18;2025-03-22;0
4979;420;18;2025-04-09;0
4980;1880;8;2025-03-25;0
4981;884;15;2025-01-25;0
4982;2425;7;2025-01-10;0
4983;926;8;2025-02-27;1
4984;252;6;2025-02-13;1
4985;2641;14;2025-04-14;1
4986;2224;5;2025-03-13;1
4987;2995;2;2025-01-14;0
4988;1910;3;2025-02-15;1
4989;1251;22;2025-01-01;1
4990;3061;24;2025-01-27;1
4991;2129;29;2025-02-24;1
4992;700;19;2025-01-05;0
4993;471;7;2025-03-14;1
4994;1972;20;2025-04-05;1
4995;2054;30;2025-03-08;0
4996;2527;4;2025-04-23;1
4997;422;2;2025-03-09;1
4998;2258;23;2025-04-07;1
4999;2004;22;2025-02-25;0
5000;2611;21;2025-01-17;0
5001;297;14;2025-01-01;1
5002;636;18;2025-01-25;0
5003;809;25;2025-02-04;1
5004;1598;3;2025-01-27;1
5005;3048;11;2025-04-03;1
5006;1443;23;2025-02-20;1
5007;2897;7;2025-04-14;1
5008;1660;10;2025-03-04;1
5009;2485;7;2025-02-25;1
5010;771;10;2025-03-24;1
5011;2727;10;2025-01-16;1
5012;2575;9;2025-02-12;0
5013;1113;26;2025-03-17;1
5014;2724;2;2025-01-14;1
5015;1280;4;2025-04-03;0
5016;1311;2;2025-04-14;1
5017;2666;22;2025-03-17;1
5018;1472;29;2025-01-04;1
5019;1054;17;2025-02-02;1
5020;1178;26;2025-01-23;0
5021;1602;26;2025-01-21;0
5022;436;22;2025-02-26;0
5023;2248;25;2025-01-02;0
5024;188;29;2025-02-15;0
5025;1522;17;2025-02-25;1
5026;850;19;2025-02-02;1
5027;2042;9;2025-01-28;0
5028;1552;4;2025-01-18;1
5029;1517;14;2025-04-05;1
5030;2098;1;2025-03-03;1
5031;2132;5;2025-03-07;1
5032;2671;15;2025-01-22;1
5033;645;7;2025-01-02;1
5034;632;28;2025-02-20;0
5035;3112;28;2025-02-26;1
5036;1639;4;2025-04-12;0
5037;1673;9;2025-03-22;1
5038;1719;5;2025-04-09;0
5039;2957;3;2025-02-06;1
5040;754;18;2025-01-13;0
5041;611;9;2025-04-26;1
5042;1223;16;2025-03-02;0
5043;355;16;2025-04-07;0
5044;2593;12;2025-02-14;0
5045;1351;13;2025-02-24;1
5046;58;20;2025-03-30;1
5047;2949;8;2025-03-18;1
5048;334;11;2025-01-06;0
5049;1465;7;2025-01-08;1
5050;1953;23;2025-04-03;1
5051;1090;18;2025-04-09;1
5052;717;8;2025-03-06;1
5053;2153;10;2025-03-06;0
5054;2883;17;2025-03-15;0
5055;2338;15;2025-01-20;0
5056;2031;28;2025-04-24;0
5057;2881;29;2025-02-02;0
5058;616;20;2025-01-04;1
5059;3003;19;2025-02-18;0
5060;1352;1;2025-01-25;1
5061;1655;20;2025-04-15;1
5062;1507;23;2025-02-28;1
5063;2824;11;2025-04-10;0
5064;1641;27;2025-03-25;0
5065;102;28;2025-03-12;0
5066;1504;12;2025-01-08;0
5067;1354;12;2025-04-13;1
5068;2087;2;2025-03-03;0
5069;627;13;2025-03-26;1
5070;2397;21;2025-02-11;1
5071;241;13;2025-03-21;1
5072;637;1;2025-04-04;1
5073;2013;24;2025-01-25;1
5074;1272;14;2025-02-10;1
5075;1628;29;2025-02-03;1
5076;1526;12;2025-02-01;0
5077;2088;19;2025-04-23;1
5078;1414;10;2025-04-13;0
5079;1628;11;2025-04-25;1
5080;1420;16;2025-03-10;0
5081;2225;3;2025-04-26;1
5082;2069;11;2025-04-02;1
5083;1383;26;2025-02-26;0
5084;474;6;2025-04-22;0
5085;429;29;2025-03-06;1
5086;1251;20;2025-04-06;0
5087;61;19;2025-03-29;0
5088;160;16;2025-04-13;1
5089;2396;9;2025-03-24;0
5090;213;7;2025-04-05;0
5091;1313;2;2025-04-19;1
5092;1905;24;2025-04-21;1
5093;1068;30;2025-01-10;1
5094;3118;21;2025-02-12;1
5095;438;27;2025-03-08;0
5096;1786;8;2025-01-27;1
5097;1446;17;2025-04-17;0
5098;2138;27;2025-01-30;0
5099;1782;15;2025-04-19;1
5100;2987;26;2025-03-02;1
5101;2713;14;2025-03-07;0
5102;2140;2;2025-03-30;1
5103;484;24;2025-04-12;0
5104;1615;30;2025-04-19;0
5105;2161;16;2025-02-01;1
5106;350;26;2025-03-31;0
5107;2235;11;2025-03-25;0
5108;565;4;2025-01-30;1
5109;496;14;2025-01-29;0
5110;2179;2;2025-04-06;0
5111;1130;27;2025-03-09;1
5112;2039;2;2025-01-27;0
5113;2203;18;2025-01-28;1
5114;1674;7;2025-03-10;1
5115;1564;4;2025-01-09;0
5116;1791;1;2025-01-21;1
5117;1561;26;2025-04-10;0
5118;1479;24;2025-02-28;0
5119;2140;25;2025-01-10;0
5120;2129;2;2025-03-13;1
5121;2973;19;2025-03-21;0
5122;1580;14;2025-02-16;0
5123;1905;11;2025-03-14;0
5124;2896;20;2025-03-25;1
5125;2589;12;2025-03-07;1
5126;2765;19;2025-03-01;0
5127;2667;1;2025-03-31;1
5128;468;3;2025-01-28;1
5129;833;29;2025-04-16;0
5130;795;14;2025-01-05;0
5131;2785;29;2025-01-04;0
5132;999;7;2025-02-02;0
5133;1687;7;2025-04-26;0
5134;1355;1;2025-04-11;1
5135;2953;15;2025-04-13;1
5136;2275;20;2025-01-08;0
5137;571;30;2025-04-18;0
5138;315;11;2025-01-16;0
5139;2684;4;2025-04-27;0
5140;2142;24;2025-01-02;1
5141;941;9;2025-04-14;1
5142;2323;28;2025-03-09;1
5143;2202;25;2025-02-12;0
5144;1537;22;2025-02-25;0
5145;1925;23;2025-02-13;1
5146;775;29;2025-03-10;1
5147;3015;1;2025-01-31;1
5148;1476;9;2025-03-25;0
5149;3120;8;2025-04-27;1
5150;2436;20;2025-01-03;0
5151;1655;21;2025-02-23;0
5152;2595;21;2025-01-06;0
5153;918;11;2025-03-23;1
5154;1291;2;2025-04-04;1
5155;1429;9;2025-03-11;1
5156;1381;22;2025-01-19;1
5157;2002;22;2025-01-21;1
5158;2542;12;2025-01-26;1
5159;2620;19;2025-03-21;0
5160;2156;6;2025-04-25;1
5161;124;1;2025-01-15;1
5162;1754;27;2025-01-13;0
5163;1581;7;2025-02-14;1
5164;1763;11;2025-02-02;0
5165;1558;22;2025-01-28;1
5166;1480;4;2025-01-19;0
5167;418;10;2025-02-25;0
5168;3018;25;2025-03-26;0
5169;2204;24;2025-01-21;0
5170;618;11;2025-02-21;0
5171;3051;18;2025-04-15;0
5172;2659;6;2025-01-27;1
5173;2916;20;2025-02-02;1
5174;886;14;2025-02-07;1
5175;543;3;2025-01-19;0
5176;2344;26;2025-02-18;1
5177;3015;3;2025-01-02;0
5178;418;19;2025-03-29;1
5179;2377;12;2025-01-15;1
5180;2709;6;2025-03-17;0
5181;1764;17;2025-03-13;0
5182;1340;9;2025-03-22;1
5183;2744;21;2025-04-16;1
5184;1712;17;2025-01-06;1
5185;604;28;2025-02-17;0
5186;2526;25;2025-03-26;1
5187;2683;1;2025-04-23;0
5188;104;24;2025-03-02;0
5189;107;7;2025-04-18;1
5190;1190;20;2025-02-21;1
5191;157;4;2025-04-25;1
5192;2816;22;2025-02-21;1
5193;17;13;2025-01-28;1
5194;172;21;2025-04-27;0
5195;1237;9;2025-03-21;1
5196;488;23;2025-01-05;1
5197;2860;11;2025-01-16;0
5198;1096;10;2025-01-13;0
5199;2988;20;2025-02-26;1
5200;2353;13;2025-04-25;0
5201;3007;13;2025-01-15;0
5202;2672;6;2025-01-31;0
5203;251;24;2025-04-20;0
5204;2711;17;2025-02-18;1
5205;2276;25;2025-02-22;0
5206;1842;27;2025-03-24;1
5207;284;2;2025-03-09;1
5208;276;14;2025-01-16;1
5209;722;4;2025-01-16;1
5210;1641;29;2025-01-17;0
5211;1180;6;2025-04-09;1
5212;1825;22;2025-02-06;0
5213;1565;12;2025-03-31;0
5214;2464;12;2025-02-25;1
5215;177;27;2025-02-13;1
5216;2875;22;2025-01-08;1
5217;2145;12;2025-03-25;0
5218;1307;23;2025-02-14;0
5219;1813;22;2025-01-18;1
5220;2352;27;2025-02-06;1
5221;2919;29;2025-01-10;1
5222;419;15;2025-04-20;1
5223;33;28;2025-02-14;0
5224;1169;30;2025-03-01;0
5225;1685;4;2025-02-28;0
5226;1569;11;2025-01-11;1
5227;957;14;2025-01-07;0
5228;1942;27;2025-02-17;0
5229;977;14;2025-01-29;1
5230;1918;5;2025-01-04;1
5231;254;5;2025-04-21;0
5232;991;25;2025-01-17;1
5233;1806;28;2025-01-06;1
5234;381;20;2025-01-08;1
5235;524;14;2025-03-31;0
5236;265;3;2025-01-15;1
5237;674;13;2025-02-06;0
5238;393;13;2025-01-04;0
5239;1926;27;2025-03-26;0
5240;812;30;2025-04-10;1
5241;45;15;2025-02-12;1
5242;2659;14;2025-02-23;1
5243;1781;13;2025-01-10;0
5244;897;19;2025-01-08;1
5245;1778;20;2025-01-07;1
5246;1587;8;2025-01-19;1
5247;2500;16;2025-03-02;0
5248;2268;10;2025-02-07;1
5249;879;12;2025-04-07;0
5250;2166;27;2025-04-21;1
5251;136;6;2025-04-23;0
5252;410;6;2025-04-06;1
5253;2622;26;2025-03-20;0
5254;1897;26;2025-03-04;0
5255;2981;20;2025-04-16;0
5256;1250;22;2025-03-25;1
5257;2186;17;2025-04-09;0
5258;3037;22;2025-04-09;1
5259;554;23;2025-04-12;0
5260;933;14;2025-03-17;1
5261;2034;9;2025-03-21;0
5262;1717;28;2025-03-23;1
5263;2058;2;2025-03-22;0
5264;2099;6;2025-02-19;0
5265;1567;6;2025-04-23;0
5266;235;25;2025-03-20;0
5267;3001;2;2025-01-17;1
5268;2012;15;2025-01-20;1
5269;1621;11;2025-04-24;1
5270;2239;24;2025-02-20;0
5271;2007;29;2025-02-23;1
5272;2423;29;2025-01-11;0
5273;2895;24;2025-01-08;1
5274;133;9;2025-04-03;1
5275;1920;21;2025-04-26;1
5276;3077;6;2025-02-09;0
5277;2771;16;2025-04-13;0
5278;2137;8;2025-04-09;0
5279;2190;10;2025-04-11;1
5280;737;28;2025-04-25;1
5281;2178;2;2025-04-23;1
5282;2541;22;2025-03-04;1
5283;1055;17;2025-02-26;1
5284;2088;14;2025-04-23;1
5285;2830;24;2025-01-13;1
5286;10;27;2025-02-10;0
5287;1580;16;2025-04-06;1
5288;1751;3;2025-02-03;0
5289;2485;4;2025-01-28;0
5290;1492;8;2025-03-06;1
5291;3092;30;2025-01-09;1
5292;2787;26;2025-01-21;1
5293;2179;16;2025-01-24;0
5294;1758;27;2025-03-24;1
5295;713;15;2025-01-03;1
5296;780;9;2025-02-06;1
5297;2698;3;2025-03-22;1
5298;1329;17;2025-04-14;1
5299;795;1;2025-04-01;1
5300;2399;12;2025-01-18;1
5301;2966;9;2025-01-30;0
5302;175;28;2025-04-06;0
5303;573;8;2025-01-16;1
5304;1363;22;2025-02-16;0
5305;1815;5;2025-02-20;0
5306;590;1;2025-03-30;0
5307;1197;29;2025-04-05;1
5308;1577;23;2025-03-04;0
5309;154;24;2025-01-12;0
5310;1662;24;2025-01-24;1
5311;1216;27;2025-04-13;1
5312;13;1;2025-03-29;0
5313;295;10;2025-03-18;1
5314;419;26;2025-04-11;1
5315;2233;18;2025-03-22;0
5316;1328;22;2025-04-13;0
5317;735;18;2025-03-13;1
5318;481;3;2025-01-02;1
5319;991;25;2025-01-12;0
5320;751;17;2025-03-02;1
5321;1222;13;2025-03-09;0
5322;474;10;2025-04-16;1
5323;1901;30;2025-02-09;1
5324;1610;3;2025-01-02;1
5325;2341;29;2025-03-26;1
5326;752;16;2025-01-24;0
5327;1120;28;2025-01-26;0
5328;563;18;2025-03-13;0
5329;2077;2;2025-03-07;1
5330;2378;29;2025-03-28;1
5331;743;23;2025-03-04;0
5332;1774;25;2025-03-26;0
5333;152;18;2025-01-30;1
5334;1031;5;2025-04-01;1
5335;635;25;2025-02-26;0
5336;2681;5;2025-03-20;1
5337;114;5;2025-03-03;1
5338;483;3;2025-03-21;1
5339;2580;14;2025-01-24;0
5340;178;5;2025-03-11;1
5341;1331;16;2025-03-03;1
5342;2097;2;2025-02-16;0
5343;406;12;2025-04-22;1
5344;154;7;2025-01-24;1
5345;779;8;2025-01-11;1
5346;1145;4;2025-04-22;0
5347;557;1;2025-04-26;0
5348;2035;12;2025-01-07;0
5349;1998;19;2025-03-26;1
5350;2991;1;2025-04-21;0
5351;22;13;2025-02-20;0
5352;2971;25;2025-03-18;0
5353;2666;9;2025-01-31;1
5354;1238;25;2025-01-21;0
5355;2746;15;2025-04-05;1
5356;1394;1;2025-03-23;1
5357;1743;16;2025-02-27;0
5358;2561;9;2025-04-10;1
5359;1213;11;2025-02-06;0
5360;2905;15;2025-02-01;0
5361;2804;10;2025-01-01;1
5362;951;4;2025-02-24;0
5363;3116;6;2025-01-13;1
5364;3102;25;2025-02-28;1
5365;99;13;2025-02-11;1
5366;1806;13;2025-01-20;1
5367;493;24;2025-01-04;0
5368;396;30;2025-04-01;1
5369;1705;10;2025-01-24;1
5370;990;20;2025-01-16;1
5371;2693;26;2025-01-02;1
5372;193;11;2025-04-18;0
5373;2887;17;2025-04-14;1
5374;3008;29;2025-04-03;1
5375;1657;18;2025-04-20;0
5376;140;28;2025-03-09;0
5377;2068;30;2025-04-03;0
5378;601;17;2025-01-03;1
5379;443;18;2025-02-16;1
5380;2481;14;2025-02-21;1
5381;1601;16;2025-03-02;1
5382;1461;15;2025-03-26;0
5383;389;10;2025-03-20;0
5384;1924;5;2025-01-27;1
5385;1935;27;2025-04-08;1
5386;2467;5;2025-01-13;1
5387;2585;6;2025-02-27;0
5388;1080;25;2025-01-18;0
5389;859;22;2025-02-04;0
5390;905;24;2025-03-26;0
5391;1000;15;2025-03-24;0
5392;2599;24;2025-03-06;1
5393;1933;3;2025-01-02;0
5394;1693;5;2025-03-16;1
5395;900;13;2025-03-18;1
5396;533;10;2025-04-08;1
5397;2762;14;2025-02-07;0
5398;1138;23;2025-01-02;1
5399;2405;27;2025-01-17;0
5400;942;7;2025-02-10;0
5401;1042;29;2025-01-14;1
5402;701;27;2025-04-18;0
5403;1284;19;2025-04-18;1
5404;2450;16;2025-01-08;0
5405;1003;5;2025-03-02;1
5406;1669;8;2025-04-01;0
5407;2014;20;2025-04-26;0
5408;2252;9;2025-01-09;1
5409;971;1;2025-02-23;0
5410;1559;16;2025-01-06;1
5411;2300;15;2025-01-20;1
5412;2213;7;2025-03-26;0
5413;463;4;2025-02-03;0
5414;2730;3;2025-03-23;1
5415;1684;21;2025-03-13;1
5416;987;17;2025-04-15;0
5417;2639;19;2025-01-18;1
5418;650;27;2025-02-03;1
5419;1306;14;2025-04-02;0
5420;1434;16;2025-01-04;1
5421;165;30;2025-02-11;0
5422;740;26;2025-03-15;0
5423;2386;16;2025-02-26;0
5424;66;22;2025-04-23;1
5425;554;19;2025-04-10;1
5426;2344;29;2025-03-28;1
5427;2838;22;2025-02-12;0
5428;1155;16;2025-02-21;1
5429;2851;25;2025-03-07;1
5430;2515;5;2025-03-17;0
5431;957;6;2025-02-01;1
5432;1356;30;2025-03-21;1
5433;1287;11;2025-04-12;1
5434;239;16;2025-01-07;1
5435;2908;19;2025-02-08;1
5436;2713;16;2025-04-22;0
5437;3013;13;2025-03-12;1
5438;2597;30;2025-04-27;0
5439;2938;14;2025-02-24;1
5440;981;23;2025-02-14;0
5441;466;4;2025-01-22;1
5442;1873;5;2025-03-18;0
5443;3097;17;2025-03-03;1
5444;877;19;2025-04-14;0
5445;1521;13;2025-04-11;1
5446;2810;8;2025-01-20;1
5447;834;12;2025-03-15;1
5448;210;24;2025-02-09;0
5449;5;10;2025-02-17;1
5450;195;20;2025-04-01;0
5451;2992;29;2025-01-23;1
5452;2686;13;2025-02-01;1
5453;1772;19;2025-02-12;0
5454;983;6;2025-02-22;0
5455;2981;11;2025-01-19;0
5456;20;18;2025-03-09;0
5457;2765;1;2025-01-12;1
5458;1213;27;2025-02-06;0
5459;947;5;2025-01-31;0
5460;699;16;2025-01-24;0
5461;583;17;2025-03-30;0
5462;950;10;2025-02-19;0
5463;1619;4;2025-03-19;1
5464;997;29;2025-02-19;1
5465;908;14;2025-01-21;1
5466;51;3;2025-02-16;1
5467;2293;7;2025-04-07;0
5468;1255;2;2025-03-08;1
5469;320;12;2025-03-26;0
5470;8;2;2025-02-25;0
5471;1901;21;2025-01-01;1
5472;2248;30;2025-03-19;1
5473;749;15;2025-02-09;0
5474;483;15;2025-03-04;1
5475;756;10;2025-04-20;1
5476;1204;15;2025-01-27;1
5477;2211;29;2025-01-06;1
5478;828;16;2025-02-22;1
5479;1139;16;2025-04-10;0
5480;1468;2;2025-04-09;0
5481;2141;6;2025-01-27;0
5482;690;27;2025-03-03;0
5483;1806;9;2025-03-29;0
5484;1858;15;2025-04-21;0
5485;764;21;2025-03-04;1
5486;2830;12;2025-02-02;0
5487;911;18;2025-03-08;0
5488;82;9;2025-03-19;0
5489;1021;15;2025-02-06;0
5490;2562;18;2025-03-16;0
5491;1272;24;2025-01-28;1
5492;2192;22;2025-04-24;1
5493;311;9;2025-03-27;1
5494;185;25;2025-01-31;1
5495;3057;7;2025-01-21;1
5496;146;2;2025-03-17;1
5497;455;17;2025-01-25;1
5498;1772;22;2025-03-13;1
5499;3119;20;2025-02-14;1
5500;1625;4;2025-01-27;1
5501;544;16;2025-01-23;0
5502;2715;20;2025-03-29;0
5503;1097;5;2025-02-10;1
5504;974;15;2025-03-25;1
5505;80;12;2025-04-14;1
5506;1840;8;2025-02-03;1
5507;2147;16;2025-02-04;0
5508;15;10;2025-02-14;1
5509;745;2;2025-01-15;1
5510;566;5;2025-02-27;1
5511;675;11;2025-02-17;0
5512;333;23;2025-04-13;1
5513;829;15;2025-01-19;0
5514;40;15;2025-04-24;0
5515;968;25;2025-03-20;0
5516;2672;10;2025-04-05;1
5517;2064;7;2025-03-05;1
5518;1529;2;2025-04-27;1
5519;104;4;2025-03-31;1
5520;1658;2;2025-01-20;0
5521;1468;18;2025-04-19;0
5522;1338;24;2025-04-11;0
5523;143;22;2025-01-05;1
5524;847;30;2025-02-22;1
5525;2172;18;2025-04-21;0
5526;2444;17;2025-03-12;1
5527;526;19;2025-01-03;1
5528;191;12;2025-02-28;0
5529;941;12;2025-02-09;1
5530;1978;7;2025-01-22;0
5531;491;21;2025-02-01;1
5532;2501;15;2025-04-04;0
5533;159;18;2025-02-06;1
5534;451;28;2025-02-14;1
5535;2201;12;2025-04-10;0
5536;2098;11;2025-01-20;0
5537;1536;24;2025-03-04;0
5538;2751;25;2025-03-28;0
5539;739;27;2025-01-04;1
5540;1593;7;2025-03-11;1
5541;2391;13;2025-01-08;0
5542;363;24;2025-01-11;0
5543;2181;6;2025-03-10;0
5544;895;14;2025-03-02;0
5545;2964;24;2025-01-08;0
5546;820;5;2025-01-26;0
5547;543;12;2025-01-01;0
5548;1805;12;2025-03-21;1
5549;2835;14;2025-01-08;1
5550;1157;7;2025-01-10;0
5551;1734;1;2025-02-28;0
5552;90;5;2025-04-11;1
5553;1971;8;2025-04-08;0
5554;2606;11;2025-01-08;0
5555;343;30;2025-01-05;1
5556;2383;4;2025-02-05;1
5557;1706;13;2025-01-24;0
5558;2527;18;2025-02-01;0
5559;680;10;2025-01-20;0
5560;2555;25;2025-01-24;0
5561;1504;9;2025-03-24;1
5562;277;29;2025-02-11;0
5563;374;16;2025-03-18;1
5564;2063;29;2025-03-08;0
5565;1784;1;2025-04-27;1
5566;2610;6;2025-04-16;1
5567;854;7;2025-04-02;1
5568;39;13;2025-04-15;0
5569;1715;7;2025-02-01;1
5570;364;10;2025-01-01;1
5571;1819;15;2025-02-09;0
5572;1990;26;2025-03-06;1
5573;1702;26;2025-01-17;1
5574;1403;15;2025-02-28;1
5575;780;2;2025-03-18;0
5576;1714;12;2025-01-26;0
5577;887;5;2025-04-05;0
5578;912;5;2025-02-03;1
5579;948;28;2025-04-06;0
5580;2940;14;2025-04-12;0
5581;2606;14;2025-03-24;1
5582;664;15;2025-03-23;1
5583;362;28;2025-01-01;0
5584;1609;3;2025-02-17;0
5585;2928;22;2025-01-13;0
5586;1144;25;2025-03-02;0
5587;1959;14;2025-04-16;1
5588;2591;18;2025-04-04;0
5589;571;14;2025-01-18;0
5590;739;27;2025-01-08;0
5591;1513;8;2025-03-16;1
5592;1519;26;2025-02-17;0
5593;212;8;2025-03-31;1
5594;920;7;2025-01-03;1
5595;792;15;2025-03-23;1
5596;2816;11;2025-01-08;0
5597;880;19;2025-02-19;1
5598;292;12;2025-01-01;1
5599;2109;8;2025-04-09;0
5600;503;21;2025-03-19;0
5601;1888;24;2025-04-11;1
5602;1407;28;2025-04-08;1
5603;1030;18;2025-01-10;0
5604;166;19;2025-02-02;0
5605;125;12;2025-04-22;0
5606;2097;22;2025-04-23;1
5607;2272;9;2025-01-06;1
5608;1632;24;2025-01-29;0
5609;1853;10;2025-02-05;1
5610;3012;20;2025-01-22;1
5611;2109;11;2025-02-03;1
5612;2904;17;2025-04-04;1
5613;1273;9;2025-02-25;1
5614;1629;5;2025-03-07;0
5615;2687;10;2025-01-24;0
5616;480;9;2025-02-16;0
5617;169;21;2025-01-25;1
5618;1061;10;2025-02-04;1
5619;1088;23;2025-02-02;0
5620;395;21;2025-01-22;0
5621;2696;18;2025-04-14;1
5622;264;23;2025-03-01;0
5623;1599;19;2025-02-21;1
5624;2424;24;2025-04-05;1
5625;1821;14;2025-03-25;1
5626;4;15;2025-04-12;0
5627;695;23;2025-01-31;1
5628;2497;2;2025-02-15;0
5629;1904;28;2025-03-14;0
5630;2625;22;2025-04-11;0
5631;1463;26;2025-02-11;0
5632;2572;2;2025-04-13;0
5633;789;12;2025-01-21;0
5634;2731;16;2025-04-11;0
5635;2762;12;2025-04-10;0
5636;2488;11;2025-04-08;0
5637;742;29;2025-03-27;1
5638;1536;9;2025-01-05;1
5639;566;18;2025-03-30;1
5640;1177;18;2025-03-26;0
5641;3095;28;2025-03-22;1
5642;2306;19;2025-03-03;0
5643;432;30;2025-03-13;1
5644;111;1;2025-02-07;1
5645;681;24;2025-03-07;0
5646;1184;10;2025-04-18;0
5647;2727;4;2025-04-14;1
5648;985;22;2025-03-13;1
5649;807;26;2025-02-28;0
5650;2362;7;2025-01-21;0
5651;461;15;2025-01-16;1
5652;2839;26;2025-02-12;1
5653;266;11;2025-02-25;0
5654;1948;21;2025-02-09;0
5655;3107;12;2025-03-22;1
5656;2374;3;2025-02-11;0
5657;1662;7;2025-04-05;0
5658;2853;24;2025-01-12;1
5659;2252;7;2025-01-12;0
5660;2866;24;2025-01-08;0
5661;3027;16;2025-02-01;1
5662;1386;29;2025-04-25;0
5663;1468;24;2025-03-19;0
5664;1938;12;2025-02-04;1
5665;2436;19;2025-04-25;1
5666;1273;15;2025-04-07;0
5667;2184;30;2025-01-31;1
5668;3041;18;2025-03-16;0
5669;336;13;2025-01-08;0
5670;614;2;2025-03-06;1
5671;1914;10;2025-02-13;0
5672;1245;21;2025-01-06;0
5673;1958;15;2025-01-05;0
5674;2859;13;2025-01-07;0
5675;774;6;2025-03-02;0
5676;3064;18;2025-01-24;0
5677;862;1;2025-04-05;1
5678;320;26;2025-04-05;1
5679;949;8;2025-02-14;1
5680;2139;18;2025-01-19;1
5681;193;14;2025-02-04;1
5682;2584;27;2025-03-13;1
5683;2230;10;2025-02-13;1
5684;1213;5;2025-04-14;0
5685;1572;30;2025-02-19;0
5686;2173;14;2025-02-02;0
5687;386;7;2025-04-20;1
5688;619;4;2025-04-10;1
5689;1593;1;2025-02-06;1
5690;1730;19;2025-02-28;0
5691;447;19;2025-04-12;0
5692;1937;1;2025-03-14;0
5693;525;8;2025-04-01;1
5694;1092;19;2025-03-23;1
5695;980;7;2025-01-05;1
5696;42;5;2025-02-25;1
5697;2182;11;2025-04-14;0
5698;2193;8;2025-01-04;0
5699;3002;23;2025-01-15;1
5700;2526;25;2025-01-07;1
5701;1403;18;2025-02-19;1
5702;1874;17;2025-02-04;1
5703;2154;18;2025-04-16;0
5704;250;25;2025-03-06;0
5705;1563;7;2025-01-13;0
5706;2346;15;2025-01-21;0
5707;1417;22;2025-03-10;1
5708;910;19;2025-01-04;1
5709;2405;23;2025-02-16;0
5710;2608;17;2025-03-31;0
5711;2110;13;2025-02-04;0
5712;1526;10;2025-03-10;0
5713;1588;3;2025-04-14;1
5714;2242;5;2025-02-16;1
5715;2866;1;2025-01-29;0
5716;2335;29;2025-01-18;1
5717;1977;20;2025-04-07;1
5718;1533;5;2025-03-16;0
5719;2000;23;2025-03-23;0
5720;2622;19;2025-03-21;0
5721;1785;15;2025-02-12;0
5722;293;18;2025-03-01;1
5723;1943;27;2025-01-19;0
5724;1286;26;2025-04-15;1
5725;1393;5;2025-03-29;0
5726;42;7;2025-01-04;1
5727;2360;24;2025-04-14;0
5728;408;3;2025-04-20;0
5729;885;22;2025-03-22;0
5730;193;28;2025-01-10;0
5731;2515;5;2025-01-27;1
5732;2973;7;2025-02-05;0
5733;1755;17;2025-02-08;1
5734;2770;21;2025-01-28;0
5735;1693;11;2025-02-01;1
5736;627;25;2025-02-21;1
5737;2215;8;2025-01-09;0
5738;2409;3;2025-01-29;1
5739;2962;3;2025-04-13;1
5740;1571;16;2025-03-11;0
5741;2068;10;2025-04-01;0
5742;2935;24;2025-04-25;0
5743;1790;18;2025-03-29;0
5744;1666;2;2025-01-25;1
5745;2158;5;2025-01-30;1
5746;1273;14;2025-03-30;0
5747;1952;20;2025-03-04;0
5748;395;6;2025-01-24;1
5749;1599;11;2025-03-09;0
5750;506;4;2025-03-08;0
5751;734;10;2025-01-16;1
5752;2413;17;2025-04-03;1
5753;1778;20;2025-04-06;0
5754;1093;30;2025-01-06;0
5755;266;1;2025-01-13;0
5756;429;6;2025-01-03;1
5757;1339;13;2025-04-26;1
5758;2971;16;2025-01-07;0
5759;563;9;2025-02-04;0
5760;2679;3;2025-02-22;1
5761;242;24;2025-01-28;1
5762;2286;26;2025-03-30;0
5763;2382;22;2025-02-12;0
5764;2563;23;2025-03-11;1
5765;2239;17;2025-04-08;0
5766;443;23;2025-02-03;0
5767;2084;16;2025-02-16;1
5768;50;30;2025-01-05;1
5769;1275;3;2025-03-04;0
5770;1340;3;2025-01-11;1
5771;288;25;2025-02-22;0
5772;1114;15;2025-03-09;1
5773;1972;6;2025-03-31;0
5774;2811;18;2025-02-27;1
5775;1820;18;2025-02-16;0
5776;1518;16;2025-04-09;0
5777;2792;23;2025-03-19;0
5778;2820;10;2025-03-13;0
5779;2524;10;2025-04-20;0
5780;2086;11;2025-02-16;1
5781;2600;26;2025-01-27;1
5782;766;3;2025-01-30;1
5783;976;12;2025-01-02;0
5784;461;5;2025-01-26;1
5785;2728;24;2025-02-04;1
5786;17;27;2025-01-29;0
5787;1261;4;2025-02-23;1
5788;434;7;2025-04-22;1
5789;659;4;2025-01-28;0
5790;2935;5;2025-01-31;0
5791;2088;9;2025-04-17;1
5792;2040;13;2025-01-20;1
5793;1413;19;2025-03-27;0
5794;2964;20;2025-04-06;1
5795;1220;19;2025-04-21;1
5796;2910;19;2025-02-11;0
5797;1492;4;2025-04-12;0
5798;152;23;2025-04-26;0
5799;1721;13;2025-01-22;0
5800;278;11;2025-03-20;1
5801;1762;4;2025-02-06;1
5802;894;25;2025-02-15;0
5803;2289;3;2025-04-25;0
5804;1165;1;2025-02-21;1
5805;1614;30;2025-02-12;0
5806;179;22;2025-02-25;1
5807;1892;28;2025-03-03;1
5808;2091;18;2025-02-16;1
5809;2568;10;2025-01-30;1
5810;1617;6;2025-02-03;0
5811;2779;3;2025-03-23;0
5812;2604;4;2025-03-17;1
5813;2804;25;2025-04-26;1
5814;328;4;2025-02-27;1
5815;696;28;2025-01-31;1
5816;763;25;2025-02-21;0
5817;674;16;2025-03-26;0
5818;3027;28;2025-01-24;0
5819;2086;17;2025-04-12;1
5820;2092;16;2025-01-18;1
5821;2880;18;2025-04-01;1
5822;2278;27;2025-02-10;1
5823;2754;7;2025-02-16;1
5824;2248;12;2025-04-06;1
5825;1862;10;2025-03-11;0
5826;1749;20;2025-02-09;1
5827;1428;19;2025-01-30;1
5828;1797;16;2025-01-28;0
5829;2148;10;2025-03-18;1
5830;1705;19;2025-03-04;0
5831;2572;5;2025-01-21;0
5832;3091;3;2025-01-22;0
5833;1150;23;2025-04-14;1
5834;2008;28;2025-03-11;1
5835;2593;7;2025-03-23;1
5836;2026;11;2025-01-23;0
5837;1936;29;2025-04-02;1
5838;2963;1;2025-04-19;0
5839;2033;5;2025-01-29;1
5840;550;26;2025-02-04;1
5841;2862;20;2025-01-17;0
5842;516;28;2025-04-17;0
5843;2247;19;2025-04-26;1
5844;62;3;2025-03-12;0
5845;3070;3;2025-01-26;0
5846;1558;4;2025-03-27;0
5847;1852;20;2025-02-17;1
5848;599;29;2025-01-26;1
5849;869;27;2025-03-19;1
5850;2410;30;2025-04-25;1
5851;1157;14;2025-02-15;1
5852;2311;4;2025-02-08;1
5853;2666;30;2025-03-25;1
5854;1587;26;2025-03-26;1
5855;2280;7;2025-01-10;0
5856;2462;5;2025-02-01;1
5857;2320;29;2025-02-25;0
5858;1538;26;2025-01-14;1
5859;415;26;2025-03-26;0
5860;620;1;2025-02-19;1
5861;2061;5;2025-03-02;1
5862;719;16;2025-04-25;0
5863;1498;6;2025-02-13;1
5864;1082;16;2025-03-14;1
5865;1947;28;2025-02-28;0
5866;2171;4;2025-01-28;1
5867;767;18;2025-03-26;1
5868;441;11;2025-02-05;1
5869;1141;20;2025-03-29;1
5870;2214;16;2025-02-26;1
5871;1874;14;2025-02-13;1
5872;2966;27;2025-01-03;0
5873;1012;3;2025-04-15;1
5874;93;24;2025-04-14;0
5875;514;15;2025-02-10;1
5876;2384;5;2025-03-24;1
5877;258;8;2025-02-22;1
5878;2674;14;2025-03-14;1
5879;1193;27;2025-04-24;0
5880;576;23;2025-03-07;0
5881;2714;1;2025-01-02;1
5882;1462;18;2025-02-06;0
5883;1636;29;2025-02-10;0
5884;1998;22;2025-03-17;0
5885;296;27;2025-02-18;1
5886;260;19;2025-03-22;1
5887;767;1;2025-01-11;1
5888;2340;3;2025-01-26;0
5889;1801;13;2025-04-06;1
5890;2109;12;2025-03-09;1
5891;2929;7;2025-03-25;1
5892;2190;23;2025-01-25;1
5893;1729;28;2025-02-01;0
5894;1144;19;2025-01-10;0
5895;1824;20;2025-03-23;0
5896;1616;5;2025-03-10;0
5897;2136;8;2025-02-25;0
5898;2737;14;2025-01-15;1
5899;1144;30;2025-01-30;0
5900;2272;4;2025-02-28;1
5901;152;25;2025-01-02;0
5902;1220;6;2025-02-13;1
5903;1238;5;2025-03-31;1
5904;1478;23;2025-03-20;1
5905;891;12;2025-01-26;0
5906;5;18;2025-04-08;0
5907;2674;19;2025-01-06;0
5908;2305;19;2025-04-06;0
5909;529;28;2025-02-18;0
5910;1908;21;2025-03-05;0
5911;2948;16;2025-01-08;0
5912;1169;25;2025-04-24;0
5913;934;10;2025-04-09;0
5914;1414;2;2025-02-20;0
5915;2167;5;2025-02-11;1
5916;438;19;2025-02-05;1
5917;2756;19;2025-03-05;0
5918;1743;16;2025-02-10;0
5919;309;1;2025-03-18;0
5920;2735;19;2025-02-16;1
5921;777;25;2025-01-05;0
5922;2560;28;2025-03-03;1
5923;1797;25;2025-04-13;1
5924;2104;18;2025-02-13;1
5925;2299;11;2025-02-10;0
5926;1122;14;2025-03-26;1
5927;1806;6;2025-04-22;0
5928;2215;17;2025-01-10;0
5929;188;4;2025-02-10;0
5930;1559;4;2025-03-15;0
5931;2260;26;2025-03-24;1
5932;1331;19;2025-04-13;0
5933;3086;28;2025-01-11;0
5934;2974;30;2025-03-05;1
5935;2936;10;2025-02-09;1
5936;1228;15;2025-03-11;0
5937;1859;27;2025-03-08;1
5938;2936;28;2025-02-25;1
5939;1816;8;2025-02-01;1
5940;3024;25;2025-03-19;1
5941;705;14;2025-03-07;1
5942;656;2;2025-03-08;0
5943;2095;23;2025-04-12;1
5944;2356;19;2025-02-08;0
5945;430;24;2025-03-27;1
5946;148;28;2025-01-02;0
5947;1884;19;2025-04-13;0
5948;614;15;2025-03-15;0
5949;2879;26;2025-04-07;0
5950;2628;14;2025-03-17;0
5951;2355;4;2025-04-01;1
5952;227;3;2025-04-23;0
5953;2916;12;2025-03-17;1
5954;2015;28;2025-03-29;1
5955;139;4;2025-04-01;0
5956;1482;23;2025-03-28;1
5957;311;24;2025-04-02;1
5958;2424;20;2025-04-24;0
5959;1745;30;2025-03-29;1
5960;2372;26;2025-01-02;0
5961;825;14;2025-02-01;0
5962;1220;6;2025-02-28;1
5963;1045;25;2025-04-05;0
5964;2398;15;2025-01-20;0
5965;1123;25;2025-04-07;1
5966;2284;21;2025-02-25;0
5967;3117;14;2025-03-26;0
5968;1210;1;2025-02-20;0
5969;955;28;2025-02-02;0
5970;1227;4;2025-03-08;1
5971;723;8;2025-04-13;1
5972;2355;20;2025-01-11;0
5973;2584;23;2025-04-02;1
5974;1463;19;2025-01-09;0
5975;1154;4;2025-01-22;0
5976;2761;21;2025-01-23;1
5977;2055;21;2025-03-27;1
5978;477;21;2025-04-07;0
5979;825;12;2025-04-26;0
5980;3037;24;2025-02-04;0
5981;1569;4;2025-04-05;0
5982;2979;18;2025-01-20;0
5983;333;8;2025-02-18;0
5984;1845;20;2025-04-06;0
5985;293;2;2025-03-10;0
5986;2630;8;2025-03-05;0
5987;3116;17;2025-02-17;0
5988;2847;17;2025-04-24;0
5989;1055;13;2025-04-25;1
5990;1186;5;2025-03-05;1
5991;144;26;2025-03-28;0
5992;1995;10;2025-01-28;0
5993;2716;16;2025-03-02;1
5994;528;12;2025-02-25;1
5995;1442;8;2025-02-17;1
5996;383;12;2025-01-21;0
5997;1642;29;2025-04-03;0
5998;907;27;2025-03-10;1
5999;2609;18;2025-01-05;0
6000;290;2;2025-03-21;0
6001;1924;25;2025-02-23;1
6002;2630;3;2025-03-17;0
6003;1294;24;2025-02-11;1
6004;1338;19;2025-01-31;0
6005;716;28;2025-04-04;0
6006;1372;17;2025-01-09;1
6007;729;26;2025-04-09;1
6008;881;19;2025-03-20;1
6009;1979;12;2025-02-22;1
6010;1161;10;2025-01-30;1
6011;3053;7;2025-01-10;0
6012;1597;2;2025-03-06;0
6013;2149;26;2025-01-31;1
6014;695;27;2025-01-15;0
6015;2365;17;2025-04-01;0
6016;661;2;2025-04-02;0
6017;1689;26;2025-03-04;1
6018;219;2;2025-04-01;1
6019;3056;30;2025-03-17;1
6020;1985;30;2025-01-12;1
6021;1490;6;2025-02-21;0
6022;1554;27;2025-02-21;0
6023;2344;1;2025-04-04;0
6024;2268;17;2025-03-17;0
6025;2744;21;2025-02-11;1
6026;2854;12;2025-04-23;0
6027;16;10;2025-02-26;1
6028;244;29;2025-04-16;1
6029;2169;11;2025-04-13;0
6030;1099;22;2025-01-29;1
6031;3025;17;2025-03-16;1
6032;607;23;2025-03-28;1
6033;1851;9;2025-03-03;1
6034;2859;29;2025-04-22;0
6035;13;26;2025-03-12;1
6036;1286;23;2025-04-05;0
6037;686;12;2025-04-21;0
6038;2962;6;2025-03-20;1
6039;1292;24;2025-01-25;1
6040;2718;29;2025-03-28;1
6041;459;6;2025-01-12;1
6042;467;28;2025-02-04;1
6043;1167;20;2025-02-17;1
6044;590;21;2025-03-17;1
6045;658;27;2025-01-06;1
6046;1432;22;2025-01-19;0
6047;367;5;2025-01-04;0
6048;2934;13;2025-01-21;1
6049;1137;25;2025-02-23;1
6050;2497;15;2025-02-25;1
6051;198;24;2025-01-19;1
6052;2684;4;2025-04-10;0
6053;1734;17;2025-01-02;1
6054;398;10;2025-01-24;1
6055;1146;29;2025-01-05;1
6056;1589;17;2025-01-07;1
6057;1082;4;2025-02-22;1
6058;473;19;2025-03-27;1
6059;587;25;2025-04-04;0
6060;222;22;2025-01-15;1
6061;469;18;2025-01-29;1
6062;461;8;2025-01-11;1
6063;2766;19;2025-04-14;0
6064;1359;22;2025-04-10;1
6065;2525;22;2025-04-01;0
6066;2668;16;2025-04-21;1
6067;1259;23;2025-03-01;0
6068;601;2;2025-01-17;0
6069;710;21;2025-01-08;0
6070;2612;22;2025-04-24;0
6071;2492;14;2025-01-01;1
6072;2961;13;2025-02-04;1
6073;513;1;2025-02-17;1
6074;2730;16;2025-03-27;1
6075;139;6;2025-04-09;1
6076;2796;7;2025-03-11;1
6077;647;29;2025-01-02;0
6078;1462;24;2025-03-17;0
6079;437;15;2025-04-02;1
6080;1892;3;2025-02-16;1
6081;303;4;2025-01-31;1
6082;767;30;2025-01-04;0
6083;2720;9;2025-04-20;1
6084;1131;11;2025-03-08;1
6085;1575;12;2025-04-21;1
6086;42;15;2025-03-31;1
6087;1407;12;2025-02-18;1
6088;2931;30;2025-04-23;0
6089;2477;18;2025-02-25;1
6090;873;15;2025-01-17;1
6091;1863;27;2025-02-28;0
6092;1301;6;2025-03-31;0
6093;193;6;2025-03-26;0
6094;432;10;2025-04-20;1
6095;2073;7;2025-01-15;0
6096;3064;3;2025-03-15;0
6097;307;29;2025-02-05;0
6098;2716;19;2025-01-08;1
6099;683;30;2025-04-06;1
6100;2370;8;2025-04-10;1
6101;2053;19;2025-01-03;1
6102;2838;3;2025-04-05;1
6103;1353;23;2025-01-21;1
6104;3085;1;2025-03-23;1
6105;2460;15;2025-03-26;1
6106;2241;24;2025-04-13;0
6107;2952;14;2025-01-28;1
6108;2132;5;2025-04-06;0
6109;25;25;2025-02-22;1
6110;2823;6;2025-01-31;0
6111;21;25;2025-01-12;0
6112;2129;22;2025-02-04;1
6113;1215;10;2025-01-13;1
6114;1811;30;2025-04-17;1
6115;2592;1;2025-03-23;1
6116;2143;12;2025-03-01;0
6117;1175;3;2025-04-14;0
6118;531;3;2025-02-28;0
6119;653;16;2025-02-18;1
6120;1142;7;2025-04-20;0
6121;2480;18;2025-01-31;0
6122;1639;24;2025-04-25;0
6123;3021;15;2025-02-20;1
6124;1901;4;2025-02-11;1
6125;234;3;2025-01-16;0
6126;1085;6;2025-03-03;1
6127;383;3;2025-02-16;1
6128;693;8;2025-03-04;0
6129;506;23;2025-02-21;0
6130;2831;5;2025-02-17;1
6131;334;23;2025-04-14;0
6132;1027;28;2025-02-02;1
6133;2448;3;2025-01-15;0
6134;2697;19;2025-03-27;1
6135;1380;27;2025-02-05;1
6136;2799;10;2025-03-13;0
6137;97;17;2025-03-25;1
6138;2476;19;2025-04-18;0
6139;1670;9;2025-01-27;1
6140;2288;17;2025-01-29;0
6141;3064;20;2025-01-27;0
6142;540;23;2025-01-18;1
6143;2514;4;2025-02-21;0
6144;2793;6;2025-03-01;1
6145;1113;2;2025-02-23;0
6146;2646;19;2025-02-27;1
6147;2083;8;2025-01-27;1
6148;1411;5;2025-02-16;1
6149;1301;15;2025-02-19;0
6150;1928;22;2025-03-15;1
6151;1258;3;2025-03-21;0
6152;2680;9;2025-02-13;1
6153;1187;1;2025-02-27;0
6154;2306;22;2025-04-16;0
6155;2755;4;2025-02-01;1
6156;1172;19;2025-03-05;0
6157;3022;21;2025-02-28;1
6158;3114;21;2025-02-27;0
6159;419;8;2025-04-03;0
6160;775;10;2025-01-31;0
6161;169;4;2025-04-09;0
6162;306;22;2025-01-10;0
6163;1216;8;2025-04-22;1
6164;1127;4;2025-02-10;1
6165;652;10;2025-04-05;1
6166;523;10;2025-02-10;0
6167;2957;2;2025-01-10;0
6168;1481;2;2025-01-20;1
6169;832;29;2025-01-02;0
6170;2697;28;2025-04-24;1
6171;2893;8;2025-03-25;1
6172;1328;27;2025-04-23;0
6173;288;2;2025-01-30;0
6174;771;18;2025-01-22;1
6175;605;10;2025-02-20;0
6176;2670;5;2025-04-03;0
6177;1194;23;2025-02-15;1
6178;1682;18;2025-03-02;1
6179;1851;10;2025-01-04;1
6180;2176;17;2025-04-06;0
6181;225;25;2025-04-19;0
6182;2514;23;2025-03-21;1
6183;1532;9;2025-01-05;1
6184;640;5;2025-01-19;1
6185;2497;30;2025-01-10;0
6186;508;7;2025-02-28;1
6187;1401;10;2025-01-04;0
6188;1698;4;2025-03-05;0
6189;1759;17;2025-03-22;0
6190;2577;15;2025-04-01;1
6191;3092;15;2025-02-28;0
6192;36;1;2025-04-19;0
6193;1577;29;2025-02-28;1
6194;662;6;2025-04-12;0
6195;1133;24;2025-01-07;1
6196;1197;6;2025-01-09;0
6197;910;8;2025-01-24;1
6198;2335;2;2025-04-16;1
6199;1612;24;2025-02-24;1
6200;1267;7;2025-01-16;1
6201;1796;1;2025-01-12;1
6202;2289;16;2025-01-05;0
6203;3098;15;2025-01-23;1
6204;1525;3;2025-03-12;1
6205;9;30;2025-02-21;1
6206;2730;5;2025-01-02;0
6207;1803;20;2025-03-18;1
6208;724;26;2025-01-31;1
6209;2975;3;2025-01-19;0
6210;568;27;2025-02-01;1
6211;1257;27;2025-02-10;1
6212;1232;5;2025-02-02;1
6213;2184;15;2025-03-17;1
6214;817;9;2025-03-01;0
6215;892;29;2025-04-09;0
6216;2874;25;2025-03-04;1
6217;960;15;2025-01-08;1
6218;839;4;2025-04-21;0
6219;2952;25;2025-03-26;0
6220;2032;30;2025-03-09;0
6221;1369;18;2025-03-28;0
6222;1272;24;2025-01-19;0
6223;1748;19;2025-03-08;1
6224;248;8;2025-02-10;1
6225;1495;9;2025-04-05;0
6226;2739;4;2025-01-04;0
6227;2189;6;2025-01-27;0
6228;895;13;2025-02-10;0
6229;1554;17;2025-03-24;1
6230;1280;13;2025-04-12;1
6231;2124;28;2025-02-13;1
6232;1118;18;2025-03-22;0
6233;2037;30;2025-04-01;0
6234;850;29;2025-02-28;0
6235;1124;3;2025-04-08;1
6236;1357;15;2025-03-31;0
6237;1130;19;2025-02-26;0
6238;595;4;2025-04-19;1
6239;26;4;2025-02-17;0
6240;2095;3;2025-04-15;0
6241;1715;27;2025-03-30;1
6242;2810;4;2025-02-27;0
6243;350;7;2025-02-02;1
6244;444;8;2025-04-21;1
6245;2588;13;2025-01-02;1
6246;2294;9;2025-03-27;0
6247;2346;27;2025-01-22;1
6248;426;30;2025-04-04;1
6249;142;25;2025-03-01;0
6250;1845;30;2025-03-18;0
6251;1496;4;2025-01-27;1
6252;279;28;2025-01-03;0
6253;1771;5;2025-04-17;0
6254;1936;1;2025-01-05;0
6255;773;28;2025-03-02;1
6256;2966;28;2025-04-04;1
6257;2699;6;2025-03-05;1
6258;855;30;2025-02-03;1
6259;36;28;2025-04-03;1
6260;1411;25;2025-02-21;1
6261;583;10;2025-02-04;0
6262;1877;26;2025-02-18;0
6263;2791;2;2025-02-13;0
6264;2329;1;2025-02-28;1
6265;2981;3;2025-03-03;0
6266;1869;11;2025-01-23;0
6267;780;25;2025-03-21;0
6268;953;15;2025-01-24;1
6269;438;18;2025-04-08;0
6270;1526;23;2025-04-12;1
6271;2471;27;2025-03-08;0
6272;2570;2;2025-03-03;0
6273;993;23;2025-01-31;0
6274;1593;21;2025-04-16;0
6275;53;2;2025-02-05;1
6276;1575;16;2025-01-05;1
6277;2511;18;2025-01-09;0
6278;869;16;2025-01-28;1
6279;668;7;2025-02-25;0
6280;2480;2;2025-03-23;0
6281;919;9;2025-04-04;1
6282;1659;1;2025-04-04;1
6283;1386;19;2025-04-15;1
6284;145;24;2025-03-23;0
6285;1476;29;2025-04-27;0
6286;8;5;2025-02-22;1
6287;758;12;2025-03-30;1
6288;2585;18;2025-03-12;1
6289;915;12;2025-03-18;0
6290;2933;2;2025-03-03;0
6291;433;28;2025-01-12;1
6292;1266;23;2025-01-08;0
6293;2701;25;2025-03-01;0
6294;2842;24;2025-03-18;0
6295;686;2;2025-01-04;1
6296;2693;1;2025-02-23;1
6297;1567;30;2025-03-29;0
6298;671;6;2025-02-11;0
6299;1110;3;2025-04-05;0
6300;1209;9;2025-01-29;1
6301;1925;21;2025-01-23;1
6302;365;2;2025-04-26;0
6303;2852;11;2025-03-23;0
6304;419;10;2025-03-09;0
6305;885;20;2025-01-11;1
6306;320;11;2025-01-21;0
6307;1388;12;2025-03-09;1
6308;882;28;2025-02-22;1
6309;683;23;2025-02-06;1
6310;490;15;2025-03-14;1
6311;1975;20;2025-02-28;0
6312;1434;28;2025-03-01;1
6313;2280;3;2025-03-22;1
6314;910;15;2025-04-08;1
6315;3074;11;2025-01-14;1
6316;815;30;2025-04-08;0
6317;1576;29;2025-03-01;0
6318;2530;6;2025-04-21;1
6319;169;9;2025-03-12;1
6320;669;13;2025-01-05;0
6321;2995;28;2025-02-20;1
6322;2318;10;2025-01-18;1
6323;914;4;2025-01-22;1
6324;1355;9;2025-03-18;0
6325;2971;13;2025-03-03;1
6326;597;27;2025-03-19;1
6327;1690;21;2025-02-13;1
6328;2956;22;2025-04-20;1
6329;2017;30;2025-03-21;0
6330;1997;4;2025-03-08;1
6331;398;6;2025-04-01;0
6332;359;21;2025-01-30;0
6333;2028;29;2025-04-08;1
6334;1594;14;2025-01-22;1
6335;122;14;2025-01-13;1
6336;1442;11;2025-03-23;0
6337;2258;7;2025-01-25;0
6338;952;16;2025-02-11;1
6339;1624;11;2025-01-14;1
6340;1681;10;2025-02-22;0
6341;2116;8;2025-04-19;1
6342;460;30;2025-04-01;1
6343;617;8;2025-01-16;0
6344;509;16;2025-01-30;1
6345;2024;17;2025-04-18;1
6346;2487;4;2025-01-19;1
6347;741;29;2025-01-12;1
6348;1708;6;2025-02-12;1
6349;1292;5;2025-02-16;1
6350;1362;20;2025-01-06;1
6351;67;22;2025-03-07;0
6352;904;13;2025-02-04;0
6353;1287;25;2025-04-09;1
6354;1039;24;2025-04-24;0
6355;2751;4;2025-01-14;1
6356;1807;21;2025-03-09;0
6357;3080;12;2025-03-02;0
6358;490;6;2025-02-08;0
6359;2930;17;2025-02-13;0
6360;787;26;2025-01-02;1
6361;1547;13;2025-02-28;0
6362;1304;17;2025-02-05;0
6363;61;3;2025-04-12;1
6364;2031;16;2025-01-20;0
6365;2802;11;2025-03-27;0
6366;3021;28;2025-03-29;1
6367;1561;6;2025-03-27;0
6368;461;2;2025-02-05;1
6369;1037;23;2025-03-19;0
6370;2759;13;2025-01-17;0
6371;41;24;2025-03-24;0
6372;1759;18;2025-03-12;0
6373;547;13;2025-02-22;0
6374;2033;6;2025-02-04;1
6375;216;23;2025-03-30;1
6376;978;3;2025-03-22;1
6377;2003;24;2025-01-10;0
6378;2043;19;2025-01-02;1
6379;820;20;2025-03-30;1
6380;941;28;2025-02-02;1
6381;1658;25;2025-03-18;1
6382;1147;16;2025-02-20;0
6383;2584;19;2025-03-30;1
6384;342;30;2025-03-07;1
6385;1236;4;2025-02-06;1
6386;1190;14;2025-01-28;0
6387;250;11;2025-01-16;0
6388;2875;12;2025-04-20;1
6389;1598;16;2025-03-19;1
6390;1799;10;2025-01-11;0
6391;2171;29;2025-01-10;0
6392;1430;6;2025-02-08;0
6393;47;3;2025-03-08;0
6394;2317;16;2025-01-07;1
6395;2896;5;2025-03-01;0
6396;861;15;2025-02-08;0
6397;304;27;2025-03-16;0
6398;3066;15;2025-02-23;1
6399;2387;30;2025-04-08;0
6400;1416;12;2025-01-26;0
6401;1005;27;2025-02-12;1
6402;2815;18;2025-01-22;1
6403;3112;4;2025-03-13;1
6404;1317;28;2025-03-31;0
6405;1567;6;2025-04-20;0
6406;1709;3;2025-01-04;0
6407;502;9;2025-04-27;1
6408;1725;10;2025-03-13;1
6409;2958;4;2025-03-10;1
6410;893;22;2025-01-20;0
6411;1193;26;2025-04-04;0
6412;1480;30;2025-04-10;0
6413;1905;12;2025-02-07;1
6414;406;15;2025-04-21;1
6415;1016;29;2025-01-21;1
6416;1730;26;2025-04-05;0
6417;2242;19;2025-01-08;0
6418;2944;23;2025-02-11;0
6419;1911;4;2025-03-28;0
6420;1889;27;2025-04-06;0
6421;435;15;2025-04-27;0
6422;1299;4;2025-02-07;0
6423;2141;8;2025-02-07;0
6424;355;6;2025-04-06;1
6425;2252;13;2025-02-25;0
6426;1772;12;2025-04-04;0
6427;1471;1;2025-03-13;1
6428;2276;5;2025-01-02;0
6429;89;27;2025-04-14;1
6430;481;16;2025-04-14;1
6431;1889;23;2025-01-03;0
6432;2588;23;2025-01-07;1
6433;1151;13;2025-01-04;1
6434;1568;26;2025-01-29;0
6435;961;23;2025-02-08;0
6436;2059;2;2025-02-07;1
6437;2704;9;2025-04-07;1
6438;2591;30;2025-04-21;0
6439;2882;27;2025-03-20;1
6440;1782;26;2025-01-21;1
6441;1674;5;2025-04-20;0
6442;1506;17;2025-01-08;1
6443;1638;1;2025-01-18;0
6444;2725;29;2025-04-27;0
6445;2019;17;2025-01-15;0
6446;1403;13;2025-02-06;0
6447;1456;26;2025-01-03;1
6448;1949;9;2025-03-30;1
6449;1599;13;2025-02-23;0
6450;2722;9;2025-03-29;1
6451;2949;10;2025-01-24;1
6452;254;3;2025-03-09;1
6453;2575;16;2025-03-22;0
6454;2320;11;2025-01-18;1
6455;471;26;2025-02-25;0
6456;1311;13;2025-01-03;1
6457;361;23;2025-03-25;1
6458;2943;2;2025-03-12;0
6459;1561;26;2025-01-21;0
6460;1986;14;2025-01-02;0
6461;1194;6;2025-04-26;1
6462;2588;8;2025-04-24;0
6463;1527;18;2025-04-24;0
6464;2962;7;2025-03-10;0
6465;1307;16;2025-02-22;1
6466;1458;2;2025-04-09;1
6467;2249;22;2025-02-22;1
6468;113;8;2025-04-10;1
6469;2098;8;2025-01-18;1
6470;1069;11;2025-02-13;0
6471;2515;2;2025-03-24;0
6472;348;30;2025-03-31;1
6473;2555;8;2025-01-25;1
6474;2530;13;2025-01-08;0
6475;894;4;2025-01-15;1
6476;2371;5;2025-02-24;1
6477;539;8;2025-01-05;1
6478;2422;27;2025-04-10;0
6479;2298;30;2025-01-29;0
6480;1884;20;2025-03-11;1
6481;2034;25;2025-02-13;0
6482;1799;18;2025-03-10;0
6483;1851;25;2025-01-11;1
6484;1679;17;2025-01-23;0
6485;78;23;2025-04-11;0
6486;1863;8;2025-01-13;0
6487;2084;5;2025-02-21;0
6488;2757;3;2025-01-05;0
6489;2345;12;2025-02-08;1
6490;1584;6;2025-02-18;0
6491;3072;27;2025-03-04;1
6492;154;13;2025-03-24;1
6493;896;1;2025-04-02;1
6494;164;30;2025-04-24;1
6495;1707;12;2025-03-23;1
6496;30;13;2025-01-24;0
6497;2324;8;2025-02-18;1
6498;2498;11;2025-04-09;0
6499;2244;28;2025-02-15;0
6500;213;28;2025-02-05;0
6501;2125;20;2025-03-22;0
6502;2788;8;2025-03-17;1
6503;1747;11;2025-02-17;1
6504;124;2;2025-04-24;1
6505;2443;6;2025-04-24;1
6506;2723;30;2025-01-05;1
6507;277;23;2025-03-23;0
6508;202;11;2025-01-14;0
6509;572;30;2025-02-08;0
6510;1759;14;2025-04-16;0
6511;2237;13;2025-03-15;0
6512;1155;6;2025-02-06;0
6513;1203;17;2025-02-05;1
6514;2866;25;2025-03-27;1
6515;2018;21;2025-02-28;1
6516;2294;5;2025-04-06;0
6517;1270;3;2025-03-13;0
6518;792;12;2025-03-08;0
6519;44;5;2025-01-21;1
6520;1580;18;2025-04-14;1
6521;2862;4;2025-04-14;1
6522;884;22;2025-01-28;1
6523;514;17;2025-02-08;0
6524;1037;24;2025-02-03;0
6525;1278;13;2025-02-17;0
6526;2740;19;2025-02-09;1
6527;445;12;2025-03-31;0
6528;2027;29;2025-04-01;1
6529;2527;2;2025-03-24;1
6530;1139;15;2025-03-13;0
6531;2693;30;2025-02-19;1
6532;109;7;2025-04-19;1
6533;1308;8;2025-02-04;0
6534;650;21;2025-03-19;1
6535;2506;14;2025-03-11;1
6536;2280;14;2025-03-17;1
6537;1119;4;2025-03-07;0
6538;594;4;2025-02-04;0
6539;945;21;2025-04-11;1
6540;2685;15;2025-01-28;0
6541;619;25;2025-04-19;0
6542;2600;2;2025-04-11;1
6543;2323;5;2025-03-27;0
6544;494;9;2025-01-15;1
6545;3105;4;2025-04-08;1
6546;719;26;2025-04-09;0
6547;785;23;2025-01-23;0
6548;2698;14;2025-03-04;1
6549;271;7;2025-03-26;0
6550;2177;9;2025-04-08;1
6551;880;18;2025-02-02;0
6552;890;23;2025-03-14;0
6553;3097;24;2025-01-02;0
6554;1315;24;2025-03-04;0
6555;373;15;2025-04-24;1
6556;1134;14;2025-01-02;1
6557;1573;24;2025-01-31;0
6558;2266;22;2025-04-12;0
6559;380;14;2025-04-26;0
6560;2382;24;2025-03-31;0
6561;1174;22;2025-01-01;0
6562;159;23;2025-01-23;1
6563;1403;1;2025-03-17;1
6564;1486;27;2025-01-06;1
6565;2722;21;2025-02-02;0
6566;907;18;2025-02-20;1
6567;777;10;2025-02-04;1
6568;1888;13;2025-04-25;0
6569;2843;15;2025-04-03;0
6570;1785;11;2025-02-09;1
6571;1096;10;2025-02-08;1
6572;2947;13;2025-01-22;1
6573;1858;16;2025-03-21;0
6574;1930;24;2025-02-11;1
6575;907;15;2025-02-15;0
6576;2358;22;2025-03-09;1
6577;452;12;2025-03-09;1
6578;1911;3;2025-01-08;0
6579;1907;24;2025-04-15;1
6580;812;16;2025-04-04;0
6581;2085;16;2025-02-25;1
6582;767;17;2025-04-15;0
6583;305;9;2025-01-02;1
6584;2561;22;2025-03-17;0
6585;1528;3;2025-01-02;0
6586;1485;20;2025-03-07;1
6587;2759;14;2025-01-21;0
6588;840;28;2025-02-19;0
6589;2759;5;2025-01-08;1
6590;563;1;2025-01-25;0
6591;3038;9;2025-04-24;1
6592;1451;7;2025-04-13;1
6593;3053;7;2025-04-05;1
6594;2319;4;2025-03-09;0
6595;159;7;2025-03-28;0
6596;1772;6;2025-01-12;0
6597;1419;17;2025-01-26;1
6598;1531;4;2025-04-12;1
6599;990;21;2025-03-14;1
6600;2247;7;2025-01-24;1
6601;3120;18;2025-02-09;1
6602;2388;15;2025-01-22;1
6603;2535;22;2025-01-29;0
6604;708;15;2025-02-10;1
6605;1707;26;2025-04-21;0
6606;887;19;2025-01-19;0
6607;1702;17;2025-03-14;0
6608;3037;20;2025-03-10;0
6609;1795;15;2025-02-25;1
6610;937;9;2025-03-07;0
6611;1313;10;2025-04-04;0
6612;1208;5;2025-03-20;0
6613;3018;28;2025-02-25;1
6614;592;13;2025-03-30;0
6615;2177;5;2025-03-20;1
6616;2429;9;2025-03-06;0
6617;1867;24;2025-04-25;0
6618;1902;12;2025-02-23;0
6619;2649;30;2025-02-28;1
6620;145;16;2025-01-08;1
6621;1885;12;2025-02-21;0
6622;102;2;2025-04-19;0
6623;1265;15;2025-02-01;1
6624;1771;21;2025-03-18;1
6625;786;18;2025-04-01;1
6626;2311;16;2025-01-24;1
6627;1793;12;2025-03-09;1
6628;1253;7;2025-01-21;1
6629;1527;11;2025-01-14;1
6630;564;6;2025-03-19;1
6631;1953;29;2025-03-30;1
6632;1912;4;2025-03-06;0
6633;834;18;2025-03-29;1
6634;1180;5;2025-01-02;0
6635;1197;1;2025-04-18;0
6636;690;19;2025-03-19;1
6637;2467;20;2025-02-06;1
6638;1102;4;2025-02-04;1
6639;648;12;2025-03-08;1
6640;2494;8;2025-03-11;1
6641;727;7;2025-01-09;0
6642;204;19;2025-04-07;1
6643;2079;10;2025-03-27;0
6644;294;9;2025-04-09;0
6645;102;6;2025-02-10;0
6646;2485;20;2025-01-16;0
6647;1774;26;2025-03-17;0
6648;524;17;2025-01-02;0
6649;294;10;2025-02-21;0
6650;881;19;2025-03-18;1
6651;2308;15;2025-03-25;1
6652;2285;5;2025-04-26;1
6653;2440;3;2025-02-09;0
6654;635;16;2025-02-14;1
6655;180;14;2025-03-14;0
6656;2300;5;2025-02-14;0
6657;1634;1;2025-01-20;1
6658;1350;7;2025-03-11;0
6659;1442;1;2025-01-06;0
6660;1605;14;2025-03-22;0
6661;273;9;2025-02-15;0
6662;3008;17;2025-03-25;0
6663;1467;16;2025-01-08;1
6664;2892;8;2025-02-06;0
6665;1710;7;2025-01-01;0
6666;2037;10;2025-04-10;1
6667;2439;10;2025-01-29;1
6668;1993;7;2025-04-06;1
6669;2744;29;2025-04-06;1
6670;2906;20;2025-02-11;1
6671;2963;7;2025-01-25;0
6672;799;29;2025-01-23;0
6673;2683;9;2025-03-22;0
6674;303;21;2025-01-18;0
6675;1345;14;2025-02-11;0
6676;608;25;2025-04-11;0
6677;2205;10;2025-01-16;1
6678;1358;20;2025-02-09;1
6679;2044;30;2025-01-10;0
6680;2557;15;2025-01-27;0
6681;2131;22;2025-03-11;1
6682;2336;28;2025-03-03;0
6683;720;22;2025-03-27;0
6684;2707;22;2025-02-02;1
6685;157;28;2025-01-30;0
6686;441;24;2025-01-01;1
6687;1762;30;2025-02-09;0
6688;2271;29;2025-03-22;0
6689;2772;4;2025-04-08;1
6690;1360;8;2025-02-12;1
6691;2984;13;2025-04-14;1
6692;1920;12;2025-01-07;1
6693;1432;12;2025-02-26;0
6694;1905;30;2025-01-06;0
6695;2115;7;2025-03-09;0
6696;1033;24;2025-02-20;1
6697;1251;18;2025-03-29;1
6698;1971;26;2025-02-25;1
6699;3077;10;2025-01-31;1
6700;2488;11;2025-02-10;0
6701;1235;2;2025-01-29;0
6702;2905;22;2025-02-08;1
6703;1637;30;2025-01-22;0
6704;2226;7;2025-02-04;1
6705;2212;24;2025-01-03;0
6706;1883;15;2025-01-14;0
6707;2653;15;2025-03-02;1
6708;1559;8;2025-04-02;1
6709;2236;1;2025-03-28;1
6710;186;21;2025-01-22;1
6711;2616;16;2025-04-20;0
6712;232;27;2025-04-17;0
6713;637;8;2025-01-02;1
6714;314;12;2025-03-11;0
6715;1084;12;2025-01-21;0
6716;2920;25;2025-04-02;1
6717;2646;28;2025-02-10;0
6718;957;21;2025-04-21;1
6719;1464;12;2025-02-13;0
6720;1930;27;2025-01-13;0
6721;1287;2;2025-01-09;1
6722;2431;4;2025-01-08;1
6723;1231;13;2025-01-29;1
6724;1292;13;2025-01-26;1
6725;979;27;2025-02-23;0
6726;2713;22;2025-02-08;0
6727;2116;24;2025-03-08;1
6728;1862;7;2025-04-11;0
6729;2353;28;2025-02-07;0
6730;2994;23;2025-04-06;0
6731;1544;21;2025-01-11;1
6732;148;15;2025-01-25;0
6733;993;7;2025-01-12;0
6734;1157;12;2025-04-08;0
6735;2134;13;2025-03-07;1
6736;1581;14;2025-01-27;0
6737;462;8;2025-01-08;0
6738;1109;12;2025-04-14;1
6739;764;19;2025-04-04;1
6740;2146;26;2025-03-30;0
6741;26;16;2025-01-30;0
6742;882;30;2025-04-11;1
6743;2896;27;2025-03-15;1
6744;558;28;2025-04-07;0
6745;3033;20;2025-04-12;0
6746;754;23;2025-01-28;0
6747;2246;20;2025-04-24;0
6748;1056;12;2025-02-10;0
6749;807;12;2025-04-16;0
6750;1042;5;2025-02-23;1
6751;81;1;2025-02-02;0
6752;1236;16;2025-04-04;1
6753;2512;17;2025-03-19;1
6754;2255;26;2025-04-26;1
6755;2598;5;2025-04-19;1
6756;97;18;2025-01-03;1
6757;1205;30;2025-02-09;1
6758;1177;4;2025-04-11;0
6759;856;16;2025-01-15;0
6760;2556;14;2025-02-27;0
6761;1653;7;2025-04-27;0
6762;1048;20;2025-04-25;0
6763;825;30;2025-02-07;0
6764;1739;15;2025-03-06;0
6765;61;13;2025-04-16;1
6766;2343;17;2025-03-22;0
6767;2735;24;2025-02-20;0
6768;183;24;2025-02-20;1
6769;1677;7;2025-04-15;1
6770;1052;5;2025-01-05;1
6771;1843;3;2025-03-15;1
6772;2158;25;2025-01-18;0
6773;953;17;2025-02-23;0
6774;183;27;2025-01-30;0
6775;956;25;2025-01-02;1
6776;1025;2;2025-02-02;0
6777;1974;21;2025-03-28;1
6778;371;16;2025-01-30;1
6779;2808;21;2025-04-20;0
6780;2913;4;2025-03-14;0
6781;2129;16;2025-03-04;0
6782;1903;11;2025-03-12;0
6783;1667;2;2025-03-24;0
6784;2931;24;2025-04-26;1
6785;936;27;2025-02-23;1
6786;1559;23;2025-02-13;0
6787;770;19;2025-03-29;0
6788;387;9;2025-03-04;0
6789;1221;20;2025-03-19;0
6790;248;28;2025-01-01;0
6791;745;17;2025-01-29;0
6792;1347;28;2025-03-08;1
6793;1095;10;2025-04-12;1
6794;682;23;2025-03-27;0
6795;2497;15;2025-04-22;1
6796;2574;3;2025-02-19;0
6797;2330;27;2025-02-15;0
6798;2750;19;2025-02-15;0
6799;1801;12;2025-03-30;0
6800;2775;10;2025-04-06;0
6801;2070;5;2025-01-04;0
6802;2266;3;2025-03-14;1
6803;2526;11;2025-02-21;0
6804;751;13;2025-03-30;0
6805;425;12;2025-02-17;0
6806;1781;23;2025-02-23;0
6807;1863;21;2025-02-15;0
6808;1756;26;2025-04-10;0
6809;2659;1;2025-04-11;1
6810;783;18;2025-02-24;1
6811;2198;29;2025-01-27;0
6812;1331;8;2025-03-25;0
6813;2349;19;2025-04-01;0
6814;1414;4;2025-01-24;0
6815;1257;18;2025-01-29;0
6816;389;17;2025-03-13;1
6817;581;16;2025-04-18;1
6818;1297;16;2025-02-26;0
6819;1543;16;2025-03-19;1
6820;2091;3;2025-03-27;0
6821;1230;18;2025-01-05;1
6822;195;9;2025-01-08;0
6823;198;19;2025-01-18;1
6824;2513;20;2025-01-30;1
6825;2208;23;2025-02-07;0
6826;3107;7;2025-03-25;1
6827;2446;22;2025-04-19;0
6828;1482;17;2025-01-25;1
6829;2062;21;2025-03-16;1
6830;920;27;2025-02-17;0
6831;1219;20;2025-03-17;1
6832;2357;9;2025-02-28;0
6833;2172;7;2025-04-13;0
6834;2818;27;2025-03-04;0
6835;708;23;2025-04-24;1
6836;2228;12;2025-01-21;1
6837;1069;30;2025-02-04;0
6838;260;25;2025-04-12;1
6839;2679;8;2025-01-25;0
6840;97;4;2025-03-04;1
6841;1848;21;2025-03-30;0
6842;1015;26;2025-02-19;0
6843;842;30;2025-04-04;0
6844;3081;12;2025-04-20;0
6845;1113;7;2025-01-23;1
6846;414;9;2025-02-22;0
6847;204;3;2025-01-16;0
6848;940;14;2025-03-17;0
6849;579;4;2025-03-29;0
6850;1044;24;2025-02-12;1
6851;1159;12;2025-01-19;1
6852;1563;10;2025-01-23;1
6853;2979;21;2025-03-29;0
6854;695;19;2025-01-26;1
6855;1624;29;2025-02-25;0
6856;2906;22;2025-02-05;0
6857;2399;17;2025-01-28;0
6858;2156;17;2025-03-10;1
6859;2324;1;2025-02-06;1
6860;1619;19;2025-03-04;1
6861;1438;2;2025-02-05;1
6862;403;23;2025-03-17;1
6863;2681;14;2025-01-16;1
6864;2126;20;2025-01-19;1
6865;2324;8;2025-02-06;1
6866;1276;10;2025-03-06;1
6867;227;24;2025-01-31;0
6868;1869;14;2025-03-28;0
6869;1186;13;2025-01-24;1
6870;2070;1;2025-01-25;1
6871;372;15;2025-02-10;0
6872;2305;19;2025-01-08;0
6873;3073;3;2025-03-04;1
6874;948;17;2025-02-16;0
6875;1802;11;2025-02-20;1
6876;987;29;2025-04-03;1
6877;1719;1;2025-02-25;0
6878;2630;12;2025-01-05;0
6879;1187;5;2025-04-20;1
6880;875;19;2025-02-26;0
6881;1549;13;2025-01-01;0
6882;1058;7;2025-02-23;0
6883;2788;23;2025-01-14;0
6884;1144;23;2025-03-05;0
6885;697;12;2025-02-03;1
6886;141;22;2025-03-19;0
6887;410;28;2025-03-06;0
6888;252;11;2025-02-24;0
6889;1094;28;2025-02-05;1
6890;1229;13;2025-03-13;1
6891;2329;11;2025-04-12;1
6892;3038;15;2025-04-19;1
6893;2285;16;2025-01-05;0
6894;1301;1;2025-04-27;1
6895;2990;2;2025-03-31;0
6896;1143;15;2025-04-08;1
6897;2411;2;2025-04-19;0
6898;356;29;2025-04-26;0
6899;1042;23;2025-03-01;1
6900;2367;9;2025-04-23;1
6901;868;18;2025-04-04;0
6902;2555;10;2025-01-09;1
6903;2202;3;2025-04-11;0
6904;1812;17;2025-02-03;1
6905;2844;10;2025-04-13;1
6906;181;29;2025-03-22;0
6907;2910;12;2025-01-01;1
6908;391;22;2025-04-17;0
6909;1127;17;2025-01-02;1
6910;550;2;2025-03-01;0
6911;1900;19;2025-03-12;1
6912;1352;1;2025-02-06;0
6913;2150;13;2025-01-29;0
6914;1752;6;2025-04-15;0
6915;2351;27;2025-04-25;1
6916;2579;4;2025-02-20;0
6917;2095;5;2025-01-27;1
6918;2800;29;2025-01-17;1
6919;2905;7;2025-01-24;0
6920;2594;3;2025-02-15;0
6921;920;20;2025-03-25;0
6922;885;30;2025-01-17;0
6923;402;7;2025-01-03;0
6924;767;23;2025-02-23;1
6925;780;9;2025-02-12;0
6926;1422;17;2025-04-08;1
6927;1289;14;2025-02-17;0
6928;709;25;2025-01-31;0
6929;2104;7;2025-01-15;1
6930;2293;25;2025-01-15;0
6931;2701;25;2025-04-09;0
6932;2378;22;2025-03-11;1
6933;2111;6;2025-04-25;0
6934;3112;30;2025-02-10;1
6935;2224;7;2025-04-12;0
6936;2594;6;2025-03-03;0
6937;725;7;2025-02-06;0
6938;2220;27;2025-01-03;0
6939;2053;11;2025-01-30;0
6940;2891;2;2025-03-15;1
6941;1370;10;2025-01-29;1
6942;2663;20;2025-03-18;1
6943;2058;14;2025-02-08;1
6944;209;23;2025-03-12;0
6945;1518;3;2025-04-27;1
6946;748;30;2025-01-25;0
6947;235;19;2025-04-13;1
6948;1069;10;2025-03-31;0
6949;1226;12;2025-04-24;0
6950;2683;16;2025-03-15;1
6951;1018;9;2025-04-08;1
6952;2309;8;2025-01-12;1
6953;1377;4;2025-04-24;0
6954;2185;26;2025-04-18;0
6955;439;21;2025-02-20;0
6956;990;11;2025-01-01;0
6957;1688;24;2025-01-13;0
6958;856;29;2025-03-27;1
6959;2782;6;2025-01-19;0
6960;514;25;2025-04-11;1
6961;2854;25;2025-04-08;1
6962;345;30;2025-04-07;1
6963;2260;24;2025-01-09;1
6964;2668;7;2025-03-30;0
6965;1671;22;2025-03-01;0
6966;861;21;2025-02-13;0
6967;2269;19;2025-03-07;1
6968;2170;22;2025-03-06;1
6969;2953;15;2025-03-02;0
6970;1622;17;2025-02-02;1
6971;2964;23;2025-03-17;1
6972;1873;28;2025-04-14;1
6973;2254;4;2025-04-25;0
6974;1867;27;2025-03-08;0
6975;1540;4;2025-03-13;0
6976;2766;6;2025-02-13;1
6977;2773;14;2025-04-19;1
6978;1070;9;2025-01-04;0
6979;2201;27;2025-01-11;1
6980;2443;18;2025-03-16;0
6981;861;24;2025-02-06;1
6982;391;27;2025-01-09;1
6983;2201;13;2025-04-09;0
6984;2687;21;2025-01-25;0
6985;1217;21;2025-03-11;0
6986;1804;19;2025-04-08;1
6987;2787;20;2025-01-10;1
6988;1001;22;2025-01-13;0
6989;76;5;2025-04-17;1
6990;1612;12;2025-01-07;0
6991;1135;5;2025-01-28;1
6992;2006;7;2025-01-21;1
6993;2291;4;2025-01-18;1
6994;1787;11;2025-04-24;0
6995;1392;4;2025-01-13;1
6996;1817;6;2025-02-25;0
6997;2490;14;2025-01-04;0
6998;2242;16;2025-03-07;0
6999;2403;9;2025-01-22;1
7000;127;16;2025-01-15;1
7001;2014;28;2025-04-13;0
7002;1916;20;2025-02-22;0
7003;857;14;2025-03-24;1
7004;2031;9;2025-02-11;0
7005;1716;17;2025-01-16;0
7006;845;2;2025-03-25;1
7007;2897;23;2025-02-07;1
7008;2560;29;2025-03-07;1
7009;2332;8;2025-03-28;0
7010;2271;26;2025-02-21;0
7011;2336;20;2025-03-15;1
7012;2198;5;2025-02-23;1
7013;53;7;2025-01-22;0
7014;997;2;2025-03-14;1
7015;63;30;2025-01-24;0
7016;1279;20;2025-01-10;1
7017;1238;26;2025-01-22;1
7018;1015;9;2025-04-12;1
7019;588;11;2025-02-21;0
7020;1506;3;2025-04-26;0
7021;881;16;2025-03-25;0
7022;1076;8;2025-04-09;0
7023;2998;26;2025-04-03;1
7024;1656;18;2025-03-20;1
7025;2828;26;2025-02-04;0
7026;2298;11;2025-03-19;1
7027;1026;7;2025-01-19;0
7028;1619;7;2025-02-18;0
7029;2020;14;2025-01-12;0
7030;2235;29;2025-01-25;1
7031;326;5;2025-04-07;1
7032;235;5;2025-01-12;0
7033;1027;8;2025-03-09;0
7034;33;26;2025-04-14;1
7035;280;20;2025-03-12;1
7036;2400;8;2025-03-13;1
7037;3;5;2025-01-30;0
7038;150;7;2025-03-26;1
7039;902;6;2025-02-22;0
7040;822;28;2025-02-22;1
7041;1574;16;2025-02-17;1
7042;1901;9;2025-02-07;0
7043;1308;17;2025-04-20;0
7044;1200;22;2025-01-13;0
7045;269;6;2025-04-20;1
7046;2924;2;2025-03-26;1
7047;1298;30;2025-03-07;0
7048;2948;5;2025-01-31;1
7049;2276;13;2025-02-28;1
7050;2474;3;2025-01-06;1
7051;1426;27;2025-04-13;0
7052;1142;20;2025-04-19;0
7053;2148;6;2025-01-02;0
7054;2840;13;2025-02-10;1
7055;2132;24;2025-03-11;0
7056;2013;29;2025-01-04;0
7057;2762;22;2025-02-09;1
7058;1968;19;2025-03-11;1
7059;590;24;2025-01-28;0
7060;2368;6;2025-01-11;1
7061;811;19;2025-02-04;0
7062;2681;8;2025-01-18;0
7063;2583;26;2025-03-20;1
7064;202;12;2025-03-16;0
7065;2837;12;2025-01-03;0
7066;2766;26;2025-04-24;1
7067;2632;24;2025-01-15;0
7068;651;7;2025-04-25;0
7069;2143;2;2025-02-21;0
7070;301;23;2025-02-26;1
7071;1911;20;2025-03-30;0
7072;3115;16;2025-01-13;1
7073;1433;19;2025-01-30;0
7074;1331;9;2025-04-21;1
7075;1129;7;2025-02-14;1
7076;181;1;2025-01-26;0
7077;2836;2;2025-02-25;0
7078;2733;6;2025-04-15;1
7079;1873;20;2025-01-16;1
7080;992;5;2025-04-17;1
7081;883;6;2025-03-04;0
7082;3104;17;2025-02-02;1
7083;2851;6;2025-01-04;1
7084;1212;3;2025-02-12;0
7085;252;14;2025-04-20;0
7086;2094;16;2025-03-13;1
7087;1381;28;2025-04-19;0
7088;1040;18;2025-03-28;0
7089;2004;21;2025-02-05;0
7090;3028;3;2025-02-21;1
7091;658;28;2025-04-14;1
7092;350;21;2025-02-03;1
7093;763;13;2025-01-25;0
7094;2723;28;2025-03-16;1
7095;63;7;2025-02-11;1
7096;1347;20;2025-02-13;1
7097;2209;26;2025-04-24;0
7098;638;16;2025-01-03;0
7099;1664;9;2025-04-18;1
7100;729;10;2025-01-26;1
7101;2639;23;2025-02-13;1
7102;2788;28;2025-02-19;0
7103;2465;22;2025-01-20;0
7104;1905;30;2025-02-02;0
7105;1095;30;2025-04-03;0
7106;2762;6;2025-03-27;0
7107;1645;15;2025-03-21;1
7108;2204;7;2025-02-28;1
7109;186;23;2025-04-22;0
7110;2535;12;2025-01-07;0
7111;963;23;2025-01-07;1
7112;491;19;2025-04-02;1
7113;2888;24;2025-04-14;1
7114;2608;26;2025-01-05;0
7115;1039;14;2025-03-07;1
7116;21;18;2025-01-08;1
7117;2369;29;2025-04-03;0
7118;413;25;2025-03-31;0
7119;1044;8;2025-04-10;0
7120;2749;28;2025-03-09;0
7121;673;14;2025-01-25;0
7122;2160;18;2025-03-03;0
7123;2141;9;2025-01-16;0
7124;50;30;2025-04-04;0
7125;415;18;2025-01-13;1
7126;1046;8;2025-04-26;0
7127;1231;3;2025-03-31;1
7128;470;24;2025-03-04;1
7129;97;4;2025-02-15;1
7130;1617;9;2025-03-22;1
7131;1127;8;2025-01-11;1
7132;649;10;2025-01-25;1
7133;2082;14;2025-02-24;0
7134;1862;15;2025-03-13;1
7135;1863;15;2025-03-06;1
7136;2005;9;2025-01-04;0
7137;2459;8;2025-01-28;0
7138;1720;19;2025-02-16;1
7139;2498;22;2025-04-14;1
7140;2617;16;2025-04-26;0
7141;2012;5;2025-04-13;0
7142;2851;11;2025-04-01;1
7143;2119;28;2025-02-25;1
7144;2034;9;2025-02-24;1
7145;2318;26;2025-02-06;0
7146;231;4;2025-03-29;1
7147;2285;5;2025-01-08;0
7148;1611;20;2025-03-31;0
7149;390;22;2025-03-13;1
7150;2530;16;2025-03-04;1
7151;2556;13;2025-04-01;1
7152;1851;7;2025-02-18;1
7153;2337;28;2025-04-15;1
7154;1688;25;2025-02-04;1
7155;2714;22;2025-01-11;0
7156;2929;12;2025-01-29;1
7157;1872;21;2025-03-30;0
7158;2912;13;2025-02-17;1
7159;1110;16;2025-01-03;0
7160;2514;16;2025-01-03;0
7161;1417;9;2025-02-14;1
7162;1698;10;2025-01-21;0
7163;1207;14;2025-01-19;1
7164;242;7;2025-01-29;0
7165;1814;6;2025-03-30;0
7166;955;12;2025-04-22;0
7167;1870;15;2025-02-18;1
7168;2504;24;2025-04-22;1
7169;499;30;2025-02-28;1
7170;1749;30;2025-01-02;1
7171;1165;10;2025-03-23;0
7172;191;6;2025-03-03;1
7173;2605;7;2025-04-12;0
7174;212;19;2025-01-07;1
7175;1036;5;2025-03-01;1
7176;333;14;2025-04-12;0
7177;2325;1;2025-01-25;0
7178;665;14;2025-02-19;1
7179;1319;14;2025-03-26;0
7180;3011;6;2025-03-09;0
7181;122;12;2025-01-11;0
7182;1293;23;2025-01-22;0
7183;3043;7;2025-03-20;0
7184;2302;26;2025-02-21;0
7185;1867;8;2025-04-19;0
7186;6;16;2025-01-24;1
7187;584;17;2025-02-05;0
7188;1487;2;2025-01-20;1
7189;2052;1;2025-02-18;0
7190;1579;11;2025-01-31;1
7191;1216;16;2025-02-19;0
7192;2554;6;2025-02-19;1
7193;2891;22;2025-01-14;0
7194;20;24;2025-03-12;0
7195;215;12;2025-01-17;1
7196;462;17;2025-02-08;1
7197;2247;18;2025-04-15;0
7198;2293;3;2025-04-24;0
7199;2036;17;2025-03-16;0
7200;473;15;2025-02-08;0
7201;387;20;2025-02-12;0
7202;2901;3;2025-04-19;1
7203;968;21;2025-02-19;0
7204;3087;9;2025-01-08;0
7205;3088;4;2025-03-17;1
7206;604;30;2025-04-04;0
7207;2490;11;2025-04-20;0
7208;2384;30;2025-02-19;0
7209;1792;22;2025-03-15;0
7210;545;14;2025-03-12;1
7211;1883;15;2025-01-12;1
7212;2886;8;2025-03-04;0
7213;2333;28;2025-04-17;1
7214;1887;23;2025-01-17;0
7215;1915;24;2025-04-01;0
7216;2655;30;2025-02-03;0
7217;1923;4;2025-01-07;1
7218;2687;28;2025-03-20;1
7219;1563;13;2025-04-11;1
7220;2441;2;2025-01-16;0
7221;796;14;2025-03-14;1
7222;1256;10;2025-01-05;1
7223;2781;23;2025-01-19;1
7224;2405;5;2025-04-20;1
7225;2128;16;2025-04-15;0
7226;2380;12;2025-02-13;0
7227;1258;3;2025-03-28;0
7228;1318;12;2025-01-29;0
7229;944;24;2025-04-27;0
7230;1798;3;2025-03-17;1
7231;1808;9;2025-01-14;1
7232;2706;14;2025-04-04;1
7233;722;26;2025-02-15;1
7234;1437;4;2025-01-04;1
7235;1631;1;2025-04-21;0
7236;218;14;2025-01-01;1
7237;2988;1;2025-03-13;1
7238;3075;13;2025-03-22;0
7239;2709;25;2025-04-15;0
7240;1413;17;2025-04-26;0
7241;3021;7;2025-03-27;1
7242;966;10;2025-04-12;0
7243;2133;12;2025-03-07;1
7244;1560;2;2025-02-28;1
7245;1076;6;2025-03-12;0
7246;1792;21;2025-02-12;0
7247;604;27;2025-01-06;0
7248;572;23;2025-01-03;0
7249;1187;4;2025-01-15;0
7250;1529;24;2025-01-15;0
7251;954;16;2025-01-08;0
7252;1905;25;2025-02-21;0
7253;2461;26;2025-02-06;1
7254;2473;25;2025-01-29;0
7255;1134;6;2025-01-17;0
7256;1712;21;2025-02-08;0
7257;2577;7;2025-04-14;1
7258;1578;12;2025-03-06;0
7259;2617;12;2025-01-05;0
7260;1416;6;2025-03-09;0
7261;615;30;2025-01-06;1
7262;921;8;2025-03-14;1
7263;2149;11;2025-03-23;0
7264;1628;22;2025-02-18;1
7265;2962;4;2025-03-11;0
7266;989;23;2025-04-02;0
7267;1174;27;2025-04-20;1
7268;1729;4;2025-04-26;1
7269;1413;2;2025-03-30;0
7270;1671;21;2025-02-25;1
7271;1672;12;2025-02-04;1
7272;2956;7;2025-04-17;1
7273;902;6;2025-04-15;1
7274;2025;21;2025-01-06;1
7275;2174;26;2025-02-17;0
7276;1176;28;2025-04-08;1
7277;3035;29;2025-03-30;1
7278;2088;29;2025-01-21;1
7279;1618;13;2025-01-19;1
7280;2867;3;2025-01-20;0
7281;834;25;2025-02-04;1
7282;1764;4;2025-02-06;0
7283;1981;22;2025-02-04;1
7284;1855;24;2025-02-12;1
7285;1219;23;2025-02-04;0
7286;397;25;2025-02-20;0
7287;1440;30;2025-01-23;0
7288;2166;13;2025-02-28;0
7289;496;29;2025-01-23;1
7290;2644;2;2025-01-31;1
7291;1567;4;2025-03-31;0
7292;2003;19;2025-01-26;0
7293;2350;2;2025-02-27;1
7294;1732;3;2025-02-15;0
7295;2528;7;2025-02-24;0
7296;1570;22;2025-02-01;0
7297;2645;15;2025-03-02;0
7298;1610;7;2025-03-14;0
7299;2760;29;2025-01-08;1
7300;872;3;2025-01-16;0
7301;318;7;2025-03-12;1
7302;2936;13;2025-01-22;1
7303;2923;20;2025-04-27;0
7304;1166;23;2025-01-19;1
7305;2919;26;2025-02-08;0
7306;2212;14;2025-01-22;0
7307;1620;19;2025-02-24;0
7308;2584;27;2025-01-20;1
7309;1572;7;2025-01-08;1
7310;204;6;2025-03-23;0
7311;2853;17;2025-01-25;0
7312;657;3;2025-03-06;0
7313;3007;29;2025-04-14;1
7314;754;8;2025-02-16;1
7315;393;2;2025-04-21;1
7316;2162;16;2025-03-12;1
7317;2445;27;2025-01-17;1
7318;805;19;2025-03-18;1
7319;2382;26;2025-02-27;0
7320;568;27;2025-02-03;0
7321;1294;30;2025-03-19;1
7322;1736;18;2025-01-07;1
7323;1690;11;2025-01-17;0
7324;792;4;2025-02-22;0
7325;2641;9;2025-03-07;1
7326;2015;25;2025-02-27;1
7327;1661;15;2025-03-14;1
7328;2706;5;2025-02-28;0
7329;1775;6;2025-01-08;0
7330;2907;15;2025-04-13;1
7331;1604;22;2025-03-09;0
7332;1384;1;2025-01-11;1
7333;1219;21;2025-02-09;0
7334;2711;25;2025-04-02;0
7335;2824;3;2025-02-05;0
7336;2943;27;2025-04-19;1
7337;2222;9;2025-02-06;1
7338;1677;7;2025-01-24;0
7339;2379;9;2025-03-17;0
7340;526;22;2025-01-06;1
7341;914;25;2025-03-17;0
7342;3117;4;2025-01-08;1
7343;322;2;2025-04-04;1
7344;2659;12;2025-02-17;0
7345;2155;11;2025-04-18;0
7346;2487;20;2025-03-23;1
7347;1679;15;2025-01-11;1
7348;241;27;2025-01-03;0
7349;1891;28;2025-04-27;0
7350;2226;13;2025-02-11;1
7351;3102;16;2025-01-03;1
7352;982;21;2025-01-16;0
7353;55;13;2025-02-13;0
7354;762;1;2025-02-09;0
7355;1312;26;2025-03-24;0
7356;1313;18;2025-01-16;1
7357;1101;15;2025-02-24;0
7358;287;17;2025-01-26;1
7359;426;15;2025-03-26;0
7360;1624;1;2025-02-06;0
7361;148;19;2025-02-08;0
7362;1819;2;2025-01-17;1
7363;842;22;2025-01-22;0
7364;1439;27;2025-01-02;0
7365;702;17;2025-04-08;0
7366;237;17;2025-03-22;0
7367;642;3;2025-04-13;0
7368;3100;30;2025-01-08;1
7369;2778;23;2025-02-18;1
7370;2007;26;2025-03-19;0
7371;1194;11;2025-03-19;1
7372;2491;4;2025-01-12;0
7373;1404;15;2025-02-23;0
7374;2394;19;2025-03-10;0
7375;43;15;2025-01-03;1
7376;1583;2;2025-03-01;1
7377;540;13;2025-02-24;1
7378;2858;14;2025-01-11;1
7379;2375;15;2025-04-13;0
7380;490;13;2025-04-12;0
7381;2871;20;2025-01-04;0
7382;2813;15;2025-02-12;1
7383;1970;2;2025-03-15;0
7384;607;12;2025-01-14;1
7385;1460;14;2025-01-11;1
7386;1;9;2025-02-28;0
7387;1170;5;2025-01-18;0
7388;2939;23;2025-01-02;1
7389;1789;2;2025-01-07;1
7390;1129;17;2025-01-09;1
7391;2960;19;2025-01-29;0
7392;41;6;2025-02-17;1
7393;871;8;2025-02-16;0
7394;291;17;2025-02-22;1
7395;1198;23;2025-03-02;0
7396;600;21;2025-03-01;1
7397;1247;20;2025-03-30;1
7398;2478;9;2025-01-02;0
7399;1713;15;2025-04-23;0
7400;2673;15;2025-04-12;1
7401;3019;20;2025-02-06;0
7402;1121;5;2025-02-16;0
7403;1516;18;2025-03-10;0
7404;1602;26;2025-04-22;0
7405;2437;29;2025-01-21;0
7406;210;17;2025-04-19;0
7407;2662;7;2025-03-20;0
7408;1207;15;2025-04-13;0
7409;1624;6;2025-02-01;0
7410;994;15;2025-01-26;1
7411;563;8;2025-03-09;0
7412;1102;22;2025-03-13;1
7413;1721;29;2025-01-06;1
7414;2679;20;2025-02-21;1
7415;3000;18;2025-03-20;0
7416;3053;5;2025-02-26;0
7417;1364;21;2025-03-22;0
7418;2271;28;2025-04-09;1
7419;551;2;2025-01-10;1
7420;182;20;2025-04-15;1
7421;1462;18;2025-02-01;1
7422;113;24;2025-01-09;0
7423;3121;19;2025-01-08;1
7424;2985;20;2025-04-14;0
7425;2135;27;2025-04-20;0
7426;1588;14;2025-02-24;1
7427;645;13;2025-01-16;1
7428;1181;27;2025-02-06;0
7429;2527;19;2025-01-26;1
7430;891;26;2025-03-17;0
7431;2738;16;2025-01-22;0
7432;5;22;2025-03-13;0
7433;2157;28;2025-02-20;0
7434;167;26;2025-03-06;0
7435;908;15;2025-01-30;1
7436;1165;20;2025-01-10;1
7437;566;19;2025-03-22;0
7438;574;16;2025-02-19;1
7439;2087;12;2025-04-15;1
7440;362;11;2025-01-28;0
7441;180;23;2025-04-16;1
7442;1345;18;2025-02-03;0
7443;1540;29;2025-02-06;1
7444;1491;29;2025-03-06;0
7445;1479;28;2025-04-25;1
7446;3097;24;2025-04-12;0
7447;872;8;2025-02-10;1
7448;3018;2;2025-03-24;0
7449;2478;28;2025-03-26;0
7450;734;16;2025-03-26;0
7451;1542;22;2025-02-02;1
7452;763;29;2025-04-13;0
7453;3036;6;2025-01-23;0
7454;577;19;2025-04-06;0
7455;1606;6;2025-04-21;0
7456;114;22;2025-02-10;0
7457;2756;21;2025-02-05;1
7458;2349;24;2025-02-10;0
7459;1189;28;2025-04-03;0
7460;759;10;2025-02-09;0
7461;2163;5;2025-04-22;0
7462;1198;11;2025-03-06;0
7463;481;7;2025-03-27;1
7464;609;15;2025-01-14;1
7465;669;6;2025-02-14;1
7466;1369;14;2025-04-02;1
7467;1557;12;2025-02-12;0
7468;1866;27;2025-02-03;1
7469;889;18;2025-02-25;1
7470;2722;8;2025-01-27;1
7471;2847;19;2025-03-26;0
7472;2219;1;2025-01-28;1
7473;413;23;2025-01-07;0
7474;1571;18;2025-02-25;1
7475;2190;14;2025-03-27;0
7476;2559;14;2025-01-02;1
7477;1001;24;2025-03-14;0
7478;2331;3;2025-03-17;0
7479;627;12;2025-02-28;1
7480;944;26;2025-03-26;0
7481;1550;20;2025-03-04;0
7482;311;17;2025-04-03;1
7483;1741;22;2025-02-07;0
7484;2502;26;2025-01-09;1
7485;2380;10;2025-02-21;0
7486;2453;18;2025-03-10;1
7487;2311;5;2025-03-21;0
7488;2163;28;2025-02-08;1
7489;1489;19;2025-02-04;0
7490;539;9;2025-04-14;1
7491;2833;27;2025-02-03;1
7492;748;10;2025-03-16;0
7493;1329;24;2025-04-15;1
7494;2834;23;2025-01-18;0
7495;2315;27;2025-02-28;1
7496;1354;15;2025-01-01;1
7497;160;9;2025-01-11;0
7498;1140;16;2025-01-31;0
7499;846;28;2025-02-01;0
7500;369;29;2025-03-09;1
7501;863;21;2025-04-09;0
7502;62;16;2025-03-28;0
7503;828;19;2025-02-13;1
7504;512;3;2025-01-27;0
7505;1224;21;2025-03-02;1
7506;1972;11;2025-04-22;0
7507;120;30;2025-01-15;1
7508;361;27;2025-01-20;0
7509;2430;13;2025-03-03;1
7510;778;15;2025-03-31;1
7511;2217;6;2025-04-19;1
7512;1841;30;2025-04-03;1
7513;3081;23;2025-01-24;0
7514;1442;27;2025-04-21;0
7515;1477;11;2025-01-27;1
7516;1390;24;2025-03-11;1
7517;2716;16;2025-01-01;0
7518;2464;5;2025-04-19;1
7519;3098;3;2025-04-02;0
7520;1585;19;2025-04-23;1
7521;1728;24;2025-04-20;1
7522;1746;15;2025-01-26;0
7523;2506;1;2025-03-25;1
7524;28;20;2025-03-09;0
7525;1134;1;2025-04-03;1
7526;2331;13;2025-04-10;1
7527;3052;27;2025-03-14;1
7528;231;17;2025-03-07;1
7529;2908;24;2025-01-15;1
7530;1198;6;2025-03-24;1
7531;2903;7;2025-02-08;1
7532;621;13;2025-03-14;1
7533;1980;28;2025-04-13;1
7534;3067;2;2025-02-17;1
7535;348;25;2025-01-18;0
7536;2961;12;2025-04-03;0
7537;62;25;2025-04-04;0
7538;1238;18;2025-01-02;1
7539;2002;13;2025-01-21;0
7540;2464;5;2025-04-12;1
7541;568;1;2025-03-18;0
7542;1552;30;2025-03-19;0
7543;859;22;2025-01-13;1
7544;1446;14;2025-02-18;0
7545;2818;27;2025-01-31;0
7546;1385;7;2025-01-10;0
7547;325;13;2025-03-30;1
7548;2620;22;2025-03-30;1
7549;3089;4;2025-01-08;1
7550;2846;21;2025-03-02;1
7551;2598;25;2025-03-29;0
7552;483;4;2025-03-10;0
7553;1496;30;2025-03-04;1
7554;1742;3;2025-01-21;1
7555;1435;21;2025-02-09;1
7556;2967;10;2025-04-23;1
7557;1737;29;2025-04-13;1
7558;1430;26;2025-02-17;0
7559;162;5;2025-03-03;0
7560;2870;18;2025-03-07;1
7561;2836;13;2025-02-24;0
7562;1447;7;2025-04-18;0
7563;629;2;2025-01-27;0
7564;61;8;2025-03-10;0
7565;2560;21;2025-01-02;1
7566;6;21;2025-03-13;1
7567;2514;22;2025-02-07;1
7568;2541;27;2025-04-26;0
7569;2372;22;2025-03-01;1
7570;1784;29;2025-01-17;1
7571;617;3;2025-04-02;0
7572;495;3;2025-04-08;1
7573;73;27;2025-01-21;0
7574;1505;8;2025-03-21;1
7575;1270;25;2025-04-06;0
7576;218;25;2025-01-28;0
7577;2112;1;2025-02-01;1
7578;738;20;2025-02-23;0
7579;836;5;2025-01-08;1
7580;2737;23;2025-04-05;0
7581;1911;11;2025-02-02;1
7582;1773;13;2025-02-01;1
7583;2233;30;2025-04-08;0
7584;1795;4;2025-04-25;1
7585;1240;25;2025-01-25;0
7586;549;26;2025-01-04;0
7587;2773;7;2025-04-16;1
7588;899;9;2025-03-10;1
7589;703;19;2025-01-16;1
7590;212;16;2025-02-21;0
7591;276;22;2025-02-02;0
7592;2967;9;2025-03-11;1
7593;355;2;2025-01-15;1
7594;233;12;2025-02-28;1
7595;961;4;2025-03-04;1
7596;456;21;2025-03-21;1
7597;2895;4;2025-02-09;1
7598;2699;30;2025-03-31;0
7599;1184;30;2025-03-11;1
7600;1705;9;2025-02-10;0
7601;1802;23;2025-02-19;0
7602;204;26;2025-03-18;1
7603;171;30;2025-03-11;1
7604;548;4;2025-03-30;1
7605;2308;28;2025-02-08;1
7606;2429;9;2025-04-06;0
7607;308;12;2025-03-17;0
7608;2263;14;2025-03-07;1
7609;418;14;2025-04-18;1
7610;2370;17;2025-03-04;1
7611;2959;27;2025-03-14;1
7612;349;4;2025-03-25;1
7613;1720;1;2025-01-10;1
7614;885;6;2025-03-07;1
7615;757;10;2025-02-17;0
7616;1732;15;2025-01-01;1
7617;382;11;2025-02-13;1
7618;996;17;2025-02-28;0
7619;900;18;2025-03-10;0
7620;160;22;2025-01-22;0
7621;1432;14;2025-01-23;0
7622;437;9;2025-03-29;1
7623;181;10;2025-02-13;1
7624;2998;10;2025-04-10;0
7625;529;9;2025-02-18;1
7626;545;22;2025-02-11;0
7627;198;20;2025-01-11;1
7628;429;2;2025-03-01;1
7629;1879;19;2025-01-15;1
7630;2304;14;2025-01-15;0
7631;2130;19;2025-04-17;0
7632;715;11;2025-02-13;0
7633;1402;22;2025-04-24;1
7634;1874;25;2025-03-14;1
7635;2833;29;2025-03-08;1
7636;2771;16;2025-03-16;0
7637;603;10;2025-02-04;0
7638;915;2;2025-03-24;0
7639;1487;13;2025-01-08;0
7640;2913;3;2025-04-12;0
7641;1580;17;2025-01-07;1
7642;2190;18;2025-02-06;0
7643;1668;7;2025-02-17;1
7644;273;25;2025-02-03;1
7645;2261;11;2025-03-27;0
7646;925;8;2025-01-20;1
7647;2033;22;2025-03-16;1
7648;2294;25;2025-02-17;0
7649;804;30;2025-01-24;1
7650;2212;15;2025-03-31;0
7651;2990;4;2025-01-21;0
7652;2091;21;2025-02-14;1
7653;2846;10;2025-03-20;1
7654;2366;25;2025-04-08;0
7655;2984;18;2025-01-27;0
7656;1323;2;2025-02-21;0
7657;15;7;2025-02-02;1
7658;623;21;2025-01-10;1
7659;140;14;2025-01-10;0
7660;2834;24;2025-03-02;0
7661;766;4;2025-01-07;1
7662;1355;12;2025-02-09;1
7663;736;12;2025-03-27;1
7664;442;17;2025-04-08;0
7665;2452;27;2025-03-25;0
7666;2361;20;2025-01-22;0
7667;773;14;2025-04-20;1
7668;454;28;2025-02-08;1
7669;1410;20;2025-02-08;0
7670;2442;4;2025-03-09;0
7671;2204;29;2025-03-24;0
7672;2419;6;2025-01-24;0
7673;2952;14;2025-02-03;1
7674;2855;15;2025-03-13;1
7675;1210;17;2025-03-07;1
7676;953;22;2025-04-24;1
7677;1146;5;2025-04-02;1
7678;1163;10;2025-02-18;1
7679;2988;8;2025-02-25;0
7680;2602;16;2025-01-11;1
7681;1382;2;2025-01-25;0
7682;797;20;2025-02-02;1
7683;2845;13;2025-01-02;0
7684;911;24;2025-02-10;0
7685;2586;23;2025-04-26;0
7686;2520;12;2025-03-03;0
7687;2869;18;2025-02-18;0
7688;930;22;2025-01-22;0
7689;3003;16;2025-02-10;1
7690;2401;26;2025-01-04;1
7691;2005;20;2025-01-16;0
7692;1272;16;2025-02-03;1
7693;1941;15;2025-01-08;1
7694;2990;7;2025-03-19;0
7695;527;22;2025-02-05;0
7696;7;27;2025-04-09;1
7697;297;11;2025-04-01;0
7698;787;16;2025-01-26;1
7699;2196;21;2025-02-10;1
7700;831;17;2025-03-02;0
7701;1552;8;2025-01-02;0
7702;2853;22;2025-02-01;0
7703;2528;24;2025-03-31;1
7704;1843;13;2025-01-22;0
7705;677;13;2025-01-09;0
7706;2013;29;2025-02-01;1
7707;848;27;2025-01-25;0
7708;983;6;2025-01-10;0
7709;1727;28;2025-01-02;1
7710;2333;4;2025-01-29;1
7711;1996;20;2025-01-06;1
7712;2721;16;2025-04-12;1
7713;788;9;2025-01-17;1
7714;205;24;2025-01-09;0
7715;1098;8;2025-03-23;1
7716;2871;24;2025-04-15;1
7717;2174;13;2025-04-07;0
7718;205;21;2025-04-21;1
7719;1849;30;2025-03-14;0
7720;1303;12;2025-03-16;1
7721;1907;1;2025-02-28;0
7722;335;8;2025-02-25;0
7723;1575;27;2025-03-01;0
7724;2723;3;2025-04-02;0
7725;405;24;2025-03-22;1
7726;2002;27;2025-01-12;1
7727;2495;26;2025-04-16;1
7728;2484;30;2025-03-29;0
7729;769;22;2025-02-11;1
7730;1856;1;2025-03-30;0
7731;2412;30;2025-03-07;1
7732;1514;14;2025-01-03;0
7733;2976;10;2025-04-16;1
7734;1291;7;2025-01-02;0
7735;715;12;2025-03-24;1
7736;2908;14;2025-02-24;1
7737;679;9;2025-01-08;1
7738;885;13;2025-03-28;1
7739;2033;12;2025-04-25;1
7740;2486;7;2025-03-01;1
7741;1644;6;2025-03-10;1
7742;1814;12;2025-03-08;0
7743;982;2;2025-03-24;1
7744;218;26;2025-02-04;0
7745;3090;12;2025-04-02;1
7746;341;8;2025-04-19;0
7747;1248;28;2025-04-08;0
7748;2739;24;2025-02-23;1
7749;1422;22;2025-04-07;1
7750;24;21;2025-03-11;0
7751;2712;17;2025-03-03;1
7752;237;27;2025-03-15;0
7753;2798;10;2025-01-11;0
7754;291;20;2025-01-04;0
7755;2699;19;2025-04-07;0
7756;1492;14;2025-03-22;1
7757;1306;15;2025-01-19;0
7758;61;19;2025-03-23;0
7759;2417;22;2025-01-10;1
7760;1231;9;2025-04-27;1
7761;2442;3;2025-01-16;1
7762;1044;22;2025-02-01;1
7763;3097;16;2025-04-04;0
7764;1693;6;2025-02-13;1
7765;168;13;2025-03-21;1
7766;2131;24;2025-03-07;0
7767;859;14;2025-04-24;0
7768;1116;7;2025-02-13;0
7769;2722;29;2025-01-26;1
7770;1295;14;2025-04-19;1
7771;1473;11;2025-02-15;0
7772;841;11;2025-01-27;0
7773;2427;19;2025-01-03;1
7774;846;9;2025-03-30;1
7775;2289;16;2025-02-23;1
7776;380;8;2025-04-09;0
7777;2770;23;2025-02-19;1
7778;858;5;2025-03-26;0
7779;3079;10;2025-04-12;0
7780;1128;1;2025-04-10;1
7781;1048;15;2025-03-28;1
7782;417;27;2025-02-15;1
7783;283;14;2025-01-11;0
7784;805;29;2025-02-10;0
7785;513;24;2025-03-17;0
7786;2103;20;2025-03-21;1
7787;1893;3;2025-01-23;0
7788;111;19;2025-01-04;0
7789;141;14;2025-03-09;0
7790;645;21;2025-04-06;0
7791;2477;2;2025-03-07;1
7792;1460;4;2025-03-12;1
7793;3029;18;2025-01-24;0
7794;2646;22;2025-01-14;1
7795;230;18;2025-03-29;1
7796;1312;20;2025-04-27;1
7797;962;13;2025-02-06;0
7798;1516;11;2025-01-14;0
7799;914;3;2025-03-11;0
7800;1920;20;2025-01-16;0
7801;1559;22;2025-01-13;1
7802;483;16;2025-01-25;1
7803;2156;19;2025-04-20;0
7804;1139;15;2025-02-04;1
7805;1360;9;2025-01-09;0
7806;613;6;2025-04-01;0
7807;541;13;2025-03-19;0
7808;2178;18;2025-01-02;1
7809;994;27;2025-01-10;0
7810;2533;27;2025-04-27;0
7811;684;19;2025-01-22;0
7812;583;6;2025-02-08;1
7813;2044;15;2025-04-24;1
7814;1079;10;2025-04-24;1
7815;1934;27;2025-03-15;1
7816;1227;3;2025-03-28;1
7817;2814;29;2025-01-18;0
7818;1062;28;2025-04-06;0
7819;1679;4;2025-02-20;0
7820;966;12;2025-02-23;1
7821;1346;4;2025-02-10;0
7822;535;21;2025-03-02;1
7823;1761;6;2025-04-06;0
7824;2866;22;2025-03-30;0
7825;1760;26;2025-03-14;1
7826;2525;3;2025-02-05;0
7827;1479;30;2025-01-08;1
7828;2083;26;2025-01-28;0
7829;672;12;2025-03-20;1
7830;3119;9;2025-03-22;0
7831;2533;8;2025-04-10;0
7832;2673;11;2025-02-17;0
7833;1063;18;2025-02-01;0
7834;342;26;2025-04-11;1
7835;561;11;2025-03-14;1
7836;2696;26;2025-04-05;0
7837;1778;17;2025-02-07;1
7838;1438;4;2025-01-29;0
7839;260;9;2025-02-14;0
7840;1394;14;2025-04-03;1
7841;1004;22;2025-03-09;0
7842;1943;22;2025-01-26;0
7843;388;17;2025-01-24;1
7844;1006;21;2025-03-03;1
7845;2886;5;2025-04-14;1
7846;2665;21;2025-01-22;1
7847;2945;8;2025-01-10;1
7848;608;12;2025-04-14;0
7849;1117;2;2025-01-17;1
7850;704;24;2025-02-06;1
7851;521;13;2025-01-10;0
7852;681;29;2025-04-21;1
7853;418;16;2025-02-27;1
7854;2135;26;2025-01-05;1
7855;1668;30;2025-04-01;1
7856;2568;1;2025-03-01;1
7857;527;26;2025-04-21;0
7858;569;20;2025-02-01;0
7859;518;12;2025-02-17;1
7860;2493;21;2025-02-10;1
7861;210;24;2025-04-19;0
7862;1128;9;2025-04-25;1
7863;1463;27;2025-04-05;0
7864;620;18;2025-02-26;0
7865;1194;25;2025-03-27;0
7866;2393;3;2025-02-20;1
7867;1031;29;2025-02-20;1
7868;2838;5;2025-02-12;0
7869;246;23;2025-01-28;0
7870;1386;28;2025-02-23;1
7871;1101;16;2025-03-15;1
7872;1814;27;2025-03-03;1
7873;355;11;2025-02-24;0
7874;2078;1;2025-03-26;0
7875;1816;9;2025-02-12;0
7876;232;8;2025-03-04;1
7877;3041;29;2025-03-05;0
7878;1705;1;2025-04-16;1
7879;3113;4;2025-03-26;1
7880;2361;14;2025-02-19;1
7881;2443;16;2025-01-21;1
7882;1682;3;2025-03-27;1
7883;2318;26;2025-03-03;0
7884;1918;11;2025-01-02;1
7885;51;24;2025-02-28;0
7886;881;19;2025-02-09;1
7887;2705;9;2025-04-26;0
7888;2033;18;2025-01-09;0
7889;1192;27;2025-01-09;1
7890;141;26;2025-03-27;1
7891;940;22;2025-01-17;0
7892;411;3;2025-02-09;0
7893;596;28;2025-03-04;0
7894;7;13;2025-01-19;0
7895;2514;17;2025-04-14;0
7896;2592;20;2025-02-03;0
7897;1868;5;2025-03-05;0
7898;2309;28;2025-04-25;0
7899;2822;12;2025-04-24;0
7900;714;14;2025-04-07;0
7901;486;5;2025-02-18;0
7902;2219;30;2025-01-02;1
7903;2060;27;2025-02-23;1
7904;2925;12;2025-03-30;1
7905;334;9;2025-03-11;1
7906;1853;10;2025-03-21;0
7907;97;11;2025-02-16;1
7908;2073;12;2025-03-20;1
7909;856;21;2025-02-03;0
7910;216;4;2025-03-09;0
7911;1057;24;2025-02-12;1
7912;605;4;2025-03-25;1
7913;814;21;2025-02-11;0
7914;2310;21;2025-02-14;1
7915;1301;12;2025-02-22;0
7916;1493;30;2025-04-03;0
7917;179;14;2025-02-08;0
7918;3015;2;2025-01-10;0
7919;625;30;2025-01-06;1
7920;1187;4;2025-01-26;1
7921;1156;18;2025-03-07;1
7922;42;25;2025-03-27;0
7923;324;27;2025-04-12;1
7924;2525;30;2025-01-20;1
7925;1134;30;2025-02-28;1
7926;1306;8;2025-02-12;0
7927;1527;1;2025-04-23;1
7928;1249;26;2025-03-23;1
7929;2001;1;2025-03-12;1
7930;1199;6;2025-03-26;0
7931;2150;19;2025-02-12;0
7932;537;4;2025-02-01;0
7933;156;7;2025-03-20;0
7934;2555;3;2025-01-18;0
7935;118;23;2025-03-26;0
7936;2139;1;2025-01-20;0
7937;3083;18;2025-04-25;1
7938;645;20;2025-01-18;0
7939;1918;22;2025-04-19;1
7940;1339;8;2025-01-02;0
7941;132;24;2025-02-12;0
7942;2394;27;2025-04-08;1
7943;1659;5;2025-02-13;0
7944;2378;29;2025-03-07;1
7945;2565;14;2025-03-05;0
7946;549;29;2025-01-18;1
7947;2835;23;2025-02-25;1
7948;1851;17;2025-04-01;1
7949;2350;28;2025-02-22;0
7950;2893;27;2025-02-26;1
7951;1560;9;2025-02-08;0
7952;2541;3;2025-01-27;1
7953;729;18;2025-01-30;0
7954;1771;16;2025-02-27;0
7955;33;8;2025-01-09;1
7956;1343;11;2025-01-04;0
7957;366;11;2025-01-21;1
7958;131;3;2025-03-13;0
7959;2224;8;2025-04-23;0
7960;2866;24;2025-02-15;1
7961;2044;15;2025-03-30;1
7962;105;22;2025-02-23;0
7963;949;4;2025-01-26;0
7964;2239;9;2025-02-23;0
7965;2973;1;2025-02-23;1
7966;2186;1;2025-02-22;0
7967;1892;17;2025-01-18;0
7968;844;1;2025-03-14;0
7969;446;19;2025-01-06;1
7970;1298;4;2025-03-04;0
7971;654;5;2025-04-19;0
7972;517;16;2025-02-21;0
7973;166;23;2025-03-26;1
7974;1990;1;2025-03-14;1
7975;3099;13;2025-01-21;1
7976;3107;18;2025-01-08;1
7977;2952;12;2025-01-21;0
7978;809;7;2025-04-12;0
7979;3034;9;2025-01-31;0
7980;3097;24;2025-01-21;1
7981;2306;17;2025-01-05;0
7982;837;18;2025-03-19;0
7983;2707;21;2025-04-05;1
7984;2887;24;2025-02-20;0
7985;16;29;2025-02-01;0
7986;1367;21;2025-01-07;0
7987;1779;15;2025-03-30;0
7988;1698;17;2025-01-30;1
7989;2728;25;2025-03-30;1
7990;1238;21;2025-02-20;1
7991;1055;22;2025-01-19;0
7992;377;10;2025-04-06;0
7993;1849;17;2025-04-23;0
7994;2386;22;2025-04-17;1
7995;645;10;2025-02-07;0
7996;3025;15;2025-03-22;1
7997;2318;21;2025-03-15;0
7998;805;23;2025-02-22;1
7999;1631;23;2025-04-04;1
8000;1582;16;2025-01-25;0
8001;499;16;2025-04-11;1
8002;581;17;2025-02-26;1
8003;1965;18;2025-01-29;1
8004;2974;19;2025-03-28;0
8005;1556;18;2025-03-03;0
8006;2790;8;2025-01-15;1
8007;649;6;2025-01-27;0
8008;238;5;2025-03-30;0
8009;2587;30;2025-04-17;1
8010;713;27;2025-04-16;1
8011;901;17;2025-02-18;0
8012;1941;5;2025-04-06;1
8013;1457;19;2025-04-17;0
8014;719;26;2025-02-18;0
8015;279;5;2025-04-07;0
8016;1294;22;2025-03-30;1
8017;1836;23;2025-04-03;1
8018;1465;26;2025-03-18;1
8019;113;7;2025-04-13;1
8020;39;25;2025-04-24;0
8021;866;24;2025-02-17;1
8022;147;23;2025-03-03;1
8023;62;29;2025-04-24;1
8024;3009;22;2025-01-03;0
8025;1239;22;2025-01-03;1
8026;2681;6;2025-02-09;0
8027;1634;8;2025-01-27;0
8028;2551;16;2025-02-20;0
8029;735;26;2025-04-14;0
8030;1277;30;2025-04-23;0
8031;388;1;2025-01-25;1
8032;1333;13;2025-04-05;0
8033;1713;9;2025-04-23;1
8034;2443;5;2025-04-04;1
8035;2847;18;2025-04-09;1
8036;2229;13;2025-04-25;1
8037;540;27;2025-04-27;0
8038;1623;7;2025-03-20;0
8039;3042;27;2025-04-21;0
8040;1282;24;2025-04-04;1
8041;1186;27;2025-01-03;1
8042;1030;7;2025-02-11;1
8043;3003;28;2025-03-19;0
8044;2208;12;2025-01-29;1
8045;2723;28;2025-01-16;0
8046;1145;25;2025-01-23;1
8047;1390;3;2025-04-04;0
8048;614;15;2025-04-06;0
8049;2642;29;2025-02-13;1
8050;1377;7;2025-03-26;1
8051;645;27;2025-04-08;0
8052;2687;19;2025-03-21;0
8053;41;30;2025-04-04;0
8054;1079;1;2025-01-29;1
8055;1289;26;2025-03-13;0
8056;926;10;2025-01-18;1
8057;1683;7;2025-04-03;1
8058;2702;4;2025-01-05;1
8059;1622;26;2025-01-03;0
8060;761;6;2025-04-26;0
8061;1978;4;2025-02-22;1
8062;1349;20;2025-04-21;0
8063;1798;15;2025-04-11;0
8064;2154;9;2025-04-01;0
8065;2583;22;2025-01-13;0
8066;2855;1;2025-03-22;1
8067;2576;19;2025-02-26;0
8068;2342;10;2025-04-11;0
8069;222;11;2025-01-13;0
8070;434;6;2025-02-11;1
8071;1729;5;2025-01-06;1
8072;2185;9;2025-01-18;1
8073;2508;16;2025-01-08;1
8074;1646;7;2025-03-13;1
8075;2953;8;2025-02-13;0
8076;2358;5;2025-01-22;1
8077;948;22;2025-03-09;0
8078;670;7;2025-04-24;1
8079;81;29;2025-02-18;0
8080;2564;18;2025-02-04;0
8081;1602;29;2025-03-18;0
8082;2952;29;2025-02-08;0
8083;1623;15;2025-01-23;0
8084;1345;18;2025-01-01;0
8085;2924;23;2025-01-07;0
8086;1855;24;2025-04-05;1
8087;871;3;2025-01-27;1
8088;1198;25;2025-04-02;0
8089;2962;9;2025-03-21;0
8090;1652;15;2025-01-31;1
8091;1253;14;2025-03-21;1
8092;2428;8;2025-04-22;1
8093;2778;3;2025-03-12;0
8094;2681;15;2025-04-17;0
8095;765;22;2025-01-10;0
8096;381;7;2025-01-26;1
8097;621;17;2025-03-05;0
8098;734;27;2025-04-19;1
8099;2338;11;2025-03-14;1
8100;2412;19;2025-01-17;1
8101;2902;1;2025-03-11;0
8102;84;19;2025-04-09;1
8103;2231;22;2025-04-21;0
8104;138;26;2025-01-10;0
8105;2068;25;2025-03-25;0
8106;2413;2;2025-04-19;0
8107;622;21;2025-03-19;1
8108;1434;7;2025-02-02;1
8109;1644;24;2025-04-04;1
8110;2501;25;2025-01-08;1
8111;351;10;2025-03-04;1
8112;2234;12;2025-02-20;0
8113;2181;1;2025-02-08;0
8114;3021;2;2025-02-14;0
8115;76;28;2025-02-14;1
8116;2818;18;2025-04-16;0
8117;1958;27;2025-04-25;0
8118;1539;6;2025-04-18;1
8119;670;11;2025-04-01;0
8120;279;10;2025-04-24;0
8121;2388;8;2025-02-06;1
8122;3039;14;2025-03-21;1
8123;1320;5;2025-01-04;0
8124;646;1;2025-03-01;1
8125;1507;28;2025-02-18;0
8126;1700;25;2025-01-17;0
8127;2195;23;2025-04-06;0
8128;2685;25;2025-04-19;1
8129;7;8;2025-01-11;0
8130;577;8;2025-03-07;0
8131;1781;11;2025-01-17;1
8132;2694;26;2025-03-12;0
8133;789;5;2025-04-18;0
8134;2187;29;2025-02-08;1
8135;412;7;2025-04-04;0
8136;2752;10;2025-03-29;1
8137;230;24;2025-04-23;1
8138;2184;4;2025-04-08;0
8139;2445;17;2025-03-05;0
8140;258;1;2025-01-12;1
8141;1867;18;2025-03-05;1
8142;1163;19;2025-02-09;0
8143;1677;30;2025-01-16;0
8144;1747;21;2025-04-05;1
8145;2877;19;2025-04-02;0
8146;2185;25;2025-02-11;0
8147;1479;30;2025-02-16;1
8148;562;14;2025-02-14;1
8149;1159;9;2025-03-03;1
8150;2364;23;2025-03-03;1
8151;2412;20;2025-03-18;0
8152;1039;19;2025-03-10;0
8153;127;29;2025-02-23;1
8154;1050;23;2025-03-18;1
8155;2357;14;2025-02-28;1
8156;864;20;2025-04-05;0
8157;631;4;2025-02-18;0
8158;2518;20;2025-02-18;0
8159;2564;14;2025-01-12;1
8160;1595;4;2025-01-10;1
8161;234;20;2025-01-24;0
8162;1162;20;2025-01-09;1
8163;1333;19;2025-04-01;0
8164;2383;20;2025-02-02;0
8165;2864;18;2025-03-03;0
8166;1944;23;2025-03-27;0
8167;2121;4;2025-01-25;0
8168;2578;20;2025-01-19;1
8169;3036;18;2025-02-08;0
8170;2800;7;2025-03-17;1
8171;2792;4;2025-01-16;1
8172;425;23;2025-03-07;0
8173;245;18;2025-03-14;1
8174;217;19;2025-01-29;0
8175;1247;21;2025-01-31;1
8176;1808;9;2025-04-05;0
8177;697;11;2025-02-07;0
8178;772;29;2025-01-05;1
8179;2516;29;2025-03-29;1
8180;508;15;2025-01-05;0
8181;929;12;2025-02-06;0
8182;1783;11;2025-03-24;1
8183;298;8;2025-01-26;1
8184;1393;30;2025-01-17;0
8185;2189;7;2025-01-14;0
8186;2537;22;2025-04-18;0
8187;2491;12;2025-04-16;0
8188;2650;23;2025-03-18;0
8189;783;12;2025-03-12;1
8190;2867;5;2025-01-16;0
8191;164;29;2025-04-16;1
8192;712;2;2025-03-15;0
8193;570;30;2025-03-16;1
8194;2229;28;2025-03-02;1
8195;734;5;2025-01-16;0
8196;2960;7;2025-01-12;1
8197;1814;12;2025-02-25;0
8198;629;28;2025-03-07;1
8199;223;20;2025-04-24;1
8200;2661;25;2025-03-16;1
8201;2918;29;2025-04-16;1
8202;1705;11;2025-02-25;1
8203;1650;20;2025-03-16;0
8204;2703;26;2025-04-26;0
8205;2206;14;2025-01-13;0
8206;18;7;2025-02-07;1
8207;2775;5;2025-01-01;0
8208;1648;8;2025-03-19;0
8209;305;3;2025-02-15;0
8210;1123;15;2025-02-08;0
8211;1544;24;2025-04-05;0
8212;585;25;2025-03-17;0
8213;1286;24;2025-04-19;1
8214;2452;29;2025-03-18;0
8215;1673;7;2025-01-19;0
8216;1389;14;2025-04-10;0
8217;689;15;2025-03-05;1
8218;2973;25;2025-04-03;0
8219;2815;11;2025-03-04;0
8220;145;4;2025-01-24;0
8221;725;2;2025-03-17;1
8222;576;24;2025-02-16;1
8223;2605;1;2025-04-01;1
8224;1066;28;2025-01-02;1
8225;1601;25;2025-01-28;0
8226;2213;2;2025-03-10;1
8227;151;13;2025-03-05;0
8228;1282;10;2025-02-11;0
8229;2736;14;2025-04-13;0
8230;800;5;2025-02-19;0
8231;588;22;2025-02-16;0
8232;2723;1;2025-01-16;1
8233;479;28;2025-04-24;0
8234;1944;25;2025-03-08;0
8235;487;22;2025-03-21;0
8236;689;9;2025-03-09;1
8237;994;30;2025-01-02;0
8238;315;22;2025-01-19;0
8239;296;1;2025-03-03;0
8240;1887;6;2025-01-30;0
8241;1114;15;2025-01-19;0
8242;825;14;2025-04-21;0
8243;251;19;2025-03-14;1
8244;120;4;2025-03-27;0
8245;1378;20;2025-01-28;1
8246;2262;20;2025-01-01;1
8247;1595;19;2025-04-09;1
8248;142;6;2025-04-17;1
8249;1493;29;2025-02-19;0
8250;936;3;2025-03-14;0
8251;1392;20;2025-02-14;1
8252;2319;8;2025-01-27;0
8253;2361;26;2025-01-06;0
8254;716;6;2025-04-10;1
8255;205;6;2025-03-30;0
8256;399;8;2025-03-04;1
8257;2324;29;2025-01-11;0
8258;1534;17;2025-02-18;0
8259;1681;5;2025-04-05;0
8260;1031;28;2025-02-07;1
8261;613;4;2025-01-24;1
8262;2069;23;2025-02-18;0
8263;225;20;2025-03-06;0
8264;689;13;2025-01-25;1
8265;22;17;2025-02-25;0
8266;1332;10;2025-04-15;0
8267;2250;7;2025-01-16;1
8268;730;4;2025-04-02;0
8269;2832;12;2025-03-03;0
8270;777;20;2025-03-17;1
8271;141;19;2025-01-13;1
8272;2123;28;2025-01-24;0
8273;2584;28;2025-03-05;1
8274;337;14;2025-04-15;0
8275;1805;15;2025-04-14;0
8276;1846;7;2025-01-03;1
8277;1772;5;2025-02-03;0
8278;986;16;2025-01-05;0
8279;1559;16;2025-03-28;0
8280;1147;21;2025-03-31;1
8281;2349;13;2025-04-27;0
8282;1254;18;2025-04-18;0
8283;1975;18;2025-01-25;1
8284;1434;1;2025-03-02;0
8285;2650;17;2025-04-04;1
8286;397;27;2025-02-20;1
8287;144;20;2025-02-17;0
8288;1150;21;2025-02-03;1
8289;2423;17;2025-02-24;0
8290;2787;23;2025-04-08;1
8291;1227;20;2025-02-18;0
8292;2001;19;2025-04-14;0
8293;2887;4;2025-02-15;1
8294;1620;13;2025-03-16;1
8295;2767;3;2025-03-17;1
8296;484;19;2025-01-29;1
8297;2780;8;2025-03-03;0
8298;1171;10;2025-03-21;1
8299;2580;12;2025-03-11;0
8300;2092;3;2025-01-13;1
8301;625;8;2025-01-26;1
8302;599;21;2025-04-04;0
8303;1955;30;2025-02-08;1
8304;431;1;2025-04-07;1
8305;2327;1;2025-02-17;0
8306;1121;1;2025-02-10;0
8307;858;6;2025-03-18;0
8308;1632;16;2025-04-02;1
8309;1545;12;2025-03-12;1
8310;1853;26;2025-02-27;0
8311;859;19;2025-03-29;1
8312;1360;26;2025-04-15;1
8313;410;7;2025-03-19;1
8314;2628;13;2025-04-16;0
8315;367;17;2025-02-19;1
8316;1336;12;2025-04-25;0
8317;1427;23;2025-04-20;0
8318;3021;5;2025-02-19;1
8319;1791;21;2025-03-22;0
8320;3043;6;2025-01-20;1
8321;2018;9;2025-02-02;0
8322;2451;11;2025-03-09;0
8323;2086;29;2025-03-30;1
8324;1679;9;2025-02-03;1
8325;1459;18;2025-01-24;0
8326;2319;30;2025-02-16;0
8327;2443;21;2025-01-12;1
8328;2306;10;2025-04-12;0
8329;2534;15;2025-02-15;1
8330;365;10;2025-04-21;0
8331;1669;20;2025-02-21;0
8332;1179;30;2025-03-18;1
8333;739;24;2025-01-22;1
8334;457;9;2025-01-02;1
8335;2116;27;2025-03-07;0
8336;1266;26;2025-03-30;1
8337;417;17;2025-03-24;1
8338;2105;22;2025-04-26;1
8339;37;29;2025-02-16;0
8340;2512;8;2025-03-12;0
8341;1427;22;2025-01-05;0
8342;2876;4;2025-03-18;0
8343;2439;19;2025-03-17;1
8344;526;14;2025-03-16;1
8345;2783;27;2025-01-24;1
8346;3034;17;2025-02-26;1
8347;71;20;2025-03-27;1
8348;1198;27;2025-04-04;1
8349;1478;28;2025-03-08;1
8350;1815;3;2025-02-01;1
8351;873;23;2025-04-09;1
8352;172;5;2025-02-22;0
8353;922;11;2025-02-25;0
8354;2059;30;2025-01-26;1
8355;1299;15;2025-04-18;1
8356;2419;24;2025-03-08;0
8357;122;1;2025-04-17;0
8358;1014;30;2025-03-03;1
8359;1648;29;2025-01-05;1
8360;470;2;2025-03-10;0
8361;2213;23;2025-02-07;0
8362;1365;11;2025-01-31;1
8363;113;29;2025-01-04;1
8364;601;4;2025-02-10;1
8365;1788;12;2025-04-27;1
8366;1475;21;2025-04-04;1
8367;2214;18;2025-03-01;1
8368;383;13;2025-01-21;1
8369;1640;3;2025-01-10;1
8370;1628;21;2025-04-16;0
8371;1099;30;2025-02-05;0
8372;1374;6;2025-01-20;1
8373;56;18;2025-03-09;1
8374;3098;30;2025-01-07;1
8375;435;25;2025-02-01;1
8376;3002;28;2025-04-09;0
8377;1991;10;2025-01-08;1
8378;243;23;2025-01-21;1
8379;2544;15;2025-01-01;0
8380;2378;21;2025-01-31;0
8381;2608;24;2025-01-24;1
8382;1143;23;2025-01-11;1
8383;2601;16;2025-01-28;0
8384;638;12;2025-02-03;1
8385;700;3;2025-01-09;1
8386;2931;17;2025-04-09;0
8387;1144;17;2025-04-11;1
8388;1435;26;2025-02-17;1
8389;2479;10;2025-04-09;1
8390;458;8;2025-04-06;0
8391;584;17;2025-02-10;1
8392;1510;16;2025-02-19;0
8393;1568;21;2025-02-26;1
8394;863;4;2025-02-20;1
8395;2051;19;2025-03-10;0
8396;2491;7;2025-04-14;0
8397;217;25;2025-01-18;0
8398;1757;11;2025-01-01;0
8399;755;21;2025-01-23;1
8400;1669;16;2025-01-20;1
8401;934;15;2025-02-02;1
8402;1894;17;2025-01-22;0
8403;496;23;2025-01-02;0
8404;999;2;2025-03-28;0
8405;690;30;2025-01-31;0
8406;934;2;2025-01-31;1
8407;2302;30;2025-02-07;0
8408;1057;1;2025-04-04;0
8409;968;13;2025-02-10;1
8410;1390;11;2025-04-22;0
8411;87;3;2025-01-24;1
8412;97;4;2025-01-26;1
8413;2116;2;2025-01-23;0
8414;1173;23;2025-01-03;0
8415;629;19;2025-01-26;1
8416;227;18;2025-01-12;1
8417;1340;15;2025-03-05;0
8418;1834;19;2025-04-18;1
8419;2466;16;2025-02-11;1
8420;2685;30;2025-01-23;1
8421;678;29;2025-02-22;0
8422;792;7;2025-04-05;1
8423;1084;14;2025-03-10;1
8424;3049;20;2025-04-10;0
8425;1352;27;2025-04-11;1
8426;2836;8;2025-02-25;0
8427;204;29;2025-01-20;1
8428;2983;14;2025-02-12;0
8429;2003;18;2025-01-10;1
8430;1576;6;2025-01-27;1
8431;962;17;2025-02-22;1
8432;158;4;2025-04-01;0
8433;984;9;2025-01-25;1
8434;2316;28;2025-03-14;0
8435;2369;13;2025-01-15;1
8436;1150;25;2025-02-13;1
8437;1843;18;2025-02-14;1
8438;517;27;2025-03-01;1
8439;174;1;2025-01-08;0
8440;3087;10;2025-01-21;1
8441;2622;8;2025-02-07;0
8442;2033;5;2025-02-23;1
8443;2732;8;2025-04-20;1
8444;1100;30;2025-03-18;1
8445;2801;6;2025-02-08;1
8446;230;5;2025-01-30;0
8447;2276;17;2025-04-06;1
8448;799;14;2025-03-30;0
8449;2055;7;2025-04-12;0
8450;2611;10;2025-02-19;0
8451;909;18;2025-04-14;0
8452;1530;25;2025-02-24;0
8453;2089;5;2025-03-26;1
8454;2293;2;2025-03-23;0
8455;2189;25;2025-04-19;1
8456;2437;6;2025-04-12;1
8457;1734;18;2025-01-31;1
8458;2281;20;2025-02-01;0
8459;132;17;2025-03-24;0
8460;1854;26;2025-04-04;1
8461;688;12;2025-02-19;0
8462;272;4;2025-01-26;1
8463;1436;11;2025-01-30;1
8464;1947;14;2025-04-03;1
8465;79;30;2025-02-05;0
8466;2388;21;2025-01-19;1
8467;237;30;2025-02-13;0
8468;836;2;2025-01-11;0
8469;113;21;2025-03-18;0
8470;1059;28;2025-04-18;1
8471;2766;9;2025-01-10;0
8472;292;1;2025-03-21;0
8473;1290;9;2025-03-21;0
8474;2292;14;2025-04-19;1
8475;841;23;2025-03-23;1
8476;2554;3;2025-03-14;0
8477;1664;8;2025-02-23;1
8478;807;27;2025-03-12;0
8479;3020;10;2025-02-12;0
8480;307;13;2025-03-22;1
8481;925;30;2025-03-29;1
8482;928;17;2025-02-23;0
8483;328;22;2025-04-27;0
8484;1467;12;2025-01-20;1
8485;817;21;2025-04-23;0
8486;2892;9;2025-01-23;1
8487;599;16;2025-04-12;0
8488;696;11;2025-01-20;0
8489;138;1;2025-02-02;0
8490;46;24;2025-01-27;1
8491;425;8;2025-03-09;1
8492;456;2;2025-03-18;1
8493;52;15;2025-04-26;1
8494;1405;10;2025-03-19;0
8495;1256;8;2025-04-10;0
8496;2017;16;2025-04-04;1
8497;2196;18;2025-01-16;1
8498;1067;16;2025-01-19;1
8499;1454;27;2025-02-05;1
8500;2478;20;2025-03-21;0
8501;2368;17;2025-01-05;1
8502;1224;24;2025-03-30;0
8503;1625;12;2025-01-10;1
8504;2429;6;2025-02-25;0
8505;2360;21;2025-01-06;1
8506;446;25;2025-04-26;1
8507;2621;24;2025-03-08;0
8508;938;26;2025-04-27;0
8509;1232;4;2025-01-20;1
8510;241;28;2025-04-26;0
8511;917;18;2025-02-09;0
8512;342;3;2025-02-16;0
8513;2904;28;2025-03-03;0
8514;1883;1;2025-01-13;0
8515;2254;16;2025-04-21;1
8516;546;29;2025-02-21;0
8517;1558;4;2025-03-19;0
8518;3038;14;2025-03-04;0
8519;143;26;2025-02-28;0
8520;49;13;2025-02-15;1
8521;1860;2;2025-02-21;1
8522;1444;13;2025-03-14;1
8523;2190;25;2025-02-04;0
8524;1438;27;2025-02-01;1
8525;623;17;2025-01-25;0
8526;2421;15;2025-02-28;1
8527;2859;15;2025-04-15;0
8528;32;6;2025-01-22;0
8529;156;2;2025-03-17;1
8530;2581;28;2025-04-25;1
8531;961;6;2025-03-08;0
8532;2029;28;2025-03-06;1
8533;2005;27;2025-01-01;0
8534;2387;27;2025-04-08;0
8535;2815;28;2025-01-02;0
8536;1724;2;2025-02-02;1
8537;2764;27;2025-01-25;0
8538;2257;29;2025-03-17;0
8539;1856;10;2025-01-07;1
8540;1744;24;2025-03-07;0
8541;722;25;2025-02-13;1
8542;2191;10;2025-04-20;1
8543;177;4;2025-01-01;0
8544;2774;16;2025-04-13;0
8545;385;13;2025-04-13;0
8546;2022;13;2025-02-22;0
8547;3053;10;2025-01-28;0
8548;1614;7;2025-04-12;1
8549;315;9;2025-04-15;0
8550;1056;30;2025-03-31;0
8551;2682;13;2025-02-20;0
8552;508;6;2025-01-09;1
8553;2183;11;2025-04-22;0
8554;1537;30;2025-02-28;1
8555;910;16;2025-01-07;1
8556;1593;10;2025-03-27;1
8557;2107;26;2025-04-08;0
8558;141;22;2025-03-06;0
8559;595;4;2025-03-06;1
8560;1193;3;2025-01-14;0
8561;3111;17;2025-03-16;0
8562;2371;15;2025-03-18;1
8563;1254;30;2025-01-27;0
8564;1944;14;2025-02-14;1
8565;2110;2;2025-04-08;1
8566;358;4;2025-03-14;1
8567;3062;25;2025-03-10;0
8568;1028;23;2025-03-01;1
8569;678;8;2025-03-13;1
8570;3072;23;2025-03-27;1
8571;1052;16;2025-01-18;1
8572;2257;11;2025-02-26;0
8573;2065;30;2025-01-10;0
8574;1432;17;2025-04-15;0
8575;2415;15;2025-04-19;1
8576;2850;22;2025-04-22;1
8577;828;1;2025-04-14;0
8578;1563;25;2025-03-06;1
8579;1042;5;2025-01-31;0
8580;407;26;2025-01-31;0
8581;1698;10;2025-01-29;1
8582;1976;10;2025-04-17;1
8583;1828;18;2025-01-30;1
8584;448;10;2025-03-05;1
8585;1766;9;2025-03-31;0
8586;3037;1;2025-02-08;1
8587;955;9;2025-04-19;1
8588;1077;30;2025-01-30;0
8589;2306;5;2025-04-18;1
8590;1826;1;2025-03-28;1
8591;438;26;2025-01-10;1
8592;388;14;2025-03-17;1
8593;2012;20;2025-01-21;1
8594;2052;23;2025-02-24;1
8595;1960;16;2025-04-26;1
8596;2049;19;2025-03-23;0
8597;1999;13;2025-03-02;0
8598;729;11;2025-02-01;1
8599;2907;25;2025-02-08;1
8600;1917;1;2025-04-01;0
8601;2273;26;2025-03-22;1
8602;2786;4;2025-03-21;0
8603;1570;9;2025-02-21;0
8604;1499;9;2025-02-05;0
8605;2090;26;2025-01-13;1
8606;496;22;2025-03-02;0
8607;36;4;2025-02-03;1
8608;3065;29;2025-02-12;0
8609;2946;21;2025-01-31;0
8610;567;18;2025-03-29;1
8611;2397;9;2025-04-17;1
8612;1082;13;2025-01-09;0
8613;960;19;2025-03-06;0
8614;3084;13;2025-02-25;0
8615;243;25;2025-01-19;0
8616;1230;16;2025-03-21;0
8617;3025;15;2025-04-11;1
8618;619;20;2025-04-19;0
8619;1576;6;2025-02-23;0
8620;2548;3;2025-04-11;0
8621;916;16;2025-04-25;1
8622;1988;17;2025-02-19;1
8623;1832;20;2025-01-27;1
8624;121;21;2025-03-15;1
8625;2092;28;2025-03-14;0
8626;2276;9;2025-03-01;0
8627;658;11;2025-03-24;1
8628;2018;12;2025-04-25;0
8629;1776;27;2025-02-25;0
8630;1845;19;2025-01-29;0
8631;150;10;2025-02-02;1
8632;924;13;2025-02-25;0
8633;313;17;2025-04-10;1
8634;920;4;2025-03-02;0
8635;1679;21;2025-01-29;0
8636;2661;19;2025-04-27;1
8637;2286;28;2025-01-02;0
8638;895;3;2025-04-20;1
8639;250;12;2025-03-22;1
8640;2226;2;2025-02-06;0
8641;2099;25;2025-01-13;1
8642;2857;25;2025-01-08;0
8643;1314;18;2025-03-25;1
8644;2932;12;2025-04-20;0
8645;2828;12;2025-03-06;1
8646;3098;2;2025-02-20;0
8647;946;25;2025-04-16;0
8648;1116;20;2025-03-11;0
8649;286;21;2025-01-12;0
8650;1793;4;2025-01-11;0
8651;1453;15;2025-03-12;1
8652;1167;27;2025-02-08;1
8653;1493;11;2025-04-16;0
8654;191;8;2025-04-16;1
8655;954;9;2025-03-20;1
8656;2264;26;2025-01-05;0
8657;2022;1;2025-02-06;0
8658;773;6;2025-01-02;1
8659;65;1;2025-02-28;0
8660;2788;23;2025-01-13;1
8661;1582;12;2025-04-01;0
8662;867;23;2025-03-10;0
8663;2507;5;2025-04-06;0
8664;1667;16;2025-04-27;0
8665;1697;7;2025-04-11;1
8666;705;6;2025-04-10;1
8667;713;2;2025-03-22;1
8668;2652;25;2025-02-08;1
8669;2230;7;2025-02-28;0
8670;1592;23;2025-01-07;0
8671;2731;27;2025-01-04;0
8672;2741;1;2025-02-04;0
8673;2130;6;2025-02-26;1
8674;1314;20;2025-04-17;0
8675;310;5;2025-03-03;0
8676;802;6;2025-02-24;0
8677;2822;18;2025-03-01;0
8678;1729;23;2025-04-11;1
8679;1280;18;2025-04-19;1
8680;1463;18;2025-01-09;0
8681;1405;23;2025-04-12;1
8682;1969;4;2025-03-14;1
8683;2150;2;2025-01-02;0
8684;2400;11;2025-04-17;1
8685;302;3;2025-01-09;1
8686;1994;28;2025-04-19;0
8687;2533;22;2025-01-06;0
8688;1221;18;2025-02-25;0
8689;1263;5;2025-01-18;0
8690;1885;23;2025-03-04;0
8691;338;11;2025-01-22;0
8692;405;20;2025-03-03;1
8693;1354;16;2025-03-21;0
8694;1915;25;2025-01-19;1
8695;2889;25;2025-03-15;0
8696;1546;28;2025-01-27;1
8697;2677;1;2025-02-21;1
8698;2092;1;2025-02-20;0
8699;2719;8;2025-02-19;1
8700;2097;11;2025-01-06;1
8701;385;15;2025-02-24;0
8702;2870;18;2025-04-18;0
8703;1981;13;2025-02-02;0
8704;5;28;2025-01-30;0
8705;1355;2;2025-04-14;0
8706;1167;5;2025-04-01;1
8707;1657;10;2025-04-19;1
8708;1358;4;2025-03-13;0
8709;812;4;2025-04-12;1
8710;91;18;2025-01-12;0
8711;1256;17;2025-02-28;0
8712;623;27;2025-01-17;1
8713;1120;1;2025-01-30;0
8714;2841;27;2025-01-19;1
8715;2265;21;2025-01-13;0
8716;1370;24;2025-03-08;1
8717;2177;1;2025-03-17;1
8718;2275;5;2025-03-10;1
8719;500;30;2025-02-07;0
8720;2747;27;2025-04-04;0
8721;2141;23;2025-01-01;0
8722;2116;12;2025-01-27;0
8723;2625;1;2025-03-21;0
8724;992;2;2025-01-18;1
8725;1380;22;2025-03-19;1
8726;2228;15;2025-04-20;0
8727;2542;26;2025-04-12;0
8728;2415;6;2025-03-23;1
8729;464;4;2025-01-26;0
8730;829;30;2025-01-11;0
8731;2241;22;2025-03-26;1
8732;2376;18;2025-02-12;1
8733;3024;10;2025-04-05;1
8734;882;23;2025-01-29;1
8735;2530;6;2025-03-09;1
8736;2709;15;2025-04-03;1
8737;1830;19;2025-02-17;0
8738;782;9;2025-01-17;1
8739;2233;18;2025-01-18;1
8740;2063;2;2025-04-20;0
8741;2535;14;2025-03-27;0
8742;2411;24;2025-01-11;1
8743;341;16;2025-01-14;1
8744;2336;30;2025-03-01;1
8745;2788;2;2025-01-05;1
8746;1322;12;2025-04-14;1
8747;695;1;2025-04-06;1
8748;2500;16;2025-02-10;1
8749;220;17;2025-01-26;0
8750;527;18;2025-01-03;0
8751;1229;5;2025-01-30;1
8752;2953;10;2025-04-01;1
8753;671;20;2025-03-27;1
8754;1218;30;2025-04-15;0
8755;1186;14;2025-03-04;1
8756;1349;23;2025-02-11;1
8757;207;7;2025-04-16;1
8758;13;23;2025-03-04;0
8759;1774;22;2025-02-16;0
8760;2046;8;2025-04-04;1
8761;270;4;2025-01-08;1
8762;888;22;2025-03-01;1
8763;82;4;2025-02-12;0
8764;2880;25;2025-03-18;1
8765;1702;21;2025-04-19;0
8766;2481;12;2025-02-11;1
8767;2271;2;2025-03-24;1
8768;1327;16;2025-04-12;0
8769;2893;9;2025-04-16;1
8770;1471;26;2025-01-21;1
8771;2647;16;2025-03-20;1
8772;67;3;2025-03-26;1
8773;1412;12;2025-04-17;0
8774;202;1;2025-02-24;0
8775;2989;20;2025-03-16;0
8776;1402;30;2025-01-19;0
8777;1347;27;2025-01-29;1
8778;1821;18;2025-04-07;0
8779;1502;11;2025-04-11;0
8780;2402;29;2025-04-17;1
8781;1655;12;2025-02-03;0
8782;1749;13;2025-01-23;1
8783;1995;8;2025-04-23;0
8784;2196;28;2025-03-20;0
8785;2065;29;2025-02-23;0
8786;2884;19;2025-01-02;1
8787;1913;18;2025-02-11;1
8788;2523;19;2025-04-04;0
8789;1366;1;2025-03-17;0
8790;1456;13;2025-03-01;0
8791;2946;11;2025-03-02;1
8792;2646;13;2025-03-07;0
8793;1485;29;2025-03-24;1
8794;999;24;2025-03-28;0
8795;2784;6;2025-01-02;0
8796;349;14;2025-04-05;0
8797;1092;8;2025-01-07;1
8798;1322;21;2025-02-07;1
8799;2526;7;2025-02-02;1
8800;2355;25;2025-04-19;1
8801;2320;30;2025-01-10;0
8802;1070;22;2025-01-01;0
8803;1635;14;2025-04-07;0
8804;1066;27;2025-01-24;0
8805;24;26;2025-04-27;0
8806;2803;14;2025-04-20;1
8807;2883;21;2025-04-19;1
8808;2367;4;2025-03-25;0
8809;657;7;2025-03-04;1
8810;2560;23;2025-04-02;1
8811;1599;30;2025-01-25;0
8812;1243;17;2025-03-17;0
8813;581;3;2025-04-22;1
8814;1727;29;2025-03-04;0
8815;260;24;2025-01-24;0
8816;681;19;2025-02-19;0
8817;748;25;2025-01-12;0
8818;2740;2;2025-03-08;0
8819;2161;11;2025-03-10;0
8820;1655;2;2025-02-03;0
8821;96;2;2025-01-17;0
8822;1467;7;2025-04-26;0
8823;1533;28;2025-01-14;0
8824;24;24;2025-03-12;1
8825;1865;18;2025-02-23;0
8826;869;16;2025-04-19;0
8827;150;6;2025-01-12;0
8828;2296;9;2025-04-22;0
8829;1774;8;2025-04-11;0
8830;466;3;2025-04-06;0
8831;642;12;2025-04-09;1
8832;3041;10;2025-04-06;0
8833;1015;26;2025-03-10;0
8834;2104;9;2025-03-19;0
8835;2310;7;2025-03-11;0
8836;2259;5;2025-02-25;0
8837;2862;9;2025-01-17;0
8838;1153;25;2025-03-21;1
8839;2915;25;2025-04-08;0
8840;666;8;2025-03-28;1
8841;1152;28;2025-02-16;1
8842;1767;14;2025-01-01;0
8843;43;20;2025-04-14;0
8844;2163;2;2025-01-11;0
8845;1010;8;2025-02-18;1
8846;246;15;2025-01-29;0
8847;1563;26;2025-03-14;0
8848;42;15;2025-01-09;0
8849;611;15;2025-01-15;0
8850;2089;7;2025-02-06;1
8851;2566;18;2025-03-05;0
8852;450;5;2025-01-19;1
8853;2909;24;2025-03-24;0
8854;1243;25;2025-01-26;1
8855;583;11;2025-02-01;0
8856;914;25;2025-04-14;0
8857;2258;16;2025-04-22;1
8858;1570;23;2025-01-14;0
8859;275;25;2025-02-14;0
8860;2223;16;2025-04-12;0
8861;1931;17;2025-04-20;1
8862;976;27;2025-02-24;1
8863;686;25;2025-01-27;1
8864;505;29;2025-01-14;0
8865;1570;23;2025-03-15;0
8866;1;10;2025-02-09;1
8867;2732;22;2025-04-02;1
8868;1312;15;2025-03-08;1
8869;1516;22;2025-02-17;1
8870;69;18;2025-04-24;1
8871;1514;21;2025-01-14;1
8872;1023;1;2025-04-18;1
8873;1361;1;2025-03-26;1
8874;2804;16;2025-04-12;1
8875;452;24;2025-04-18;1
8876;2809;18;2025-03-06;1
8877;124;4;2025-01-28;1
8878;504;23;2025-01-11;1
8879;1919;10;2025-01-28;1
8880;1409;29;2025-02-11;0
8881;2638;8;2025-03-31;0
8882;2703;17;2025-03-14;0
8883;989;6;2025-01-08;1
8884;1999;7;2025-03-24;1
8885;1368;20;2025-01-17;1
8886;384;8;2025-04-27;0
8887;2651;7;2025-02-08;1
8888;1980;22;2025-03-06;0
8889;699;8;2025-03-20;1
8890;1006;22;2025-04-09;1
8891;2743;23;2025-01-29;0
8892;901;15;2025-04-17;0
8893;956;9;2025-04-14;0
8894;930;29;2025-02-25;1
8895;1610;13;2025-01-12;0
8896;3112;15;2025-01-10;0
8897;1881;17;2025-02-14;0
8898;48;14;2025-02-03;1
8899;2450;28;2025-01-01;0
8900;2401;17;2025-03-02;0
8901;1008;19;2025-01-02;0
8902;24;5;2025-03-02;1
8903;2846;21;2025-01-02;0
8904;1006;25;2025-04-26;1
8905;2677;8;2025-04-16;1
8906;29;8;2025-03-28;1
8907;3104;2;2025-03-25;1
8908;1072;13;2025-04-15;0
8909;1871;15;2025-04-06;1
8910;1467;9;2025-01-07;0
8911;1076;10;2025-02-16;0
8912;282;26;2025-02-19;0
8913;3073;22;2025-01-31;1
8914;158;10;2025-04-09;1
8915;2142;6;2025-01-05;1
8916;607;14;2025-01-29;0
8917;277;9;2025-03-02;0
8918;506;6;2025-01-25;0
8919;1867;3;2025-03-16;0
8920;2411;18;2025-04-18;1
8921;1280;1;2025-02-25;0
8922;2005;19;2025-03-11;0
8923;80;6;2025-01-01;0
8924;1708;20;2025-01-18;1
8925;2052;15;2025-01-08;1
8926;1728;12;2025-03-07;1
8927;3067;7;2025-02-11;1
8928;2030;22;2025-04-22;1
8929;2479;14;2025-01-27;1
8930;612;11;2025-04-14;0
8931;322;11;2025-04-09;1
8932;2623;16;2025-01-14;1
8933;528;1;2025-03-10;1
8934;1486;20;2025-01-06;1
8935;963;14;2025-02-15;0
8936;394;13;2025-04-04;0
8937;1026;2;2025-02-15;1
8938;3081;15;2025-03-05;1
8939;1729;14;2025-01-25;0
8940;980;28;2025-03-25;0
8941;2368;25;2025-01-09;0
8942;2995;3;2025-02-12;0
8943;399;6;2025-04-16;1
8944;2476;13;2025-02-08;1
8945;1500;23;2025-04-08;0
8946;157;11;2025-02-09;1
8947;1385;4;2025-04-18;0
8948;2134;4;2025-02-08;0
8949;872;6;2025-02-13;1
8950;1246;20;2025-04-04;1
8951;148;7;2025-03-02;0
8952;2962;9;2025-03-12;0
8953;1201;9;2025-04-12;1
8954;1129;30;2025-03-22;1
8955;2812;29;2025-03-03;0
8956;2622;17;2025-01-02;1
8957;2503;10;2025-02-07;1
8958;566;20;2025-02-20;0
8959;1745;13;2025-01-10;0
8960;2557;16;2025-01-26;1
8961;111;11;2025-01-13;0
8962;2282;8;2025-01-01;1
8963;1567;7;2025-04-17;1
8964;1302;4;2025-03-06;0
8965;2490;11;2025-04-16;1
8966;2842;16;2025-04-06;0
8967;2496;2;2025-01-31;1
8968;139;22;2025-02-03;0
8969;3008;13;2025-03-16;1
8970;2020;29;2025-02-11;0
8971;1210;3;2025-03-25;1
8972;3081;17;2025-01-19;0
8973;863;23;2025-03-20;1
8974;2406;15;2025-03-05;0
8975;538;1;2025-01-20;0
8976;1965;14;2025-01-02;1
8977;2618;8;2025-04-08;0
8978;458;9;2025-01-01;1
8979;2983;15;2025-04-22;1
8980;185;13;2025-03-05;1
8981;1727;27;2025-03-12;1
8982;2880;3;2025-02-06;0
8983;2911;13;2025-03-16;0
8984;2430;18;2025-04-12;0
8985;319;26;2025-03-11;0
8986;2773;11;2025-02-04;1
8987;3081;20;2025-04-22;1
8988;2662;21;2025-01-24;0
8989;308;21;2025-03-27;1
8990;996;26;2025-01-15;1
8991;2073;8;2025-04-03;0
8992;1267;22;2025-01-30;1
8993;2183;4;2025-01-07;0
8994;2504;14;2025-03-22;0
8995;2427;22;2025-02-24;0
8996;1623;11;2025-02-23;1
8997;323;19;2025-02-23;1
8998;2406;11;2025-03-01;0
8999;693;3;2025-01-29;1
9000;1603;14;2025-04-26;0
9001;1873;8;2025-04-21;1
9002;663;6;2025-03-11;0
9003;1442;18;2025-01-27;1
9004;2280;12;2025-01-13;0
9005;1032;2;2025-01-14;0
9006;2891;4;2025-01-22;0
9007;2575;26;2025-02-15;0
9008;2688;25;2025-04-06;1
9009;684;11;2025-04-21;0
9010;300;19;2025-02-15;1
9011;934;8;2025-04-04;1
9012;1020;14;2025-03-01;0
9013;2092;28;2025-02-25;0
9014;900;29;2025-02-11;0
9015;664;1;2025-04-26;1
9016;1023;25;2025-03-14;0
9017;225;11;2025-04-05;0
9018;2248;24;2025-02-11;1
9019;2274;23;2025-02-23;1
9020;1808;30;2025-03-06;1
9021;1111;7;2025-01-14;1
9022;2924;6;2025-04-19;1
9023;1609;4;2025-01-10;0
9024;2948;23;2025-01-10;1
9025;360;26;2025-02-02;0
9026;861;29;2025-01-13;0
9027;1664;12;2025-02-12;0
9028;2382;23;2025-01-03;0
9029;1404;1;2025-02-19;1
9030;2070;7;2025-03-17;1
9031;1514;16;2025-04-17;1
9032;1549;8;2025-03-07;1
9033;899;14;2025-03-01;0
9034;795;14;2025-03-07;1
9035;2073;11;2025-01-11;1
9036;1674;23;2025-01-24;0
9037;1961;24;2025-04-07;1
9038;1024;28;2025-02-05;1
9039;1872;4;2025-01-10;0
9040;1503;21;2025-03-29;0
9041;2424;9;2025-03-07;1
9042;2063;23;2025-01-22;0
9043;2872;13;2025-01-17;0
9044;2148;1;2025-02-15;1
9045;2869;1;2025-01-03;1
9046;2542;22;2025-01-20;0
9047;1910;6;2025-01-21;1
9048;677;7;2025-04-09;0
9049;807;20;2025-01-05;0
9050;118;13;2025-03-28;0
9051;1782;6;2025-01-16;1
9052;2983;30;2025-01-17;1
9053;2751;15;2025-04-25;0
9054;1110;7;2025-04-09;0
9055;1087;29;2025-03-02;1
9056;2156;27;2025-01-26;0
9057;977;9;2025-01-09;1
9058;2416;26;2025-04-22;0
9059;1368;11;2025-02-18;0
9060;298;13;2025-02-19;0
9061;637;15;2025-04-01;1
9062;1089;16;2025-03-10;0
9063;2062;16;2025-01-23;0
9064;1356;24;2025-01-26;0
9065;364;5;2025-03-04;0
9066;1203;7;2025-02-20;0
9067;516;16;2025-03-09;1
9068;2456;28;2025-01-31;0
9069;1900;2;2025-04-06;0
9070;1097;1;2025-04-02;0
9071;3018;2;2025-01-12;1
9072;1229;22;2025-04-06;0
9073;2059;5;2025-02-14;0
9074;2914;10;2025-04-16;1
9075;2542;5;2025-02-24;0
9076;472;7;2025-03-02;0
9077;1794;12;2025-04-08;1
9078;1870;29;2025-01-27;1
9079;1225;28;2025-02-19;0
9080;2440;24;2025-04-05;0
9081;1372;29;2025-01-24;0
9082;186;3;2025-01-12;1
9083;1514;16;2025-03-22;0
9084;1686;29;2025-04-14;1
9085;843;21;2025-04-16;0
9086;846;26;2025-03-23;1
9087;2327;6;2025-02-23;1
9088;2209;12;2025-04-26;0
9089;1490;29;2025-01-18;1
9090;89;10;2025-01-16;1
9091;592;18;2025-04-07;0
9092;822;2;2025-01-08;0
9093;1446;16;2025-02-20;1
9094;3097;8;2025-03-27;0
9095;2778;25;2025-04-12;1
9096;129;11;2025-04-01;1
9097;2920;12;2025-02-12;1
9098;436;17;2025-03-21;1
9099;2320;28;2025-03-13;1
9100;3073;15;2025-02-25;0
9101;2743;16;2025-01-30;0
9102;2869;23;2025-03-25;1
9103;837;25;2025-03-28;1
9104;346;18;2025-03-10;1
9105;243;28;2025-04-05;1
9106;1506;12;2025-04-12;1
9107;2780;1;2025-03-08;1
9108;2894;30;2025-02-02;1
9109;2204;26;2025-02-01;0
9110;1911;29;2025-01-12;1
9111;527;4;2025-03-29;0
9112;581;25;2025-01-27;1
9113;273;28;2025-02-12;0
9114;1130;29;2025-04-26;0
9115;640;17;2025-04-17;1
9116;763;17;2025-01-07;0
9117;860;22;2025-02-22;0
9118;2052;12;2025-03-03;0
9119;2355;28;2025-03-26;1
9120;1053;10;2025-04-21;0
9121;2780;12;2025-03-02;1
9122;1287;1;2025-03-05;0
9123;2177;20;2025-01-05;0
9124;1795;8;2025-02-17;0
9125;985;28;2025-04-09;1
9126;953;30;2025-04-02;0
9127;28;15;2025-02-09;1
9128;1577;18;2025-04-19;1
9129;2429;5;2025-03-26;1
9130;2275;4;2025-02-12;0
9131;2963;27;2025-01-18;0
9132;1248;24;2025-03-01;1
9133;1265;26;2025-03-09;0
9134;1316;10;2025-01-23;1
9135;340;23;2025-04-11;1
9136;2366;16;2025-02-03;1
9137;1023;29;2025-01-20;1
9138;947;1;2025-04-19;0
9139;2714;12;2025-03-31;0
9140;301;20;2025-03-13;1
9141;2227;4;2025-01-05;1
9142;733;27;2025-02-20;1
9143;1427;13;2025-01-09;0
9144;2151;18;2025-01-16;1
9145;2330;23;2025-04-26;1
9146;2227;6;2025-01-30;0
9147;1006;2;2025-02-06;0
9148;3098;3;2025-02-06;1
9149;2179;10;2025-03-27;1
9150;1258;23;2025-02-09;0
9151;3112;13;2025-01-09;1
9152;44;13;2025-01-10;0
9153;964;27;2025-03-13;0
9154;1631;21;2025-04-07;0
9155;1630;29;2025-04-12;0
9156;1157;30;2025-04-12;1
9157;1437;6;2025-04-09;1
9158;2784;5;2025-01-16;1
9159;1914;20;2025-03-09;0
9160;1039;28;2025-03-24;1
9161;1068;11;2025-02-14;0
9162;2106;16;2025-03-30;1
9163;2883;4;2025-04-23;0
9164;1337;21;2025-02-10;1
9165;2959;7;2025-04-16;1
9166;67;22;2025-04-20;1
9167;1423;22;2025-03-31;0
9168;957;11;2025-04-20;1
9169;1157;23;2025-03-15;0
9170;2904;3;2025-01-12;1
9171;1520;23;2025-04-22;1
9172;559;20;2025-03-18;0
9173;605;6;2025-02-09;0
9174;1450;7;2025-01-09;1
9175;1371;29;2025-03-01;0
9176;1407;6;2025-01-16;1
9177;1137;2;2025-01-25;0
9178;2457;19;2025-02-21;0
9179;2649;3;2025-02-15;1
9180;1099;27;2025-04-01;0
9181;2767;6;2025-02-05;1
9182;2447;24;2025-01-29;0
9183;932;12;2025-02-06;0
9184;1042;1;2025-03-02;1
9185;2625;2;2025-04-14;1
9186;2496;24;2025-04-24;0
9187;390;17;2025-01-27;0
9188;3039;29;2025-02-24;1
9189;3070;19;2025-04-10;1
9190;328;19;2025-02-18;0
9191;903;16;2025-01-08;1
9192;3051;21;2025-02-27;0
9193;1390;18;2025-04-23;1
9194;435;14;2025-03-17;0
9195;2530;18;2025-01-15;0
9196;3050;23;2025-01-20;0
9197;1332;5;2025-02-01;0
9198;3090;28;2025-03-01;0
9199;1200;27;2025-04-21;1
9200;2133;7;2025-03-17;0
9201;1305;10;2025-04-15;0
9202;1789;18;2025-02-09;1
9203;1239;2;2025-02-13;1
9204;1981;18;2025-01-20;1
9205;2436;2;2025-03-31;0
9206;5;25;2025-04-16;0
9207;2698;5;2025-01-07;1
9208;400;8;2025-02-13;0
9209;1479;15;2025-02-28;1
9210;1679;3;2025-04-12;1
9211;2649;4;2025-03-20;1
9212;1971;8;2025-03-31;0
9213;834;30;2025-02-20;1
9214;674;3;2025-03-31;0
9215;461;2;2025-02-04;1
9216;2243;6;2025-04-10;1
9217;2061;11;2025-02-22;0
9218;682;15;2025-03-04;0
9219;2328;16;2025-02-13;0
9220;10;18;2025-01-26;0
9221;1168;25;2025-04-07;0
9222;327;23;2025-03-13;1
9223;2551;11;2025-02-15;1
9224;2756;25;2025-04-25;1
9225;2582;19;2025-02-18;1
9226;3053;28;2025-04-01;0
9227;435;30;2025-04-24;0
9228;2139;24;2025-03-18;1
9229;2965;17;2025-01-12;0
9230;505;4;2025-02-01;1
9231;2939;13;2025-02-20;0
9232;1706;14;2025-03-19;0
9233;1031;20;2025-04-01;1
9234;210;25;2025-04-25;0
9235;435;9;2025-01-01;0
9236;625;9;2025-02-12;1
9237;490;10;2025-03-11;0
9238;804;9;2025-01-17;1
9239;194;7;2025-02-07;1
9240;903;27;2025-03-28;0
9241;2341;9;2025-04-06;1
9242;2103;2;2025-03-16;1
9243;1235;7;2025-01-28;0
9244;2188;28;2025-03-29;1
9245;796;3;2025-03-30;1
9246;1221;8;2025-03-27;0
9247;870;28;2025-02-26;0
9248;2132;9;2025-01-15;0
9249;821;29;2025-01-07;0
9250;860;18;2025-01-21;1
9251;559;18;2025-03-14;0
9252;1001;4;2025-02-12;1
9253;3013;30;2025-04-11;0
9254;1427;30;2025-04-21;1
9255;2700;8;2025-03-05;1
9256;3032;4;2025-02-25;1
9257;2778;13;2025-01-02;0
9258;1753;9;2025-01-31;1
9259;1064;6;2025-02-06;0
9260;424;8;2025-02-08;0
9261;2359;3;2025-01-03;1
9262;153;10;2025-03-26;0
9263;2919;7;2025-03-03;1
9264;744;1;2025-03-31;1
9265;2776;5;2025-03-07;0
9266;3050;3;2025-04-18;0
9267;844;16;2025-01-09;1
9268;1437;18;2025-04-18;0
9269;147;7;2025-03-28;0
9270;1884;17;2025-02-15;0
9271;409;17;2025-01-31;0
9272;721;18;2025-03-04;1
9273;1061;24;2025-01-07;0
9274;2268;14;2025-03-09;0
9275;641;7;2025-01-11;1
9276;1758;8;2025-03-11;1
9277;2953;5;2025-04-08;0
9278;2575;27;2025-02-05;0
9279;2416;2;2025-01-01;1
9280;1418;19;2025-02-02;1
9281;1867;2;2025-03-08;0
9282;2508;16;2025-02-10;0
9283;3041;5;2025-02-21;1
9284;289;21;2025-02-05;0
9285;1780;13;2025-04-08;0
9286;710;13;2025-04-23;1
9287;1752;5;2025-03-18;0
9288;2032;20;2025-04-07;1
9289;1642;13;2025-04-23;0
9290;1007;15;2025-02-07;1
9291;622;16;2025-03-17;1
9292;137;19;2025-03-17;1
9293;2277;17;2025-03-18;1
9294;1245;8;2025-03-31;1
9295;1005;1;2025-02-08;0
9296;967;6;2025-01-11;0
9297;1298;22;2025-01-16;0
9298;97;24;2025-03-08;0
9299;788;5;2025-03-20;1
9300;1855;2;2025-03-27;0
9301;2644;26;2025-04-13;0
9302;669;12;2025-01-17;0
9303;1908;14;2025-03-11;0
9304;270;14;2025-03-01;0
9305;2379;29;2025-01-22;0
9306;1731;9;2025-01-11;0
9307;1871;18;2025-03-23;0
9308;2989;27;2025-01-21;1
9309;1462;17;2025-02-08;0
9310;2192;3;2025-03-16;1
9311;100;8;2025-02-12;1
9312;1358;8;2025-03-17;1
9313;2719;3;2025-04-01;0
9314;883;7;2025-01-09;0
9315;2570;20;2025-01-16;1
9316;3070;22;2025-04-01;0
9317;603;17;2025-02-04;1
9318;2128;24;2025-04-26;1
9319;2976;4;2025-02-06;1
9320;16;14;2025-01-03;1
9321;1352;2;2025-03-25;1
9322;1309;12;2025-02-16;1
9323;2672;17;2025-02-20;1
9324;2707;2;2025-01-06;1
9325;2920;7;2025-01-14;0
9326;2184;24;2025-04-25;0
9327;2788;26;2025-03-03;1
9328;2188;25;2025-02-21;1
9329;783;23;2025-04-27;0
9330;1434;24;2025-03-25;0
9331;667;29;2025-03-02;1
9332;300;3;2025-02-08;0
9333;2718;7;2025-02-24;0
9334;1775;11;2025-03-31;0
9335;1077;9;2025-03-11;1
9336;484;11;2025-04-20;0
9337;734;15;2025-01-24;0
9338;1912;23;2025-03-15;0
9339;1370;29;2025-01-31;0
9340;1532;9;2025-03-08;1
9341;2003;20;2025-03-23;1
9342;1406;11;2025-02-06;1
9343;3081;5;2025-01-22;0
9344;2186;25;2025-01-17;0
9345;2303;11;2025-04-21;0
9346;2979;1;2025-04-15;0
9347;2999;14;2025-02-07;1
9348;1588;8;2025-01-11;0
9349;804;7;2025-03-31;0
9350;2257;11;2025-04-11;1
9351;1241;20;2025-04-22;1
9352;582;12;2025-01-14;1
9353;1679;23;2025-04-10;1
9354;2778;16;2025-04-17;0
9355;1164;4;2025-03-09;0
9356;3031;28;2025-03-09;0
9357;660;18;2025-03-08;1
9358;1716;20;2025-01-27;1
9359;2843;30;2025-03-19;0
9360;731;7;2025-01-15;0
9361;503;21;2025-01-07;1
9362;1997;23;2025-02-26;1
9363;2316;17;2025-04-19;1
9364;1441;25;2025-02-17;1
9365;367;20;2025-02-12;1
9366;1140;27;2025-01-15;0
9367;1001;12;2025-01-11;1
9368;2426;22;2025-01-09;1
9369;11;9;2025-01-03;0
9370;2957;23;2025-01-17;1
9371;1534;7;2025-03-22;1
9372;1939;5;2025-01-29;1
9373;261;8;2025-04-15;0
9374;2433;24;2025-02-03;0
9375;3025;28;2025-03-29;0
9376;204;25;2025-04-09;1
9377;2886;5;2025-04-14;0
9378;814;7;2025-03-20;0
9379;625;5;2025-01-06;1
9380;1598;30;2025-01-28;1
9381;1440;26;2025-04-23;1
9382;1856;23;2025-02-09;1
9383;730;26;2025-03-01;1
9384;1432;16;2025-04-14;0
9385;364;30;2025-04-26;1
9386;2879;30;2025-03-28;0
9387;2515;17;2025-03-09;1
9388;3057;9;2025-02-23;0
9389;1240;19;2025-04-11;0
9390;450;28;2025-02-22;1
9391;708;7;2025-03-09;0
9392;1726;16;2025-04-22;0
9393;1657;29;2025-02-11;1
9394;1904;1;2025-04-19;1
9395;1495;25;2025-03-24;0
9396;2958;10;2025-04-23;1
9397;201;21;2025-04-22;0
9398;1858;17;2025-03-13;0
9399;844;25;2025-04-08;0
9400;2961;19;2025-03-17;1
9401;3082;30;2025-01-13;0
9402;1643;19;2025-02-16;1
9403;2083;19;2025-01-22;1
9404;1187;23;2025-02-28;1
9405;2804;19;2025-04-09;0
9406;1328;10;2025-02-13;1
9407;1816;16;2025-02-18;0
9408;582;2;2025-04-21;0
9409;2705;6;2025-02-24;0
9410;718;16;2025-01-05;0
9411;2802;18;2025-04-05;0
9412;2794;12;2025-03-25;0
9413;18;18;2025-04-07;0
9414;2699;12;2025-01-13;1
9415;1407;8;2025-01-24;0
9416;1380;17;2025-03-29;1
9417;456;15;2025-01-11;0
9418;490;11;2025-01-23;0
9419;2586;16;2025-04-24;1
9420;126;13;2025-02-14;1
9421;3037;1;2025-02-16;0
9422;2712;20;2025-02-21;0
9423;2363;21;2025-02-27;0
9424;2416;11;2025-04-13;1
9425;1176;19;2025-01-16;1
9426;2374;21;2025-03-16;0
9427;2253;6;2025-01-01;1
9428;460;7;2025-04-22;1
9429;2792;13;2025-02-19;1
9430;911;8;2025-02-19;0
9431;1839;29;2025-03-30;0
9432;1529;10;2025-04-14;0
9433;2564;16;2025-01-29;0
9434;2266;28;2025-01-23;0
9435;429;5;2025-04-01;0
9436;2662;19;2025-01-15;0
9437;2726;11;2025-02-20;1
9438;1868;1;2025-01-31;0
9439;1476;14;2025-04-22;0
9440;1527;28;2025-02-15;0
9441;2567;20;2025-01-24;0
9442;2048;24;2025-01-28;1
9443;2298;29;2025-03-17;0
9444;853;6;2025-02-26;1
9445;1776;12;2025-04-13;1
9446;2709;7;2025-02-23;1
9447;1766;23;2025-01-05;0
9448;1600;17;2025-01-14;1
9449;1431;4;2025-01-31;1
9450;704;11;2025-04-13;0
9451;2972;29;2025-02-07;1
9452;326;4;2025-01-16;1
9453;441;5;2025-04-02;0
9454;1949;6;2025-02-26;0
9455;2185;23;2025-04-26;0
9456;2613;8;2025-02-09;0
9457;433;24;2025-04-19;0
9458;1710;11;2025-04-03;0
9459;979;15;2025-02-13;0
9460;572;2;2025-01-02;1
9461;1206;16;2025-03-11;0
9462;2275;1;2025-04-14;1
9463;1571;6;2025-02-18;1
9464;1846;4;2025-02-18;0
9465;638;30;2025-02-15;0
9466;2475;20;2025-02-18;1
9467;2440;24;2025-02-12;0
9468;715;21;2025-01-27;1
9469;1721;27;2025-04-09;0
9470;3112;16;2025-02-12;0
9471;2672;24;2025-01-27;0
9472;869;19;2025-03-12;0
9473;1012;10;2025-01-11;1
9474;3033;3;2025-01-15;0
9475;779;1;2025-03-22;1
9476;2491;3;2025-01-13;0
9477;689;27;2025-04-22;0
9478;1922;3;2025-02-14;0
9479;1941;4;2025-04-03;0
9480;1954;5;2025-04-16;0
9481;1040;10;2025-03-16;0
9482;429;16;2025-01-04;0
9483;1833;15;2025-02-19;0
9484;1895;17;2025-03-19;0
9485;2747;13;2025-02-07;1
9486;2967;15;2025-02-12;0
9487;2765;27;2025-01-06;0
9488;499;26;2025-01-13;1
9489;1199;17;2025-03-16;1
9490;1091;22;2025-02-25;1
9491;1788;15;2025-02-10;0
9492;1611;21;2025-04-05;0
9493;2997;15;2025-01-12;0
9494;1536;21;2025-04-12;1
9495;2506;15;2025-02-09;0
9496;1754;24;2025-01-02;1
9497;878;3;2025-01-30;1
9498;1524;29;2025-04-06;0
9499;180;16;2025-04-13;1
9500;480;19;2025-03-28;1
9501;771;21;2025-01-14;0
9502;3054;17;2025-04-25;0
9503;16;24;2025-04-15;0
9504;487;19;2025-03-04;0
9505;3119;21;2025-04-18;1
9506;273;7;2025-01-13;0
9507;781;11;2025-04-05;1
9508;1915;18;2025-02-01;0
9509;328;30;2025-03-16;1
9510;28;15;2025-01-24;0
9511;79;29;2025-01-13;1
9512;2008;25;2025-04-15;1
9513;754;25;2025-02-08;1
9514;2763;26;2025-04-14;0
9515;2024;10;2025-02-14;1
9516;3117;16;2025-04-25;1
9517;636;1;2025-04-19;1
9518;3037;15;2025-04-05;0
9519;420;18;2025-04-03;0
9520;1076;24;2025-02-02;0
9521;683;29;2025-02-28;0
9522;2715;2;2025-03-28;1
9523;537;16;2025-01-30;1
9524;798;26;2025-03-30;1
9525;2281;8;2025-02-14;1
9526;2218;2;2025-04-05;1
9527;404;13;2025-01-30;0
9528;405;1;2025-04-06;1
9529;2130;9;2025-04-01;0
9530;1987;30;2025-01-03;1
9531;570;26;2025-02-03;1
9532;1200;16;2025-04-25;1
9533;706;29;2025-02-21;1
9534;2286;11;2025-04-21;1
9535;3047;12;2025-01-02;0
9536;2878;5;2025-02-24;0
9537;1444;14;2025-04-27;1
9538;369;2;2025-02-01;1
9539;2551;21;2025-03-15;0
9540;1757;22;2025-01-17;1
9541;1901;11;2025-04-15;1
9542;2973;11;2025-03-02;0
9543;73;13;2025-02-22;1
9544;1697;10;2025-01-11;0
9545;209;30;2025-04-15;1
9546;565;9;2025-01-18;0
9547;1942;4;2025-02-17;0
9548;2111;20;2025-02-25;0
9549;553;11;2025-04-13;0
9550;13;1;2025-03-26;1
9551;476;30;2025-02-17;0
9552;1990;21;2025-04-01;1
9553;1818;11;2025-02-13;1
9554;48;19;2025-01-11;0
9555;1447;8;2025-01-14;0
9556;2245;25;2025-02-05;1
9557;2852;22;2025-04-01;0
9558;2130;12;2025-01-02;1
9559;2901;4;2025-02-08;1
9560;412;19;2025-04-20;0
9561;583;27;2025-04-18;0
9562;1963;16;2025-01-04;1
9563;1400;8;2025-04-08;1
9564;1965;19;2025-02-14;0
9565;109;13;2025-04-14;1
9566;1944;16;2025-03-13;1
9567;520;19;2025-03-14;1
9568;1300;10;2025-04-08;1
9569;1302;6;2025-01-15;1
9570;2107;15;2025-01-11;0
9571;361;1;2025-03-28;0
9572;2918;30;2025-02-23;0
9573;2529;2;2025-02-20;1
9574;78;5;2025-01-07;0
9575;1961;30;2025-04-19;1
9576;606;15;2025-02-17;0
9577;2541;9;2025-03-02;0
9578;1382;11;2025-02-05;1
9579;1099;29;2025-04-18;0
9580;682;26;2025-03-15;1
9581;144;3;2025-03-30;1
9582;58;26;2025-01-05;0
9583;2051;13;2025-02-25;1
9584;1795;1;2025-03-03;1
9585;1132;20;2025-03-30;0
9586;1188;20;2025-01-21;0
9587;2462;26;2025-03-19;1
9588;3011;7;2025-03-25;1
9589;2868;26;2025-01-12;0
9590;947;13;2025-01-19;1
9591;252;30;2025-03-17;0
9592;3077;9;2025-02-24;1
9593;2759;22;2025-03-08;1
9594;25;14;2025-02-07;0
9595;2046;9;2025-03-10;0
9596;1649;15;2025-02-24;0
9597;1136;21;2025-02-07;1
9598;2992;9;2025-02-06;1
9599;190;25;2025-02-19;0
9600;1204;4;2025-03-21;0
9601;1343;15;2025-02-13;0
9602;2181;25;2025-01-10;0
9603;184;28;2025-01-17;1
9604;2626;3;2025-03-13;0
9605;1993;15;2025-04-10;0
9606;2348;23;2025-02-01;0
9607;896;1;2025-03-29;1
9608;2909;21;2025-04-12;1
9609;1397;21;2025-04-26;0
9610;1614;28;2025-03-08;1
9611;1231;24;2025-03-19;1
9612;99;14;2025-04-04;0
9613;2434;12;2025-02-20;0
9614;2773;10;2025-03-15;0
9615;2740;15;2025-03-02;0
9616;2767;22;2025-02-25;0
9617;1839;6;2025-02-07;1
9618;1404;28;2025-03-21;0
9619;1058;9;2025-02-03;1
9620;480;25;2025-03-28;1
9621;2739;9;2025-01-06;1
9622;1695;21;2025-01-08;0
9623;1680;7;2025-01-09;1
9624;1738;26;2025-04-04;0
9625;935;11;2025-03-04;0
9626;826;22;2025-03-29;1
9627;435;25;2025-01-27;0
9628;2290;27;2025-03-24;0
9629;620;30;2025-03-14;0
9630;1152;10;2025-01-03;1
9631;1519;12;2025-02-09;1
9632;1008;23;2025-03-26;0
9633;2309;16;2025-04-25;1
9634;2347;28;2025-01-29;0
9635;2339;28;2025-03-05;1
9636;2236;24;2025-03-08;0
9637;1972;8;2025-01-16;0
9638;2456;28;2025-03-05;0
9639;1920;1;2025-01-21;0
9640;1913;23;2025-01-18;0
9641;1637;9;2025-03-22;0
9642;1910;26;2025-02-22;1
9643;2993;7;2025-01-17;1
9644;7;16;2025-02-25;0
9645;881;24;2025-04-23;1
9646;2980;19;2025-02-10;1
9647;549;16;2025-01-18;0
9648;1339;8;2025-03-28;1
9649;2778;5;2025-01-28;0
9650;1268;25;2025-01-02;1
9651;563;5;2025-03-15;0
9652;1442;29;2025-02-18;1
9653;281;3;2025-04-24;0
9654;337;23;2025-02-17;0
9655;447;4;2025-02-01;0
9656;2086;28;2025-03-07;1
9657;920;9;2025-03-04;0
9658;1375;1;2025-01-24;0
9659;2002;26;2025-03-27;0
9660;1773;2;2025-04-16;1
9661;1230;17;2025-04-14;1
9662;3005;26;2025-01-02;1
9663;952;21;2025-03-04;0
9664;2420;17;2025-03-20;1
9665;1325;18;2025-03-17;0
9666;1731;26;2025-04-24;1
9667;1075;17;2025-01-23;1
9668;163;23;2025-03-25;1
9669;407;20;2025-01-24;1
9670;1321;6;2025-03-12;0
9671;207;12;2025-04-13;1
9672;761;9;2025-03-17;0
9673;2467;2;2025-01-16;1
9674;476;11;2025-02-01;1
9675;1926;26;2025-03-15;0
9676;601;11;2025-03-24;0
9677;1874;5;2025-02-22;0
9678;2956;20;2025-04-11;1
9679;1595;25;2025-03-26;1
9680;1963;12;2025-03-18;1
9681;2926;23;2025-03-27;0
9682;1163;19;2025-03-31;0
9683;1024;7;2025-01-21;0
9684;379;23;2025-03-04;0
9685;710;21;2025-02-22;1
9686;2625;29;2025-03-21;1
9687;2092;14;2025-02-23;0
9688;1373;21;2025-02-18;1
9689;3057;28;2025-02-26;1
9690;2920;10;2025-02-07;1
9691;563;10;2025-01-17;0
9692;771;15;2025-03-19;0
9693;3067;7;2025-01-13;0
9694;1346;19;2025-04-27;1
9695;914;16;2025-01-27;0
9696;1931;13;2025-01-25;0
9697;214;16;2025-01-20;1
9698;1654;18;2025-04-16;1
9699;934;7;2025-02-26;0
9700;667;30;2025-01-06;0
9701;1480;27;2025-04-22;1
9702;1862;28;2025-02-28;0
9703;252;12;2025-04-21;0
9704;2382;11;2025-01-07;0
9705;2932;21;2025-04-12;0
9706;1859;16;2025-04-13;1
9707;492;17;2025-04-08;0
9708;103;19;2025-03-11;0
9709;3087;9;2025-01-17;1
9710;741;26;2025-03-11;1
9711;62;27;2025-01-04;1
9712;761;13;2025-01-29;0
9713;1824;13;2025-03-12;0
9714;1174;4;2025-03-18;1
9715;2933;8;2025-01-13;0
9716;2391;12;2025-03-05;0
9717;1014;23;2025-02-05;1
9718;964;23;2025-02-21;0
9719;1499;8;2025-03-04;0
9720;1600;23;2025-01-15;0
9721;1453;18;2025-03-01;0
9722;639;22;2025-03-10;0
9723;1208;1;2025-01-14;0
9724;356;13;2025-03-15;1
9725;1918;25;2025-01-11;1
9726;1210;15;2025-02-26;0
9727;1365;26;2025-01-21;0
9728;2362;12;2025-03-14;0
9729;1131;1;2025-03-16;0
9730;1683;25;2025-01-13;0
9731;1150;22;2025-01-01;1
9732;2710;15;2025-01-30;1
9733;967;19;2025-01-06;1
9734;2413;5;2025-04-05;0
9735;1359;17;2025-04-08;0
9736;1593;7;2025-01-22;0
9737;2847;9;2025-03-19;0
9738;2464;22;2025-03-15;1
9739;3025;7;2025-02-26;0
9740;1649;16;2025-02-27;1
9741;1298;6;2025-04-07;1
9742;815;6;2025-02-25;1
9743;230;17;2025-02-05;1
9744;1521;28;2025-03-16;1
9745;2139;1;2025-01-01;1
9746;2606;12;2025-02-13;1
9747;1036;27;2025-03-12;0
9748;447;26;2025-01-14;1
9749;566;26;2025-03-30;1
9750;2887;26;2025-03-09;1
9751;1687;17;2025-02-20;0
9752;1636;26;2025-01-26;1
9753;1096;6;2025-04-13;1
9754;755;5;2025-03-02;1
9755;1078;13;2025-01-07;1
9756;1716;20;2025-02-17;0
9757;722;28;2025-01-13;1
9758;78;10;2025-01-25;1
9759;2172;11;2025-01-13;1
9760;1948;25;2025-02-05;0
9761;1260;23;2025-03-02;1
9762;808;8;2025-01-15;1
9763;2050;14;2025-02-12;1
9764;760;7;2025-02-03;1
9765;2158;19;2025-03-10;1
9766;438;6;2025-01-02;1
9767;716;15;2025-01-02;1
9768;2091;7;2025-03-10;0
9769;200;9;2025-01-31;0
9770;310;14;2025-01-07;0
9771;1496;22;2025-01-09;1
9772;1381;28;2025-04-17;1
9773;2180;8;2025-03-04;1
9774;10;22;2025-02-16;1
9775;870;22;2025-04-24;0
9776;2551;26;2025-03-29;1
9777;473;16;2025-04-14;1
9778;2654;22;2025-03-13;0
9779;1569;7;2025-03-05;1
9780;3041;29;2025-01-10;0
9781;700;7;2025-02-22;0
9782;552;18;2025-03-05;0
9783;3093;12;2025-04-06;1
9784;255;22;2025-03-13;0
9785;2184;6;2025-01-28;1
9786;1212;5;2025-04-18;0
9787;2315;16;2025-01-13;0
9788;1067;1;2025-02-13;1
9789;2675;24;2025-03-23;1
9790;1745;13;2025-03-27;0
9791;2487;30;2025-04-06;0
9792;116;18;2025-01-16;1
9793;1244;8;2025-04-12;1
9794;2153;22;2025-03-22;1
9795;1432;14;2025-03-15;0
9796;1811;6;2025-01-18;1
9797;103;23;2025-02-26;1
9798;1750;29;2025-03-30;1
9799;944;1;2025-01-01;0
9800;843;14;2025-02-10;1
9801;517;9;2025-01-04;1
9802;2815;2;2025-01-16;0
9803;806;9;2025-02-21;0
9804;136;30;2025-02-20;0
9805;1913;21;2025-01-05;1
9806;769;24;2025-01-02;1
9807;2070;23;2025-03-19;0
9808;2597;20;2025-02-02;1
9809;675;19;2025-02-15;1
9810;702;14;2025-02-04;1
9811;1153;19;2025-01-25;0
9812;2105;14;2025-03-09;1
9813;2421;20;2025-03-10;0
9814;2555;15;2025-03-12;1
9815;1776;15;2025-02-26;1
9816;2595;4;2025-04-19;1
9817;2396;10;2025-01-29;1
9818;3081;30;2025-04-16;1
9819;285;30;2025-03-30;1
9820;2875;4;2025-04-22;1
9821;1330;3;2025-03-22;1
9822;2495;17;2025-02-18;1
9823;3012;10;2025-01-16;0
9824;2713;18;2025-04-05;0
9825;984;4;2025-04-14;1
9826;239;16;2025-01-28;0
9827;1443;30;2025-01-27;1
9828;55;9;2025-04-07;0
9829;1138;16;2025-04-13;0
9830;1595;14;2025-04-02;1
9831;1813;21;2025-03-25;0
9832;2511;30;2025-04-10;1
9833;644;5;2025-04-19;1
9834;2459;28;2025-01-19;1
9835;1178;29;2025-02-17;1
9836;2819;2;2025-03-11;1
9837;2819;5;2025-02-24;1
9838;2098;23;2025-02-11;1
9839;2078;24;2025-04-17;1
9840;899;17;2025-03-11;1
9841;1906;13;2025-02-21;1
9842;2398;11;2025-02-26;1
9843;1359;5;2025-03-22;1
9844;1942;11;2025-04-24;0
9845;1403;7;2025-02-13;1
9846;1969;16;2025-03-22;1
9847;522;7;2025-03-29;0
9848;1062;16;2025-01-09;0
9849;653;29;2025-02-27;0
9850;2628;27;2025-01-09;1
9851;1769;21;2025-04-19;0
9852;1013;3;2025-01-13;1
9853;161;13;2025-02-23;1
9854;1683;14;2025-04-10;1
9855;48;22;2025-04-18;1
9856;914;3;2025-01-21;1
9857;1841;18;2025-01-02;0
9858;526;14;2025-01-06;0
9859;2170;29;2025-01-22;0
9860;2089;21;2025-01-17;1
9861;2013;6;2025-04-19;0
9862;1477;7;2025-04-22;1
9863;19;29;2025-03-13;0
9864;811;16;2025-04-25;0
9865;3048;25;2025-01-15;1
9866;1214;9;2025-04-26;1
9867;2489;9;2025-01-30;1
9868;1703;22;2025-03-31;1
9869;1765;16;2025-03-23;0
9870;857;11;2025-04-24;1
9871;2277;13;2025-03-01;0
9872;3035;20;2025-04-06;0
9873;3015;16;2025-04-26;0
9874;2460;23;2025-01-09;1
9875;819;6;2025-01-14;0
9876;1102;15;2025-02-09;0
9877;1447;2;2025-02-05;1
9878;758;7;2025-03-05;1
9879;1714;19;2025-02-18;0
9880;422;6;2025-04-03;0
9881;2344;21;2025-02-22;1
9882;1564;14;2025-03-05;1
9883;788;18;2025-02-22;1
9884;544;21;2025-02-25;0
9885;782;2;2025-03-24;0
9886;2769;29;2025-04-27;0
9887;2858;25;2025-04-03;1
9888;2529;9;2025-04-06;0
9889;1125;11;2025-02-17;1
9890;715;6;2025-01-04;1
9891;843;1;2025-01-17;0
9892;1558;19;2025-02-25;0
9893;176;14;2025-04-06;1
9894;1466;15;2025-02-12;1
9895;1187;27;2025-01-31;0
9896;2816;22;2025-04-23;1
9897;1640;27;2025-04-25;1
9898;1941;28;2025-03-30;1
9899;1545;20;2025-02-13;1
9900;2254;7;2025-02-09;1
9901;685;18;2025-02-08;1
9902;346;20;2025-04-21;1
9903;2810;16;2025-01-19;1
9904;2363;8;2025-03-12;1
9905;2552;19;2025-02-21;1
9906;1776;11;2025-01-25;0
9907;1390;7;2025-04-01;0
9908;1649;29;2025-04-16;1
9909;503;1;2025-01-02;1
9910;63;20;2025-04-11;1
9911;3046;15;2025-04-06;0
9912;76;10;2025-01-23;1
9913;664;23;2025-03-27;0
9914;2948;23;2025-03-15;1
9915;1259;11;2025-02-22;1
9916;65;21;2025-03-26;1
9917;1095;6;2025-03-21;1
9918;31;3;2025-03-24;0
9919;1899;5;2025-03-26;1
9920;2106;23;2025-04-23;1
9921;1691;2;2025-02-21;0
9922;2868;8;2025-01-02;0
9923;1970;14;2025-02-08;0
9924;240;5;2025-03-21;1
9925;774;16;2025-03-31;1
9926;1912;9;2025-03-18;1
9927;792;16;2025-04-19;0
9928;1140;15;2025-01-29;1
9929;17;1;2025-01-01;1
9930;1052;9;2025-04-27;1
9931;427;14;2025-03-13;1
9932;3021;18;2025-01-03;0
9933;1839;23;2025-03-02;0
9934;976;20;2025-02-24;1
9935;2665;27;2025-01-21;0
9936;1542;11;2025-02-28;1
9937;825;24;2025-04-13;0
9938;1910;4;2025-01-02;0
9939;1914;16;2025-04-10;1
9940;1793;3;2025-03-29;1
9941;340;11;2025-04-12;1
9942;2358;14;2025-02-06;0
9943;371;12;2025-03-15;1
9944;2274;8;2025-01-27;0
9945;385;2;2025-02-07;0
9946;2003;11;2025-03-18;0
9947;797;5;2025-04-13;0
9948;768;26;2025-04-25;1
9949;130;10;2025-04-09;1
9950;1201;14;2025-02-20;1
9951;2186;14;2025-03-15;1
9952;1031;19;2025-04-27;1
9953;2803;2;2025-04-25;0
9954;1304;9;2025-04-06;0
9955;2965;24;2025-02-10;0
9956;1602;3;2025-03-27;1
9957;2068;24;2025-03-09;0
9958;2278;9;2025-01-08;1
9959;1487;4;2025-01-02;1
9960;740;11;2025-01-19;1
9961;269;19;2025-01-09;0
9962;1752;25;2025-04-12;1
9963;1686;25;2025-03-16;0
9964;466;26;2025-01-05;1
9965;313;4;2025-03-31;1
9966;2191;20;2025-01-26;0
9967;995;29;2025-01-27;1
9968;2476;26;2025-01-23;1
9969;2998;20;2025-04-19;1
9970;96;20;2025-02-23;0
9971;2368;13;2025-04-07;1
9972;2687;7;2025-01-27;1
9973;2809;13;2025-04-15;0
9974;2005;29;2025-02-22;0
9975;1130;6;2025-03-13;0
9976;1160;2;2025-02-11;0
9977;229;25;2025-03-12;1
9978;305;11;2025-01-26;0
9979;2932;30;2025-03-13;0
9980;1782;19;2025-03-11;0
9981;1252;20;2025-03-15;0
9982;1606;29;2025-03-29;1
9983;1896;25;2025-01-06;1
9984;1330;17;2025-03-15;1
9985;612;16;2025-01-14;0
9986;2160;15;2025-03-08;1
9987;2350;3;2025-01-09;0
9988;398;9;2025-02-05;0
9989;2071;26;2025-01-15;0
9990;284;17;2025-04-17;1
9991;2903;20;2025-04-04;0
9992;2092;3;2025-01-20;1
9993;290;7;2025-03-26;1
9994;891;3;2025-04-25;1
9995;1454;6;2025-02-13;1
9996;617;1;2025-04-23;0
9997;1307;11;2025-04-07;1
9998;2147;1;2025-03-30;0
9999;758;5;2025-04-04;0
10000;412;8;2025-02-07;1
